TransactionID,CustomerID,ProductID,ScarcityMessage,CountdownTimer,RecommendedLabel,InfluencerCampaign,FreeShipping,TrendingBadge,Purchased,Quantity,FinalAmount,DecisionTimeMinutes
1,134,102,False,False,True,True,True,True,1,1,10565.9,22.49
2,1161,66,True,False,False,True,True,False,1,4,11775.6,8.64
3,982,157,False,True,False,True,True,True,0,0,0.0,13.07
4,659,199,True,False,True,False,False,False,0,0,0.0,15.29
5,650,79,True,False,False,False,False,False,0,0,0.0,23.14
6,1288,231,False,False,False,True,True,False,0,0,0.0,17.2
7,129,192,False,True,True,False,True,False,1,2,31242.6,7.53
8,1047,50,False,False,False,False,False,True,0,0,0.0,12.75
9,303,282,True,False,True,True,False,False,1,1,23006.6,7.06
10,142,14,True,False,False,True,False,False,0,0,0.0,16.88
11,790,197,True,False,False,False,False,False,1,1,2039.9,9.83
12,1464,132,True,True,False,False,False,True,0,0,0.0,22.59
13,1104,197,True,False,False,False,False,False,1,2,4079.8,6.05
14,1142,233,False,False,True,False,True,True,0,0,0.0,16.17
15,1077,207,True,False,False,False,True,True,1,1,20544.7,8.05
16,1180,196,True,True,True,False,True,True,1,1,25537.2,14.11
17,770,253,False,False,False,True,False,False,0,0,0.0,7.76
18,193,211,True,False,True,True,False,False,1,1,19174.6,9.73
19,1260,245,False,False,False,True,True,True,1,1,33363.0,16.24
20,676,121,False,True,False,True,False,True,1,1,24879.8,10.58
21,751,61,False,False,False,True,False,True,0,0,0.0,7.72
22,557,71,True,False,True,False,True,False,0,0,0.0,20.08
23,274,184,True,True,True,True,False,True,1,1,21312.0,14.93
24,1391,160,False,True,True,False,True,False,1,2,36936.0,7.65
25,1173,24,False,False,False,False,True,False,0,0,0.0,14.16
26,966,62,True,True,True,True,True,True,1,2,31115.0,2.88
27,604,291,False,False,True,True,False,False,0,0,0.0,18.62
28,1235,218,False,False,False,False,True,True,1,2,5319.3,20.34
29,819,227,True,True,False,True,False,True,1,2,78601.6,6.86
30,666,60,True,True,True,True,True,False,1,3,74774.7,9.6
31,676,20,False,False,False,False,True,False,1,1,12977.0,19.02
32,341,88,True,True,False,False,False,True,1,3,60187.2,10.06
33,139,258,False,True,False,True,False,False,0,0,0.0,18.48
34,832,152,True,True,False,False,True,False,1,1,22520.7,1.47
35,1332,236,True,False,True,True,False,False,1,2,62038.4,12.01
36,96,147,False,False,True,True,False,False,1,1,36848.2,16.8
37,1288,148,False,True,False,False,False,False,0,0,0.0,22.77
38,1242,181,True,False,True,True,True,False,0,0,0.0,30.65
39,416,288,False,True,False,False,True,False,1,4,135132.8,1.0
40,948,132,True,True,True,True,True,False,1,1,30580.8,5.99
41,248,179,False,True,True,False,False,False,1,1,13835.75,7.16
42,1138,276,False,True,False,False,False,False,1,3,2981.4,17.22
43,1051,112,False,True,True,False,False,False,0,0,0.0,33.25
44,532,252,False,False,False,False,False,True,0,0,0.0,6.81
45,102,161,True,False,True,False,False,True,1,2,57077.2,3.42
46,1457,264,False,False,False,True,False,True,0,0,0.0,19.16
47,669,141,True,False,False,True,False,False,1,1,26051.3,9.8
48,1340,189,False,False,False,False,False,False,1,1,37414.6,19.54
49,1017,97,False,False,True,False,False,True,1,1,29994.2,18.01
50,1168,191,False,False,True,False,True,True,1,1,23485.5,16.91
51,1140,98,False,True,True,False,True,True,1,1,17861.05,7.59
52,292,183,False,False,True,False,True,False,1,3,137686.35,18.46
53,546,237,False,True,False,True,False,False,1,2,79541.1,5.65
54,701,131,True,False,False,False,True,False,1,1,6162.1,7.01
55,747,129,False,False,False,True,True,False,0,0,0.0,16.53
56,66,97,True,False,False,False,True,False,1,1,29989.2,4.23
57,820,220,True,True,True,True,True,False,1,2,53684.4,8.32
58,232,178,True,False,True,True,False,False,1,3,126420.0,10.99
59,1116,155,False,True,False,True,True,False,1,4,124531.2,2.51
60,1025,8,False,False,False,False,True,False,0,0,0.0,14.18
61,1384,34,True,True,True,False,False,False,1,1,22843.9,9.71
62,1118,3,True,False,False,False,True,False,0,0,0.0,19.34
63,550,256,True,False,False,False,False,False,1,3,129578.85,6.63
64,1452,256,True,False,False,True,False,False,1,2,86385.9,6.76
65,617,21,False,True,True,False,False,False,0,0,0.0,20.08
66,489,14,False,True,False,True,False,False,0,0,0.0,20.21
67,1359,235,False,False,True,False,True,False,0,0,0.0,13.7
68,556,158,True,False,False,True,False,False,1,2,4325.2,6.61
69,115,93,True,False,True,False,False,False,1,2,52547.6,7.32
70,705,185,False,False,False,False,True,True,0,0,0.0,17.05
71,1194,71,False,False,True,False,False,False,1,4,156919.2,16.1
72,285,60,False,False,True,False,True,True,1,2,49849.8,17.47
73,695,111,False,False,False,False,False,False,1,2,33190.6,16.79
74,195,269,False,False,True,True,False,True,1,1,2213.6,19.94
75,1030,231,True,False,False,False,True,False,0,0,0.0,17.12
76,714,58,False,False,True,True,False,False,1,4,117286.0,13.44
77,496,169,False,False,True,False,False,False,1,1,13230.0,22.15
78,341,266,False,False,False,False,True,False,0,0,0.0,13.65
79,847,286,True,False,True,False,True,True,1,4,153649.2,8.53
80,1005,229,False,False,True,False,False,False,1,2,10390.6,27.18
81,1411,39,True,True,True,True,True,False,1,1,30738.4,10.48
82,656,73,False,False,False,True,True,False,0,0,0.0,10.97
83,242,66,False,False,False,False,False,False,0,0,0.0,11.04
84,1250,46,True,False,True,False,False,False,0,0,0.0,23.35
85,945,53,True,True,False,True,False,False,1,3,102666.3,9.84
86,1051,95,False,False,True,False,True,False,1,1,2169.0,18.96
87,146,167,True,False,True,True,True,True,0,0,0.0,30.31
88,469,120,False,False,False,False,False,True,0,0,0.0,23.64
89,1152,127,True,False,True,False,False,True,0,0,0.0,21.07
90,1249,74,True,False,False,False,True,False,1,2,9466.8,6.99
91,653,46,True,True,False,True,False,False,0,0,0.0,26.08
92,1208,300,False,False,True,False,True,False,0,0,0.0,16.49
93,1263,180,True,False,False,False,True,True,1,4,54904.8,5.81
94,582,69,True,False,True,False,True,False,1,2,34874.5,8.54
95,1348,243,True,False,False,False,True,True,1,1,36342.0,2.82
96,433,250,False,False,True,False,True,True,0,0,0.0,8.53
97,360,291,True,True,False,True,False,False,1,4,109859.0,4.3
98,1024,48,True,False,True,False,True,False,1,2,31378.8,1.0
99,956,192,False,True,True,False,True,True,1,1,15621.3,6.51
100,210,295,False,False,False,False,True,False,1,1,23308.0,23.09
101,1250,243,True,True,True,False,True,False,1,1,36342.0,8.24
102,300,68,True,False,True,False,False,True,0,0,0.0,21.23
103,1208,268,False,False,False,False,False,True,0,0,0.0,19.32
104,12,127,False,False,True,False,True,True,1,2,63364.1,22.02
105,1196,147,True,False,False,False,True,False,1,1,36843.2,12.34
106,1181,168,False,True,True,True,False,True,1,4,80173.4,12.22
107,1171,232,False,True,False,False,True,True,1,3,102089.25,15.09
108,998,37,False,False,False,False,True,False,1,4,159926.4,21.28
109,708,162,True,False,True,True,True,False,1,1,29368.8,11.32
110,1058,246,False,False,False,False,False,False,0,0,0.0,19.78
111,416,165,False,False,True,False,False,False,0,0,0.0,11.57
112,1172,83,True,False,False,False,True,True,1,2,1953.6,7.71
113,834,17,True,True,False,False,True,False,1,3,33471.0,10.76
114,689,165,False,False,False,False,False,False,0,0,0.0,22.59
115,759,212,True,False,True,False,False,False,0,0,0.0,17.2
116,854,165,False,False,True,True,False,False,1,2,84149.2,20.72
117,56,294,False,False,True,False,False,False,1,1,15020.0,16.29
118,210,181,True,False,True,False,False,True,1,1,22568.0,7.51
119,369,153,False,True,True,False,True,False,1,1,8000.4,15.19
120,172,17,False,True,False,False,True,False,1,1,11157.0,10.65
121,660,168,True,False,False,False,True,False,1,4,80153.4,1.0
122,1003,51,False,False,False,False,True,False,1,2,45542.0,22.21
123,982,218,True,False,True,False,False,False,1,2,5329.3,10.68
124,707,49,True,False,True,False,True,True,0,0,0.0,19.55
125,1283,273,False,False,False,False,False,False,0,0,0.0,20.11
126,848,91,False,True,False,False,False,False,0,0,0.0,22.36
127,119,131,True,True,False,False,True,False,1,1,6162.1,5.78
128,1148,44,True,False,False,True,True,True,1,1,38706.45,8.62
129,862,64,True,False,True,False,True,False,1,2,5728.0,12.23
130,953,277,True,False,True,False,False,False,1,4,80052.0,12.24
131,849,86,True,False,False,False,False,False,1,4,37726.4,7.07
132,831,154,True,True,False,True,False,True,1,1,29731.2,13.94
133,136,295,True,False,False,False,True,False,1,3,69924.0,17.59
134,839,188,True,False,True,False,False,False,1,2,41706.0,3.44
135,1193,13,True,False,False,False,False,True,0,0,0.0,25.6
136,456,108,True,True,True,False,True,True,1,1,23231.2,6.56
137,905,117,False,False,False,False,True,True,1,4,24847.2,16.33
138,47,83,True,True,False,True,True,True,1,2,1953.6,8.56
139,522,73,True,False,True,True,False,False,1,1,1825.0,7.19
140,656,151,True,False,True,False,False,False,1,1,12338.5,1.0
141,1475,114,False,True,False,False,False,False,0,0,0.0,28.1
142,322,89,False,False,False,True,True,False,0,0,0.0,18.16
143,415,124,True,False,False,True,True,False,1,4,59180.8,4.87
144,613,104,False,False,False,True,True,True,1,4,8565.2,29.1
145,1489,69,False,True,True,True,False,False,0,0,0.0,22.37
146,1281,136,False,False,True,True,True,True,1,3,20341.8,20.2
147,53,283,False,False,True,False,True,False,1,1,25939.45,19.05
148,351,152,False,False,False,True,False,True,0,0,0.0,23.3
149,1233,180,False,False,False,False,True,False,1,1,13726.2,19.95
150,88,296,False,False,True,True,True,True,1,2,37286.0,22.57
151,1284,185,True,True,True,True,True,True,1,2,2012.8,7.07
152,423,67,False,False,False,True,True,True,1,2,40512.0,18.18
153,1377,120,True,True,True,False,True,True,1,2,42168.6,7.34
154,441,147,True,False,True,True,False,False,1,2,73696.4,11.43
155,652,143,False,False,True,True,False,True,1,4,62813.0,23.13
156,993,45,False,False,False,False,False,False,0,0,0.0,9.71
157,190,32,False,False,False,False,True,False,1,1,31737.6,21.09
158,836,105,False,False,True,True,True,True,1,1,7012.8,23.05
159,758,275,True,True,True,False,False,True,1,1,14792.75,5.93
160,1176,216,False,False,False,False,True,False,1,2,59824.5,21.23
161,1495,253,True,False,False,True,False,True,1,1,12329.2,3.08
162,997,53,False,False,True,False,False,True,1,1,34222.1,18.51
163,614,125,True,False,True,False,False,True,1,4,124189.6,11.66
164,610,175,False,True,False,False,True,False,0,0,0.0,25.93
165,627,131,True,False,True,False,True,True,1,3,18486.3,10.08
166,1222,126,False,True,False,True,True,False,1,3,86996.7,9.57
167,482,108,False,True,True,True,True,False,1,1,23231.2,2.73
168,251,16,False,False,False,True,False,False,0,0,0.0,14.22
169,502,258,True,False,True,False,True,False,1,1,6255.9,4.37
170,35,280,False,False,False,False,False,False,0,0,0.0,12.87
171,160,25,False,True,False,True,True,False,0,0,0.0,20.78
172,136,125,True,False,True,True,False,False,1,1,31047.4,11.28
173,1158,156,True,True,False,False,True,True,1,3,15000.75,9.32
174,1084,236,True,False,True,False,False,False,0,0,0.0,6.87
175,1046,297,True,False,True,True,True,False,1,1,9903.2,5.62
176,693,125,True,False,True,False,False,False,1,1,31047.4,8.24
177,1076,225,True,True,True,True,True,True,1,3,41727.6,16.74
178,242,282,False,False,False,False,True,False,1,3,69004.8,24.9
179,1351,250,False,True,False,True,True,True,1,2,78053.4,1.94
180,752,88,True,True,False,False,True,False,1,4,80229.6,1.0
181,1408,246,False,True,True,True,False,True,1,2,9467.1,1.0
182,229,124,False,True,True,False,False,False,1,2,29600.4,9.32
183,746,6,True,False,True,False,False,True,1,2,4594.0,8.9
184,1045,228,False,False,True,True,False,True,1,2,18851.6,18.33
185,744,251,False,False,False,True,True,False,0,0,0.0,18.97
186,670,104,False,True,True,False,True,False,1,2,4282.6,3.53
187,250,136,False,False,True,False,False,False,0,0,0.0,11.9
188,572,110,True,True,True,False,True,False,1,3,101112.3,9.59
189,359,36,False,True,False,False,True,True,1,2,11604.2,9.82
190,453,299,False,False,False,True,True,False,0,0,0.0,13.39
191,1026,7,True,True,True,False,True,False,1,2,1123.2,5.96
192,946,167,True,False,False,True,False,True,1,1,2508.8,1.43
193,911,5,True,True,False,False,True,True,1,1,5770.65,9.48
194,543,207,False,False,True,True,True,True,1,2,41089.4,16.2
195,1440,271,True,False,False,False,True,True,0,0,0.0,18.92
196,132,194,False,False,False,True,True,False,1,1,16945.15,15.24
197,514,182,False,False,False,True,True,False,0,0,0.0,19.57
198,178,249,False,True,True,False,True,False,1,3,14816.25,4.23
199,509,293,True,False,True,False,True,False,1,1,34715.7,8.9
200,1443,259,True,False,False,False,False,False,1,1,760.4,7.54
201,550,70,False,False,True,True,True,False,1,3,91232.4,21.41
202,1363,169,False,False,False,False,False,True,1,1,13230.0,26.31
203,743,246,False,True,False,True,True,True,1,4,18914.2,5.94
204,1050,89,False,False,True,False,True,False,1,3,18227.7,22.03
205,687,203,False,True,True,False,False,True,1,2,4874.0,11.53
206,399,7,False,True,False,False,False,True,1,1,566.6,4.01
207,1147,264,True,True,True,False,False,False,1,2,14082.4,8.07
208,1454,185,False,True,False,False,False,False,1,4,4045.6,3.6
209,396,223,False,False,False,True,True,False,1,1,6759.0,21.12
210,1169,248,False,False,True,False,False,False,0,0,0.0,8.12
211,392,66,True,True,False,False,True,True,1,1,2943.9,5.99
212,1076,136,True,False,False,True,True,True,1,2,13561.2,7.61
213,1184,258,True,True,True,True,True,False,1,1,6255.9,9.23
214,675,50,False,False,False,True,False,True,1,1,10855.4,25.14
215,1106,247,False,False,True,False,False,False,0,0,0.0,16.88
216,409,87,True,False,True,False,False,False,0,0,0.0,31.41
217,119,173,False,True,False,False,True,False,0,0,0.0,28.08
218,145,153,False,False,True,True,True,False,1,1,8000.4,19.17
219,671,206,False,False,True,False,True,True,1,1,26212.9,17.56
220,1354,252,False,False,True,False,False,False,0,0,0.0,15.55
221,192,105,False,False,False,False,True,False,0,0,0.0,16.02
222,684,52,True,True,True,True,True,False,1,1,20885.2,15.01
223,1057,127,True,False,False,False,False,False,0,0,0.0,27.2
224,304,184,True,False,True,False,True,True,1,1,21307.0,11.9
225,1083,226,True,False,True,False,True,True,1,2,13602.0,5.98
226,459,227,False,False,False,True,True,False,1,1,39295.8,20.42
227,1213,102,False,True,False,False,True,True,1,3,31697.7,8.33
228,869,281,True,False,True,False,True,True,1,2,86634.0,1.0
229,821,25,False,False,False,False,False,False,0,0,0.0,5.8
230,266,36,False,False,False,False,True,False,0,0,0.0,17.43
231,695,8,False,True,True,False,False,False,0,0,0.0,18.86
232,1285,278,False,True,False,False,False,False,0,0,0.0,15.44
233,30,55,False,False,True,True,True,True,1,3,26904.0,18.79
234,1138,181,True,False,True,False,True,True,0,0,0.0,20.72
235,740,244,False,False,True,False,True,False,1,1,18518.25,14.92
236,1080,231,True,True,False,True,False,True,1,3,122302.8,13.79
237,995,285,False,True,True,True,True,False,1,2,49862.0,7.01
238,649,17,True,False,True,True,True,True,1,4,44628.0,5.35
239,464,123,False,False,True,False,True,True,0,0,0.0,12.3
240,941,152,True,False,False,False,True,True,0,0,0.0,17.07
241,211,209,True,True,False,False,True,False,1,3,71239.5,5.63
242,877,187,True,True,False,False,False,True,1,4,70298.0,14.28
243,143,168,True,True,False,False,False,False,1,4,80173.4,3.54
244,975,93,False,False,True,True,False,False,0,0,0.0,9.02
245,944,32,False,True,False,False,True,True,1,2,63475.2,2.4
246,127,130,True,False,False,False,True,True,1,4,38995.2,4.62
247,1137,78,True,False,True,False,True,False,1,4,22502.4,10.59
248,624,167,True,False,True,False,True,False,1,3,7511.4,1.19
249,1181,240,True,False,False,False,False,True,1,1,13346.3,9.74
250,63,166,False,True,False,False,False,False,1,1,4153.9,10.66
251,270,175,False,True,True,False,True,True,1,1,5401.8,4.05
252,741,13,False,False,True,False,True,False,0,0,0.0,13.61
253,283,194,False,True,True,True,True,False,1,1,16945.15,7.6
254,495,132,True,True,False,True,True,True,1,1,30580.8,11.18
255,991,38,False,False,False,True,False,True,0,0,0.0,16.36
256,217,65,True,True,False,False,False,False,1,1,23361.2,8.47
257,1017,235,True,False,False,True,True,True,1,3,118052.25,7.19
258,156,276,True,False,True,False,False,False,1,2,1987.6,11.5
259,263,153,False,True,False,True,False,True,1,1,8005.4,12.61
260,882,293,True,False,False,True,False,False,0,0,0.0,20.24
261,1191,55,False,False,True,False,False,True,1,1,8973.0,16.78
262,256,90,False,False,False,False,True,True,1,1,27710.0,12.82
263,450,280,False,True,True,False,True,True,1,2,67564.0,6.36
264,1388,53,False,False,False,False,False,False,0,0,0.0,14.17
265,1485,198,True,True,True,False,True,False,1,1,30391.75,5.26
266,872,66,True,False,True,False,False,False,1,1,2948.9,11.0
267,671,100,True,True,True,False,False,False,1,2,10347.6,5.41
268,521,144,True,True,False,False,False,True,0,0,0.0,22.81
269,919,108,False,True,False,False,False,False,0,0,0.0,18.04
270,887,263,False,False,True,True,False,True,1,1,23655.5,24.38
271,443,292,True,True,False,False,True,False,1,4,121324.8,14.08
272,35,151,True,False,True,True,True,False,1,4,49334.0,7.42
273,228,158,False,False,False,False,False,False,1,1,2162.6,16.27
274,1438,17,False,True,False,True,False,False,0,0,0.0,14.74
275,628,71,False,False,True,False,False,False,0,0,0.0,16.81
276,724,12,True,True,True,False,False,False,1,1,20741.8,10.97
277,701,257,False,False,True,False,True,True,1,1,1170.9,17.89
278,1175,69,True,False,False,False,False,False,0,0,0.0,28.23
279,98,103,True,True,True,False,True,True,1,2,16120.8,7.28
280,125,253,False,True,True,False,True,False,1,1,12324.2,14.58
281,414,214,True,False,True,False,False,False,1,2,67774.2,10.21
282,730,187,True,False,False,False,False,True,1,1,17574.5,5.71
283,1007,12,True,False,False,True,False,True,1,2,41483.6,8.75
284,737,169,False,True,False,True,False,True,1,4,52920.0,7.07
285,662,169,True,True,True,False,False,True,1,1,13230.0,9.55
286,1407,96,True,False,True,True,False,False,0,0,0.0,15.44
287,242,224,False,False,True,True,True,True,1,1,5139.2,21.46
288,858,279,False,False,False,False,True,False,0,0,0.0,13.28
289,814,78,True,False,False,False,False,False,0,0,0.0,22.41
290,711,100,False,False,True,False,True,True,1,4,20675.2,19.42
291,1212,97,True,True,False,False,False,False,1,2,59988.4,4.03
292,401,251,True,False,False,False,True,True,1,4,33212.8,5.05
293,1431,24,False,False,True,False,True,False,1,1,7657.2,23.08
294,498,269,True,True,False,False,False,False,0,0,0.0,23.18
295,818,233,False,True,False,False,True,True,0,0,0.0,23.31
296,782,146,True,True,True,True,False,True,1,3,52494.0,14.0
297,1275,176,False,False,False,False,True,False,0,0,0.0,10.88
298,659,269,False,False,False,True,True,False,1,1,2208.6,20.0
299,427,231,True,False,False,False,False,False,0,0,0.0,17.83
300,33,84,True,False,True,True,False,False,1,2,47371.3,7.81
301,546,16,False,False,True,True,True,False,1,2,39486.6,11.8
302,1240,198,False,True,True,True,True,False,0,0,0.0,17.36
303,15,44,False,True,False,True,False,True,1,2,77422.9,7.99
304,1345,27,False,True,False,True,False,False,0,0,0.0,25.3
305,815,295,False,True,False,False,False,False,1,2,46626.0,15.55
306,211,143,True,False,True,False,False,False,1,4,62813.0,4.38
307,454,196,False,True,True,True,False,False,1,1,25542.2,8.85
308,832,66,True,True,False,False,False,False,0,0,0.0,30.65
309,474,31,False,False,True,False,True,False,1,1,31719.75,24.79
310,163,19,False,False,True,True,True,False,0,0,0.0,15.67
311,999,107,False,False,True,False,False,False,0,0,0.0,13.03
312,1009,2,True,False,False,False,True,True,0,0,0.0,21.81
313,179,127,False,True,False,False,True,True,1,1,31682.05,10.23
314,422,98,False,False,True,True,False,False,0,0,0.0,15.93
315,366,159,False,False,False,False,True,True,0,0,0.0,11.33
316,990,177,False,False,True,True,False,True,1,3,95848.5,14.46
317,1096,93,False,False,True,True,True,False,1,2,52537.6,21.55
318,1091,137,True,False,True,False,True,False,1,1,20605.5,2.85
319,1409,24,False,False,True,False,True,False,1,2,15314.4,16.29
320,1153,91,True,True,False,False,False,True,1,1,6838.4,5.89
321,482,294,True,True,True,False,True,False,0,0,0.0,25.57
322,162,298,True,True,True,False,False,True,1,1,586.7,8.36
323,922,146,True,False,False,True,False,False,0,0,0.0,21.89
324,1375,282,False,False,False,False,False,False,0,0,0.0,9.35
325,1463,151,True,True,True,True,False,True,1,1,12338.5,5.34
326,346,38,True,False,False,False,True,True,1,2,44707.5,7.29
327,355,261,False,True,True,False,False,False,1,1,22685.8,5.73
328,57,125,True,False,False,False,True,False,1,4,124169.6,4.99
329,212,184,False,True,True,False,False,True,0,0,0.0,17.33
330,833,195,True,True,False,True,False,True,1,1,17836.25,18.74
331,821,93,True,True,True,False,False,False,1,3,78821.4,12.85
332,557,221,True,True,True,False,True,False,1,1,10124.1,5.97
333,465,151,False,True,True,True,True,False,1,2,24667.0,2.96
334,1245,110,False,False,False,True,False,False,0,0,0.0,15.81
335,691,90,False,True,True,True,True,False,1,1,27710.0,10.32
336,1213,224,False,False,False,True,True,False,1,1,5139.2,22.11
337,1445,75,False,False,True,False,False,True,1,4,128640.8,13.61
338,476,38,False,False,True,False,True,True,1,1,22353.75,21.02
339,305,265,False,False,False,True,False,True,1,3,74241.6,17.8
340,1430,100,True,True,True,False,True,False,0,0,0.0,30.39
341,953,193,True,False,True,True,False,False,0,0,0.0,24.65
342,437,215,False,False,False,True,True,False,0,0,0.0,17.13
343,933,252,True,False,False,False,False,True,1,2,31030.0,2.23
344,773,188,False,True,False,True,True,False,1,3,62544.0,9.64
345,1359,213,True,True,False,True,False,True,1,1,17567.0,13.52
346,384,252,True,False,False,False,True,True,1,2,31020.0,13.71
347,1488,284,False,True,True,False,False,True,1,2,6019.7,7.13
348,1405,15,True,True,False,False,False,True,0,0,0.0,23.38
349,272,223,False,True,True,False,True,True,0,0,0.0,20.25
350,247,53,False,False,False,True,False,False,0,0,0.0,11.09
351,800,268,True,False,True,False,True,True,1,2,41092.8,10.4
352,68,15,False,False,False,True,True,True,1,2,9657.7,12.18
353,449,75,False,False,False,False,False,False,0,0,0.0,16.78
354,653,58,True,False,True,True,True,False,0,0,0.0,24.86
355,1455,182,True,False,False,False,True,False,0,0,0.0,20.62
356,1489,2,False,False,False,True,True,True,1,1,13640.4,16.77
357,228,6,False,True,True,False,True,True,1,1,2292.0,12.1
358,1338,152,True,False,False,False,False,False,1,1,22525.7,13.19
359,137,292,False,False,True,True,False,True,0,0,0.0,9.99
360,1123,159,False,False,True,False,False,False,0,0,0.0,20.12
361,1269,134,False,False,False,False,True,False,0,0,0.0,15.82
362,1337,198,True,True,False,False,True,True,1,2,60783.5,4.56
363,336,166,False,True,True,True,True,False,1,4,16595.6,8.26
364,1341,116,True,True,True,True,False,False,1,1,14929.0,2.04
365,174,177,False,False,True,True,False,False,0,0,0.0,7.17
366,779,1,False,False,True,True,False,True,1,2,22145.2,12.72
367,705,74,True,False,True,False,True,False,1,1,4733.4,3.44
368,474,203,True,True,False,False,True,False,1,4,9728.0,9.83
369,34,103,True,True,False,False,False,False,0,0,0.0,19.47
370,1159,17,True,True,False,False,False,True,1,1,11162.0,17.93
371,504,38,False,True,False,False,False,True,1,1,22358.75,4.85
372,993,260,False,True,True,True,True,False,1,1,28186.0,20.11
373,616,99,False,True,False,True,True,True,1,4,73766.4,11.36
374,561,7,False,False,False,False,False,True,0,0,0.0,16.27
375,1330,219,False,False,True,False,False,False,1,1,19667.3,21.09
376,142,160,False,True,False,True,False,True,1,1,18473.0,10.77
377,1105,136,False,True,True,False,True,True,0,0,0.0,24.45
378,1121,269,False,True,False,False,True,False,0,0,0.0,27.83
379,570,95,True,False,False,True,True,True,1,1,2169.0,6.23
380,394,172,True,False,True,True,True,True,0,0,0.0,18.72
381,8,224,False,False,True,True,False,True,1,4,20576.8,15.41
382,1406,183,False,True,True,False,True,True,1,4,183581.8,4.09
383,1422,63,False,True,False,True,True,True,1,4,124909.2,15.66
384,362,205,True,False,False,True,False,True,1,4,116891.0,6.38
385,48,224,True,False,False,False,False,True,1,2,10288.4,10.44
386,185,37,True,False,False,False,False,False,0,0,0.0,25.04
387,102,50,True,False,True,False,False,True,1,1,10855.4,3.95
388,1247,203,False,False,False,False,True,True,0,0,0.0,8.51
389,1338,36,True,True,True,False,True,True,1,1,5802.1,1.79
390,230,265,False,True,False,True,True,True,1,4,98968.8,9.32
391,1121,33,False,False,True,False,True,True,1,2,25115.2,24.53
392,269,293,False,False,True,False,False,True,0,0,0.0,16.11
393,551,202,True,False,False,False,False,True,1,1,8886.8,3.29
394,900,133,True,False,True,False,False,False,0,0,0.0,16.58
395,1080,81,False,False,False,False,True,True,1,3,89436.0,18.56
396,1312,104,False,False,False,False,False,False,0,0,0.0,18.11
397,68,225,False,True,True,True,False,False,1,2,27828.4,11.51
398,295,226,True,True,True,True,False,True,1,4,27224.0,9.2
399,421,63,False,False,False,False,True,True,1,1,31227.3,20.27
400,466,163,False,False,True,False,True,True,0,0,0.0,9.14
401,1498,298,True,True,True,True,True,True,1,2,1163.4,9.1
402,1167,78,False,False,False,False,False,False,0,0,0.0,11.03
403,481,209,True,True,True,True,True,True,1,3,71239.5,1.35
404,1458,52,True,True,True,True,False,False,1,4,83560.8,9.48
405,749,251,False,False,False,True,False,False,0,0,0.0,14.68
406,752,52,False,True,True,False,True,True,1,2,41770.4,13.59
407,651,90,False,False,False,False,True,True,0,0,0.0,13.65
408,216,138,True,False,True,True,True,True,1,2,11371.2,1.56
409,1402,112,True,False,True,True,False,True,1,1,27635.4,6.16
410,21,52,True,True,False,False,True,False,1,3,62655.6,14.51
411,262,193,False,False,True,False,True,True,0,0,0.0,7.28
412,345,6,True,True,False,False,True,True,1,3,6876.0,9.65
413,419,296,True,False,True,False,False,False,1,1,18648.0,7.93
414,198,16,False,True,True,False,True,False,1,4,78973.2,9.91
415,27,101,True,False,False,False,True,False,0,0,0.0,20.56
416,1017,279,False,True,True,False,True,True,1,3,45343.8,5.06
417,1454,47,True,False,False,False,False,False,0,0,0.0,18.47
418,183,22,True,True,True,False,False,True,1,3,38089.05,7.59
419,445,224,False,True,False,False,True,False,1,1,5139.2,9.44
420,760,22,True,False,False,True,False,True,1,1,12696.35,5.9
421,1392,270,True,False,True,False,True,True,1,1,2955.45,5.23
422,1042,136,False,True,True,False,False,False,0,0,0.0,20.08
423,1150,261,True,True,True,False,True,False,1,2,45361.6,10.79
424,872,74,True,True,False,False,True,False,1,1,4733.4,6.78
425,626,43,True,False,True,True,True,False,0,0,0.0,27.04
426,300,289,True,True,True,False,True,False,0,0,0.0,18.05
427,1297,229,False,False,False,False,True,True,0,0,0.0,15.07
428,1207,274,False,False,True,True,True,False,1,1,1633.6,15.44
429,38,96,False,False,False,False,True,False,0,0,0.0,17.65
430,1074,122,True,True,False,False,False,False,1,1,3661.25,9.14
431,127,174,False,True,False,False,True,False,1,3,35488.8,12.7
432,1109,135,False,True,False,False,True,False,1,1,36719.1,9.78
433,1239,73,True,False,True,True,False,False,1,1,1825.0,3.06
434,197,113,False,True,True,False,True,False,1,2,52419.5,5.8
435,651,183,False,True,False,False,True,False,0,0,0.0,20.87
436,186,12,False,False,True,False,True,True,1,2,41473.6,12.5
437,851,101,True,True,False,False,True,True,1,4,90432.0,7.53
438,1392,88,True,False,False,True,True,True,1,2,40114.8,11.73
439,122,22,False,False,False,True,False,False,0,0,0.0,12.55
440,597,37,False,True,False,False,False,False,0,0,0.0,18.04
441,1460,149,True,True,False,False,True,True,1,3,36498.0,3.17
442,452,31,True,True,False,True,True,False,1,1,31719.75,8.38
443,199,104,True,True,False,True,True,True,1,1,2141.3,12.93
444,733,169,True,True,False,True,True,False,1,1,13225.0,9.53
445,763,263,True,False,False,True,True,False,0,0,0.0,21.24
446,995,30,False,True,False,True,False,True,1,1,28493.6,4.03
447,471,131,False,False,False,False,False,True,0,0,0.0,8.42
448,1434,31,True,False,False,False,False,False,1,1,31724.75,4.97
449,782,129,False,False,False,False,False,False,0,0,0.0,8.44
450,430,145,True,True,False,False,False,False,1,2,67264.4,1.0
451,1441,240,False,False,True,False,True,False,1,1,13341.3,21.45
452,1388,133,False,False,False,False,True,True,0,0,0.0,16.03
453,749,281,False,False,False,False,True,False,1,1,43317.0,19.25
454,38,42,False,False,True,False,False,False,1,2,64656.4,20.95
455,896,16,False,False,False,True,False,True,0,0,0.0,12.8
456,833,2,True,True,False,True,False,True,1,2,27290.8,7.21
457,223,108,True,True,False,False,True,False,1,2,46462.4,9.31
458,951,58,False,False,False,False,True,False,0,0,0.0,17.64
459,1262,28,True,False,True,False,True,False,1,1,31493.35,14.73
460,159,71,True,False,False,False,False,False,0,0,0.0,22.21
461,1085,293,False,True,False,False,False,False,1,1,34720.7,7.34
462,211,241,True,False,True,False,True,True,1,2,67455.7,5.94
463,1124,6,False,True,False,False,True,False,1,1,2292.0,5.2
464,629,275,True,True,False,False,True,False,1,1,14787.75,9.15
465,10,62,False,False,True,True,True,False,1,1,15557.5,23.65
466,1450,122,True,False,True,False,False,False,0,0,0.0,19.13
467,249,99,True,False,False,False,True,True,1,2,36883.2,15.34
468,895,122,True,False,True,False,False,False,1,1,3661.25,9.4
469,273,229,True,False,True,False,False,True,0,0,0.0,14.63
470,1400,214,False,False,True,False,True,False,0,0,0.0,15.19
471,1108,179,True,False,False,False,True,True,1,1,13830.75,4.95
472,1207,189,False,False,True,False,True,False,1,2,74819.2,26.26
473,649,219,False,False,True,False,True,True,1,3,58986.9,17.99
474,702,56,False,False,False,False,False,False,0,0,0.0,14.83
475,952,119,True,True,False,True,False,True,1,3,38658.15,4.32
476,1178,33,False,False,True,False,True,False,0,0,0.0,15.92
477,1271,212,True,False,True,False,True,False,0,0,0.0,23.73
478,27,132,False,True,False,False,False,True,1,1,30585.8,7.39
479,996,192,False,True,False,False,True,True,1,4,62485.2,6.47
480,164,170,True,False,False,False,False,True,1,3,100227.75,14.14
481,432,83,False,False,False,False,True,False,0,0,0.0,17.29
482,1245,42,True,True,True,False,False,False,1,3,96984.6,9.62
483,376,292,True,False,True,False,False,False,0,0,0.0,21.72
484,1196,88,False,True,True,False,False,False,1,1,20062.4,5.06
485,695,33,False,False,False,False,False,True,0,0,0.0,11.19
486,349,92,True,True,True,False,False,False,1,3,88757.55,13.05
487,502,271,False,True,True,True,True,True,1,2,45993.0,2.0
488,797,79,False,False,False,False,False,False,0,0,0.0,23.7
489,1148,297,False,False,True,True,True,False,1,1,9903.2,21.53
490,910,139,True,False,True,True,True,False,1,1,26442.6,10.16
491,1400,259,False,False,True,False,False,True,0,0,0.0,13.66
492,1302,196,True,True,False,False,False,True,1,2,51084.4,11.96
493,1131,14,True,False,False,False,True,True,1,1,17810.6,15.53
494,905,153,True,False,True,False,True,False,1,1,8000.4,9.08
495,435,126,False,True,False,False,True,False,0,0,0.0,29.86
496,619,61,False,False,True,False,False,True,0,0,0.0,14.62
497,179,165,True,False,False,False,False,True,0,0,0.0,20.56
498,562,31,False,True,True,False,True,False,1,2,63439.5,13.37
499,1390,210,False,False,True,False,False,False,1,3,122448.15,23.9
500,639,247,False,False,False,False,False,True,0,0,0.0,13.07
501,171,28,True,False,False,False,True,True,1,3,94480.05,3.95
502,978,144,True,False,True,True,True,False,1,3,102443.7,3.48
503,1444,197,False,False,False,False,False,True,1,1,2039.9,24.11
504,1302,19,False,False,False,False,False,True,0,0,0.0,9.26
505,412,117,True,True,False,False,True,True,1,4,24847.2,10.05
506,681,78,False,False,False,True,True,True,0,0,0.0,17.9
507,797,12,True,False,True,True,False,True,0,0,0.0,26.66
508,372,242,False,True,True,False,False,False,0,0,0.0,21.21
509,404,134,True,True,False,True,True,False,1,1,13339.05,7.86
510,355,226,True,False,True,False,True,False,0,0,0.0,22.27
511,1492,177,False,False,False,False,False,True,1,1,31949.5,16.54
512,1120,263,False,False,False,False,False,False,0,0,0.0,14.28
513,1262,300,False,False,False,False,True,False,0,0,0.0,19.46
514,1225,181,True,False,False,False,True,False,1,2,45126.0,2.8
515,1439,106,False,False,False,False,True,False,1,1,34710.2,24.73
516,158,127,True,False,False,False,False,True,0,0,0.0,19.68
517,1323,248,True,False,True,False,True,True,1,1,11474.4,5.72
518,100,128,True,False,False,False,False,False,0,0,0.0,12.23
519,714,156,True,False,False,True,True,False,1,2,10000.5,2.33
520,892,59,False,True,True,True,True,False,1,4,121012.8,6.46
521,537,298,False,True,True,False,True,True,1,1,581.7,7.27
522,220,196,False,False,True,False,False,True,0,0,0.0,17.21
523,289,100,True,False,True,False,True,True,0,0,0.0,26.16
524,1237,176,True,False,False,False,False,False,0,0,0.0,26.98
525,479,121,False,True,True,False,True,False,0,0,0.0,14.52
526,466,47,False,False,False,True,True,False,1,1,13233.0,14.12
527,1386,263,True,False,True,False,False,False,1,1,23655.5,9.47
528,216,266,True,True,False,True,True,False,1,1,10355.0,7.57
529,1373,251,True,False,True,False,True,True,1,4,33212.8,9.24
530,1382,111,True,False,False,False,True,True,0,0,0.0,17.26
531,898,77,True,False,True,False,True,True,1,1,11076.0,4.05
532,249,15,False,False,False,True,False,True,1,2,9667.7,27.51
533,234,220,False,True,False,True,True,False,1,2,53684.4,5.76
534,428,99,False,False,False,False,True,False,0,0,0.0,22.12
535,867,268,True,True,False,False,False,False,1,2,41102.8,8.2
536,231,261,False,False,True,True,True,False,1,4,90723.2,19.19
537,684,39,True,False,False,False,False,True,1,1,30743.4,7.27
538,174,276,False,False,True,False,False,True,0,0,0.0,11.74
539,811,43,True,False,False,False,False,True,1,1,19326.2,1.0
540,32,148,False,False,True,False,True,False,1,4,103773.6,19.13
541,1064,143,False,True,False,False,False,False,0,0,0.0,21.31
542,84,287,False,False,False,True,True,False,1,1,32390.25,16.13
543,293,198,False,False,False,False,False,True,1,1,30396.75,15.5
544,262,263,True,False,True,False,False,True,0,0,0.0,18.39
545,1247,179,False,False,False,False,False,True,0,0,0.0,15.29
546,81,248,True,True,True,True,True,False,1,2,22948.8,10.7
547,644,256,True,False,True,True,False,False,0,0,0.0,24.6
548,887,258,False,False,False,True,True,False,0,0,0.0,19.38
549,774,124,True,True,True,True,False,True,1,2,29600.4,6.25
550,1022,115,False,True,True,False,False,True,1,1,20924.0,8.43
551,1205,296,False,False,False,False,False,True,0,0,0.0,9.83
552,591,227,True,False,False,False,False,False,0,0,0.0,23.14
553,1243,276,False,True,False,False,False,True,1,1,993.8,6.71
554,477,174,True,False,True,False,False,False,1,1,11834.6,6.9
555,1477,279,False,False,False,True,False,False,0,0,0.0,11.03
556,757,216,True,True,False,False,True,False,1,2,59824.5,7.25
557,1105,223,True,False,False,False,False,False,1,1,6764.0,5.88
558,1313,54,False,False,False,False,True,False,0,0,0.0,6.14
559,1189,171,True,False,True,True,True,False,1,4,116877.0,9.4
560,1277,220,False,True,True,True,False,True,1,1,26847.2,10.83
561,805,229,False,False,False,True,False,False,1,2,10390.6,19.54
562,66,288,False,False,False,False,True,False,1,4,135132.8,21.15
563,740,99,False,False,True,False,True,False,0,0,0.0,12.76
564,273,91,False,False,False,False,False,False,1,2,13676.8,23.25
565,1334,291,True,True,True,False,False,True,1,1,27464.75,5.1
566,356,296,False,True,False,False,True,True,0,0,0.0,16.5
567,343,54,False,False,True,False,False,True,0,0,0.0,1.06
568,375,114,False,True,True,False,False,True,0,0,0.0,21.55
569,964,285,True,False,False,False,False,False,0,0,0.0,24.6
570,857,60,True,False,False,False,True,True,1,4,99699.6,7.76
571,1424,235,False,False,True,False,True,False,1,4,157403.0,21.28
572,625,34,True,True,False,True,True,True,1,2,45677.8,8.58
573,424,54,False,False,True,False,True,False,1,1,39404.1,19.83
574,74,236,False,False,False,False,True,False,0,0,0.0,14.36
575,11,183,False,False,False,False,False,False,0,0,0.0,15.67
576,561,167,False,True,False,False,True,False,1,4,10015.2,4.67
577,1389,257,False,False,False,True,False,True,0,0,0.0,14.61
578,786,93,False,True,True,False,False,False,0,0,0.0,13.9
579,1341,151,True,False,True,False,True,False,0,0,0.0,24.8
580,153,183,True,False,True,False,False,True,0,0,0.0,21.21
581,140,222,False,True,False,True,True,False,1,1,33672.75,10.18
582,1251,100,True,True,True,True,True,False,1,2,10337.6,11.89
583,161,191,True,False,False,False,True,True,1,2,46971.0,4.07
584,78,135,True,True,True,True,True,True,1,1,36719.1,5.68
585,607,163,False,False,False,False,True,False,0,0,0.0,25.78
586,1388,259,True,False,True,False,True,True,1,1,755.4,10.36
587,1035,119,False,False,True,False,True,True,0,0,0.0,18.55
588,149,201,False,True,True,True,False,False,1,2,58042.9,9.92
589,1256,283,True,True,False,False,True,False,1,2,51878.9,8.79
590,1266,229,False,False,True,True,False,True,0,0,0.0,8.77
591,1202,297,False,False,True,True,True,False,1,1,9903.2,23.54
592,1354,176,False,False,True,True,False,True,0,0,0.0,12.03
593,360,85,False,True,False,True,False,False,0,0,0.0,17.68
594,1470,298,False,False,True,False,False,False,0,0,0.0,8.19
595,482,194,False,True,False,False,True,True,0,0,0.0,25.33
596,1204,73,True,True,True,False,False,False,0,0,0.0,19.35
597,870,96,False,False,False,False,True,False,1,1,692.0,15.79
598,1170,79,False,False,False,True,False,False,0,0,0.0,19.92
599,942,251,False,False,True,False,False,False,1,3,24924.6,21.73
600,964,28,True,False,False,False,True,True,1,1,31493.35,15.06
601,925,222,True,False,True,True,True,False,1,1,33672.75,11.06
602,1169,167,True,True,False,False,True,False,1,1,2503.8,6.96
603,1109,23,True,False,False,False,False,False,0,0,0.0,22.26
604,202,185,False,False,False,False,True,True,1,4,4025.6,26.09
605,1240,226,True,False,True,False,False,False,0,0,0.0,27.43
606,805,218,False,False,False,True,True,False,0,0,0.0,22.07
607,485,159,False,False,False,False,False,False,0,0,0.0,15.29
608,772,101,True,True,False,False,True,False,1,3,67824.0,10.73
609,1451,50,True,False,True,False,True,False,1,3,32551.2,8.01
610,1287,4,False,False,False,True,True,False,1,1,35340.0,23.45
611,1251,108,False,True,False,True,False,True,1,3,69708.6,13.91
612,695,190,False,False,False,False,False,False,0,0,0.0,14.59
613,1177,12,True,False,True,False,False,False,1,4,82967.2,17.12
614,578,300,True,True,False,False,True,False,1,2,29611.2,4.34
615,1030,176,True,False,True,False,True,False,1,2,5465.6,10.84
616,960,89,True,True,True,False,True,False,1,2,12151.8,5.91
617,375,289,False,True,True,False,True,False,0,0,0.0,26.79
618,400,56,True,True,True,False,False,True,0,0,0.0,26.85
619,92,288,False,False,True,False,False,True,1,1,33788.2,19.45
620,210,85,True,True,False,False,False,True,1,2,30378.0,9.69
621,651,114,True,False,True,False,True,False,1,3,133485.3,9.05
622,717,128,True,False,True,False,False,False,1,4,141640.4,13.03
623,248,299,False,True,False,True,True,True,1,3,3624.6,5.53
624,626,76,False,False,False,True,True,False,1,1,28362.0,26.36
625,907,292,False,False,True,False,False,False,1,2,60672.4,20.08
626,349,105,True,False,False,True,True,False,1,3,21038.4,7.99
627,508,86,False,True,False,False,False,False,1,2,18863.2,9.29
628,552,192,False,False,False,True,False,True,0,0,0.0,19.14
629,758,209,False,False,True,False,False,True,0,0,0.0,16.66
630,550,104,False,False,True,False,True,False,1,1,2141.3,23.28
631,1106,41,True,False,True,True,True,True,0,0,0.0,34.76
632,492,119,True,True,True,False,True,True,1,4,51524.2,8.06
633,651,163,True,False,False,False,True,False,0,0,0.0,15.06
634,570,13,False,True,False,False,True,True,0,0,0.0,18.94
635,275,24,False,False,False,True,False,False,0,0,0.0,20.93
636,1029,276,True,True,True,False,True,True,1,1,988.8,15.13
637,354,11,True,False,True,False,False,True,1,3,56527.65,1.0
638,446,123,False,False,False,False,True,False,1,4,92428.0,16.28
639,1190,230,False,True,True,False,True,True,1,1,9676.8,7.38
640,1424,99,False,False,True,False,True,True,1,2,36883.2,16.59
641,1007,149,False,False,True,False,False,True,0,0,0.0,6.76
642,1375,26,True,False,True,True,True,False,0,0,0.0,14.39
643,1282,239,True,False,True,True,False,True,1,3,19440.0,5.23
644,722,191,False,False,False,False,False,True,1,2,46981.0,19.98
645,1156,256,True,False,True,False,True,False,1,1,43187.95,15.41
646,493,260,True,True,False,False,True,False,1,1,28186.0,12.43
647,691,106,False,True,True,True,False,False,1,1,34715.2,2.55
648,804,13,True,False,True,True,True,True,1,4,67408.2,6.43
649,1441,104,False,True,True,False,True,False,1,1,2141.3,19.4
650,1273,44,True,True,True,False,True,True,1,3,116119.35,12.38
651,734,160,False,True,False,False,False,False,1,1,18473.0,6.24
652,979,44,False,False,False,True,True,True,1,3,116119.35,16.37
653,304,277,False,True,False,False,True,False,1,2,40016.0,2.58
654,1207,181,False,True,True,False,False,True,1,2,45136.0,1.85
655,830,76,False,True,True,False,False,False,0,0,0.0,25.04
656,800,277,False,True,False,True,True,True,1,2,40016.0,5.78
657,1150,231,False,False,False,True,False,True,1,1,40767.6,26.37
658,950,132,True,False,True,True,False,True,1,1,30585.8,9.34
659,109,44,False,True,False,False,True,False,0,0,0.0,21.28
660,433,104,True,True,False,False,True,False,1,1,2141.3,9.65
661,266,176,False,False,True,True,True,False,0,0,0.0,22.76
662,1103,230,True,False,False,True,False,True,1,2,19363.6,7.85
663,53,79,False,False,True,False,False,True,0,0,0.0,18.03
664,304,223,True,False,False,True,False,True,1,1,6764.0,3.82
665,897,85,True,False,True,False,False,True,1,4,60756.0,1.53
666,1043,75,False,False,True,False,False,False,0,0,0.0,3.09
667,755,135,True,True,False,True,False,False,0,0,0.0,28.62
668,1292,49,False,False,False,False,True,True,0,0,0.0,16.14
669,1379,122,False,False,True,False,True,False,1,1,3656.25,13.44
670,199,108,True,False,True,False,False,True,1,2,46472.4,7.14
671,1429,85,False,True,False,False,False,True,1,1,15189.0,15.11
672,922,233,False,False,True,True,False,True,1,4,114438.8,26.92
673,955,100,False,True,False,True,True,False,1,1,5168.8,14.92
674,143,209,False,False,True,True,True,False,1,1,23746.5,11.78
675,933,217,True,False,True,False,False,True,1,1,31483.3,8.99
676,1089,200,True,False,False,False,False,True,1,1,18345.0,6.31
677,872,81,True,True,True,False,True,False,1,1,29812.0,13.64
678,127,249,True,False,False,False,True,True,1,2,9877.5,9.64
679,785,71,False,False,False,False,False,False,1,1,39229.8,18.62
680,1404,84,False,False,True,True,False,True,1,1,23685.65,17.9
681,1086,263,True,False,True,False,False,False,1,2,47311.0,9.91
682,207,102,False,True,True,False,True,True,0,0,0.0,29.13
683,1440,210,True,False,False,False,False,False,1,1,40816.05,1.0
684,1439,13,False,False,True,False,False,True,0,0,0.0,20.26
685,255,185,True,True,False,False,True,False,1,2,2012.8,4.83
686,1202,261,True,False,True,False,False,True,1,4,90743.2,4.41
687,611,213,True,True,False,False,False,False,1,3,52701.0,6.83
688,891,175,False,False,False,True,False,True,1,2,10813.6,18.99
689,668,255,False,False,True,True,False,False,1,2,58851.1,19.03
690,1174,90,False,False,False,False,True,True,1,1,27710.0,18.44
691,1495,114,True,False,True,False,True,True,1,2,88990.2,12.81
692,1193,21,False,False,False,True,False,True,1,1,14959.4,22.52
693,1398,210,False,False,True,True,False,False,1,3,122448.15,15.9
694,1420,218,True,False,True,False,False,False,0,0,0.0,18.5
695,136,226,True,True,False,True,False,True,1,2,13612.0,3.71
696,381,225,True,False,False,False,False,True,1,3,41742.6,4.96
697,1083,39,False,False,True,False,True,False,1,1,30738.4,18.81
698,886,200,False,False,True,False,False,True,1,1,18345.0,14.36
699,76,229,False,False,True,False,True,False,0,0,0.0,16.24
700,143,62,False,True,False,False,False,False,0,0,0.0,24.28
701,781,143,True,False,True,True,True,False,0,0,0.0,18.6
702,925,274,True,False,True,False,False,False,1,1,1638.6,3.09
703,252,125,True,False,True,False,False,True,1,2,62094.8,11.08
704,257,226,True,False,True,False,True,False,0,0,0.0,20.23
705,195,160,False,False,False,False,True,False,1,1,18468.0,24.23
706,848,198,False,False,True,False,True,True,1,3,91175.25,16.35
707,12,188,False,False,False,True,True,True,1,1,20848.0,16.63
708,859,196,False,False,False,True,False,True,1,1,25542.2,24.06
709,714,234,False,False,True,False,False,True,0,0,0.0,5.56
710,699,272,True,False,True,False,True,False,1,1,29832.75,11.43
711,1019,89,False,True,True,False,True,True,0,0,0.0,18.86
712,784,279,True,False,False,False,True,False,1,4,60458.4,8.04
713,1092,189,False,True,True,True,True,True,1,1,37409.6,3.72
714,1146,179,False,True,True,False,False,False,1,2,27671.5,15.49
715,1381,99,False,False,True,False,False,True,1,1,18446.6,18.45
716,1199,126,False,False,True,False,False,False,0,0,0.0,9.22
717,777,196,False,True,True,False,True,True,1,2,51074.4,11.16
718,739,110,False,True,True,True,False,True,1,2,67418.2,13.21
719,354,87,False,True,False,False,False,True,1,2,60329.3,7.42
720,900,246,False,False,True,False,False,True,1,2,9467.1,14.65
721,209,125,False,True,True,False,False,False,1,3,93142.2,14.01
722,1397,194,False,False,False,False,False,False,0,0,0.0,11.91
723,1268,10,False,True,True,True,False,True,1,3,93534.9,3.64
724,180,24,False,False,True,True,False,False,1,2,15324.4,15.32
725,1179,255,False,False,False,False,False,False,0,0,0.0,18.93
726,176,43,False,False,False,False,False,True,0,0,0.0,21.33
727,1082,239,True,False,True,False,True,True,1,3,19425.0,3.08
728,132,271,True,False,True,True,True,True,1,2,45993.0,4.35
729,733,145,False,False,False,False,False,True,1,1,33632.2,21.76
730,987,266,True,False,True,True,False,True,1,2,20720.0,9.75
731,1094,129,True,False,False,False,True,True,1,1,41126.4,9.83
732,628,286,False,False,False,False,False,False,0,0,0.0,13.35
733,1383,72,True,True,False,False,False,True,0,0,0.0,22.94
734,1162,129,True,False,False,False,True,True,1,1,41126.4,5.88
735,313,117,False,True,True,False,False,False,1,1,6216.8,10.17
736,1007,236,False,True,True,False,False,True,1,1,31019.2,4.48
737,1096,14,True,True,True,True,True,False,1,1,17810.6,8.28
738,501,249,False,False,False,True,True,False,1,3,14816.25,16.98
739,1108,8,True,False,False,True,False,False,1,2,42030.6,12.11
740,1348,95,False,False,False,False,True,False,0,0,0.0,7.59
741,1226,179,False,True,True,True,False,False,0,0,0.0,24.62
742,1144,44,True,True,False,False,True,False,1,1,38706.45,7.76
743,952,148,True,True,True,False,True,False,1,1,25943.4,4.42
744,406,300,True,False,True,False,False,True,1,2,29621.2,13.08
745,1193,247,False,False,True,False,False,True,1,2,56558.8,14.73
746,547,10,True,False,False,False,True,False,1,2,62346.6,3.12
747,799,178,True,False,False,True,False,False,1,4,168560.0,10.63
748,472,180,False,False,True,True,True,False,1,4,54904.8,19.5
749,470,21,False,True,False,False,True,True,1,2,29908.8,1.47
750,237,196,False,False,True,False,False,True,0,0,0.0,13.95
751,1442,157,False,True,False,False,False,False,1,2,66912.0,10.32
752,222,205,True,True,True,False,False,True,0,0,0.0,24.21
753,130,90,True,False,False,False,True,False,1,1,27710.0,8.62
754,1405,77,True,False,True,False,True,False,1,2,22152.0,7.51
755,833,221,True,False,True,False,False,False,1,2,20258.2,10.88
756,657,217,False,False,False,False,False,True,0,0,0.0,14.33
757,1107,49,True,True,False,False,True,False,1,2,42603.2,3.67
758,575,65,False,False,True,True,True,False,0,0,0.0,17.13
759,192,176,False,True,True,False,False,True,1,2,5475.6,11.59
760,1095,249,True,False,True,False,False,False,1,2,9887.5,9.15
761,264,61,False,True,False,False,True,False,1,1,17565.3,6.97
762,830,66,True,True,False,False,True,True,1,2,5887.8,7.98
763,1424,243,True,True,True,False,False,False,1,1,36347.0,9.27
764,1405,210,True,True,True,False,True,False,1,3,122433.15,12.77
765,542,271,True,True,True,False,True,False,1,1,22996.5,2.71
766,1171,236,True,True,True,False,False,False,0,0,0.0,19.9
767,920,286,False,False,True,True,True,True,1,2,76824.6,23.59
768,720,57,True,False,False,False,False,False,0,0,0.0,27.52
769,210,82,True,True,False,False,False,False,0,0,0.0,22.13
770,565,72,True,True,True,True,False,True,1,2,10488.5,12.09
771,978,17,False,False,False,False,True,True,0,0,0.0,10.75
772,1480,234,False,True,False,False,True,True,1,4,16912.8,9.09
773,8,199,False,True,True,True,False,False,0,0,0.0,22.7
774,1077,26,True,True,False,True,True,True,1,1,29185.6,12.93
775,1270,60,True,True,True,False,True,False,1,2,49849.8,7.57
776,1427,58,False,False,False,False,False,False,0,0,0.0,21.21
777,636,121,False,False,False,False,False,True,0,0,0.0,13.06
778,178,137,False,False,True,True,False,False,0,0,0.0,15.28
779,407,87,False,True,True,False,True,False,1,3,90478.95,11.05
780,1276,280,True,True,True,True,False,True,1,1,33787.0,12.99
781,1317,64,False,False,False,False,True,False,1,2,5728.0,19.43
782,956,169,True,True,True,True,False,True,1,2,26460.0,10.05
783,185,132,True,True,True,False,True,True,0,0,0.0,12.63
784,183,117,False,False,True,True,True,True,1,2,12423.6,13.64
785,718,248,False,True,True,False,True,True,1,1,11474.4,3.52
786,883,294,True,False,False,False,True,False,0,0,0.0,26.46
787,49,2,False,False,False,True,False,True,1,4,54581.6,13.1
788,1030,140,True,False,False,True,False,False,1,1,19316.6,4.61
789,817,36,False,False,False,False,False,True,1,1,5807.1,10.8
790,19,131,True,True,False,False,True,True,1,2,12324.2,14.37
791,144,186,False,True,False,True,True,False,1,1,29135.55,14.3
792,682,124,False,True,False,False,False,False,0,0,0.0,24.14
793,1084,93,False,False,False,True,False,True,1,1,26273.8,30.99
794,1239,94,True,True,True,True,True,False,1,1,15683.25,12.18
795,647,90,True,False,True,False,True,False,1,4,110840.0,3.15
796,444,98,False,True,False,False,True,False,0,0,0.0,33.09
797,1453,113,True,False,True,True,False,False,1,3,78644.25,13.01
798,688,207,False,False,True,False,False,False,0,0,0.0,9.35
799,474,29,False,True,True,False,False,False,1,4,8540.4,7.45
800,664,13,True,True,False,False,False,False,0,0,0.0,26.3
801,19,156,True,False,False,True,False,False,1,3,15015.75,5.3
802,453,205,True,True,False,False,True,True,1,4,116871.0,6.78
803,774,78,True,False,True,False,False,False,1,4,22522.4,3.79
804,1378,61,False,True,True,False,True,False,1,2,35130.6,12.93
805,1108,188,False,True,True,False,True,False,1,2,41696.0,11.79
806,1172,116,True,False,False,False,True,False,1,4,59696.0,14.21
807,818,221,False,False,False,False,False,False,1,4,40516.4,14.44
808,166,44,False,False,False,True,False,True,0,0,0.0,11.69
809,587,37,False,True,False,False,False,False,0,0,0.0,26.31
810,1496,166,True,False,False,True,False,False,1,2,8307.8,14.1
811,67,118,False,False,True,False,False,False,1,2,1397.2,16.72
812,1319,219,False,False,True,True,False,False,1,2,39334.6,21.5
813,1027,152,False,True,False,False,True,False,0,0,0.0,16.8
814,426,107,False,False,True,False,True,False,1,3,2654.4,20.5
815,1167,48,False,False,True,False,True,False,0,0,0.0,26.11
816,1256,50,False,False,False,False,True,False,0,0,0.0,11.63
817,65,227,False,False,False,True,False,False,1,3,117902.4,19.28
818,160,68,False,True,False,True,False,False,1,4,142442.6,9.65
819,999,151,True,False,True,False,True,False,0,0,0.0,22.86
820,1499,246,True,True,True,False,False,False,1,2,9467.1,7.99
821,36,270,False,True,True,False,True,False,0,0,0.0,22.68
822,999,81,True,True,False,False,True,False,1,2,59624.0,4.05
823,205,33,False,False,False,False,True,False,1,2,25115.2,23.48
824,976,233,False,True,True,False,True,False,1,2,57209.4,8.27
825,935,207,True,False,True,True,True,True,1,2,41089.4,8.59
826,136,100,False,False,False,False,True,True,1,2,10337.6,19.61
827,1022,179,True,False,False,False,False,False,1,4,55343.0,10.31
828,1346,57,False,False,True,True,True,True,1,1,22433.3,17.88
829,1296,211,False,False,False,False,False,True,1,1,19174.6,21.62
830,44,219,False,True,True,False,False,False,0,0,0.0,24.97
831,369,90,False,True,False,False,True,False,0,0,0.0,28.17
832,362,141,False,True,True,True,False,False,0,0,0.0,23.82
833,680,101,False,True,True,False,False,True,0,0,0.0,26.2
834,215,10,True,False,False,False,True,True,1,1,31173.3,8.37
835,1282,39,False,False,True,False,True,True,1,2,61476.8,18.56
836,1166,288,False,False,True,True,True,False,1,1,33783.2,22.56
837,1213,137,False,False,True,True,False,False,1,1,20610.5,20.28
838,298,45,False,False,True,False,False,True,1,1,15657.8,19.37
839,22,14,True,False,True,False,True,True,1,4,71242.4,11.6
840,1366,107,False,False,True,False,True,False,1,1,884.8,19.35
841,434,295,True,False,True,True,False,True,1,2,46626.0,14.26
842,985,116,False,True,False,False,True,False,0,0,0.0,20.35
843,1365,300,True,False,True,False,True,True,1,1,14805.6,2.2
844,55,147,False,True,True,False,True,False,1,4,147372.8,1.7
845,9,230,True,False,False,False,True,False,1,1,9676.8,3.16
846,9,236,False,True,True,True,True,True,0,0,0.0,30.23
847,235,9,True,True,True,False,True,False,1,3,79655.1,6.56
848,78,2,False,True,True,False,False,True,1,1,13645.4,9.34
849,1230,277,False,True,False,False,True,False,1,1,20008.0,14.36
850,909,280,False,False,False,True,False,False,0,0,0.0,7.79
851,1471,40,False,False,True,False,False,False,0,0,0.0,9.88
852,1203,194,False,True,False,False,True,False,0,0,0.0,17.51
853,1445,278,True,False,False,True,False,True,1,2,47834.0,9.72
854,358,286,False,True,False,True,True,False,0,0,0.0,27.8
855,432,89,False,True,False,True,False,True,1,1,6080.9,11.8
856,1275,246,False,True,True,True,False,True,1,1,4733.55,17.93
857,368,194,False,False,False,False,False,False,0,0,0.0,17.31
858,86,279,True,False,False,True,True,False,1,1,15114.6,2.91
859,1004,45,False,True,True,False,True,False,1,4,62611.2,9.42
860,1202,181,False,True,False,True,False,False,1,4,90272.0,9.41
861,1453,8,True,True,False,False,True,True,1,1,21010.3,4.48
862,1392,108,True,True,False,False,True,False,1,4,92924.8,4.44
863,181,4,False,False,True,False,False,False,0,0,0.0,15.68
864,1159,133,False,True,False,True,False,True,1,3,38400.9,6.63
865,1270,244,True,True,False,True,True,False,0,0,0.0,20.65
866,1048,198,True,False,False,False,False,True,1,3,91190.25,7.52
867,1230,96,True,True,True,False,True,False,1,3,2076.0,10.39
868,1257,129,True,True,False,False,False,False,1,1,41131.4,11.95
869,670,111,False,False,True,True,False,False,1,1,16595.3,14.0
870,61,220,False,False,True,True,False,False,1,1,26847.2,25.7
871,685,80,True,False,True,False,False,True,1,2,11226.6,10.96
872,303,28,False,False,True,False,True,False,0,0,0.0,5.09
873,171,153,False,False,True,False,True,True,0,0,0.0,17.8
874,188,249,True,True,True,True,True,False,1,1,4938.75,8.37
875,1047,144,False,True,False,False,False,False,1,3,102458.7,9.82
876,757,62,False,False,False,True,True,False,1,1,15557.5,14.42
877,810,14,False,True,True,False,False,False,1,1,17815.6,8.05
878,1118,284,True,True,False,True,False,False,1,1,3009.85,8.03
879,823,229,True,False,True,True,False,True,1,1,5195.3,5.65
880,946,47,True,True,True,False,False,True,1,2,26476.0,16.64
881,130,23,False,False,False,False,False,True,1,4,112732.4,21.82
882,1277,39,True,False,True,False,True,False,1,1,30738.4,2.84
883,674,113,False,False,False,False,False,False,0,0,0.0,18.05
884,233,244,False,False,False,True,True,False,0,0,0.0,7.96
885,1220,48,False,False,True,False,True,False,0,0,0.0,14.85
886,1102,246,False,False,True,False,False,False,1,1,4733.55,14.89
887,80,1,True,True,False,False,False,False,1,1,11072.6,12.08
888,290,222,False,False,True,False,True,False,1,1,33672.75,24.01
889,24,85,True,False,False,False,True,False,1,2,30368.0,6.78
890,407,289,True,True,True,True,False,False,1,2,53534.0,7.91
891,150,143,True,True,False,False,False,False,1,1,15703.25,10.53
892,1065,82,False,True,True,True,False,True,1,1,16273.15,15.02
893,784,73,False,False,True,False,True,False,1,4,7280.0,20.01
894,1471,248,False,True,True,False,True,False,1,1,11474.4,18.02
895,1125,121,False,False,False,False,False,False,0,0,0.0,23.2
896,918,106,True,False,False,True,False,True,1,2,69430.4,11.76
897,764,221,False,True,False,True,False,False,1,1,10129.1,12.08
898,82,162,False,True,False,True,False,False,1,1,29373.8,11.47
899,106,200,True,False,True,False,True,False,1,2,36680.0,8.18
900,925,134,True,False,True,False,False,False,0,0,0.0,22.92
901,7,20,False,False,True,False,False,False,1,2,25964.0,26.16
902,64,2,True,False,False,True,False,False,0,0,0.0,23.58
903,329,12,True,True,False,True,True,False,1,1,20736.8,7.38
904,1327,173,True,True,True,True,True,False,1,1,44259.0,8.08
905,689,155,False,True,False,False,False,False,0,0,0.0,22.85
906,1065,225,False,False,True,False,False,False,0,0,0.0,19.54
907,618,269,True,False,True,True,False,False,1,2,4427.2,1.0
908,260,53,False,True,False,True,False,False,1,1,34222.1,10.46
909,557,288,False,True,True,False,True,False,1,2,67566.4,5.64
910,138,280,True,True,False,False,True,False,1,1,33782.0,6.73
911,1156,185,False,True,False,True,False,False,1,3,3034.2,11.2
912,276,160,True,True,False,False,False,False,1,4,73892.0,6.99
913,565,53,False,False,False,False,True,False,0,0,0.0,12.41
914,1471,54,True,True,False,False,False,False,0,0,0.0,21.48
915,888,6,True,True,False,True,True,False,1,3,6876.0,3.47
916,688,194,False,True,False,False,True,True,1,3,50835.45,14.61
917,815,130,True,True,False,True,True,True,1,1,9748.8,5.77
918,1177,58,False,False,True,True,False,True,0,0,0.0,9.76
919,382,41,False,False,False,False,True,False,0,0,0.0,18.16
920,955,20,True,True,False,True,True,True,0,0,0.0,27.11
921,1310,193,False,False,True,False,False,False,0,0,0.0,20.98
922,859,206,True,True,False,False,False,True,1,2,52435.8,4.94
923,670,190,False,False,False,False,False,False,0,0,0.0,10.28
924,218,34,True,True,False,True,False,True,1,2,45687.8,1.0
925,373,13,False,False,True,False,True,False,1,2,33704.1,22.4
926,1420,32,False,True,False,False,False,True,0,0,0.0,24.48
927,812,226,False,False,False,False,False,False,0,0,0.0,21.96
928,453,222,True,False,True,False,False,True,0,0,0.0,12.85
929,628,89,True,False,False,False,True,True,1,1,6075.9,5.51
930,868,17,True,False,False,False,False,True,1,1,11162.0,8.45
931,807,96,False,True,True,True,True,False,1,1,692.0,1.0
932,1050,243,True,True,True,False,True,False,1,4,145368.0,12.66
933,387,44,True,False,False,False,True,True,1,1,38706.45,9.15
934,974,239,True,False,True,False,True,False,1,2,12950.0,9.49
935,665,140,False,False,True,False,False,False,0,0,0.0,28.99
936,1411,43,True,True,False,True,True,False,1,1,19321.2,1.0
937,237,281,True,False,True,False,True,False,1,4,173268.0,8.24
938,223,156,False,True,True,False,False,True,1,2,10010.5,8.83
939,693,202,False,True,False,True,True,False,1,3,26645.4,7.29
940,763,29,True,True,False,True,False,False,1,4,8540.4,8.39
941,1037,112,False,True,False,False,False,True,1,2,55270.8,11.68
942,607,190,False,False,False,True,False,True,1,1,16908.8,19.08
943,1371,194,True,False,True,True,False,True,1,1,16950.15,3.52
944,712,19,False,False,False,False,True,False,0,0,0.0,10.4
945,195,182,True,False,False,True,False,False,1,4,30872.2,9.64
946,179,284,True,False,True,False,False,False,0,0,0.0,21.85
947,1461,236,False,True,False,False,True,False,1,2,62028.4,1.0
948,202,63,True,True,False,False,True,False,1,1,31227.3,10.15
949,1422,274,False,False,True,False,True,False,1,1,1633.6,15.85
950,418,205,True,False,True,False,False,True,1,2,58445.5,5.9
951,141,18,False,True,False,True,False,False,0,0,0.0,16.69
952,458,39,True,False,True,False,False,False,1,1,30743.4,8.28
953,923,277,False,True,False,False,False,False,0,0,0.0,23.74
954,642,63,True,False,False,True,False,False,0,0,0.0,26.54
955,1179,30,False,False,True,False,False,False,0,0,0.0,13.81
956,917,136,True,True,True,False,False,True,1,2,13571.2,10.3
957,602,158,True,True,False,False,False,True,1,2,4325.2,3.93
958,952,172,False,True,False,False,False,False,1,2,61677.2,9.06
959,1458,198,False,False,True,True,False,False,1,1,30396.75,19.04
960,618,300,False,False,False,True,False,False,0,0,0.0,21.34
961,231,228,True,False,False,True,False,True,0,0,0.0,25.97
962,614,8,True,False,False,False,False,True,0,0,0.0,26.6
963,1261,27,True,False,True,True,False,False,1,2,55039.7,8.81
964,327,1,False,True,True,True,True,False,0,0,0.0,26.84
965,1424,119,False,True,False,False,False,False,1,4,51544.2,7.27
966,883,106,False,True,False,False,True,True,1,1,34710.2,5.23
967,903,281,False,True,False,False,False,False,0,0,0.0,24.6
968,476,110,True,True,False,False,True,False,1,3,101112.3,3.9
969,1381,10,True,False,True,True,False,False,1,1,31178.3,6.35
970,55,266,True,True,True,False,True,False,1,1,10355.0,13.47
971,449,79,False,False,False,True,True,True,1,1,20143.2,27.39
972,628,274,False,False,True,False,True,False,0,0,0.0,17.75
973,716,233,True,False,False,False,True,True,1,1,28604.7,13.19
974,712,265,True,True,False,False,True,False,1,1,24742.2,12.2
975,222,246,False,True,False,False,False,False,0,0,0.0,23.07
976,339,43,True,True,True,True,False,False,0,0,0.0,26.0
977,143,188,False,False,False,False,True,True,0,0,0.0,9.53
978,859,124,False,False,False,False,False,False,0,0,0.0,16.38
979,527,189,True,False,False,False,True,True,1,4,149638.4,9.95
980,849,224,False,True,True,False,False,False,0,0,0.0,32.87
981,885,151,True,True,True,False,True,True,1,4,49334.0,11.93
982,1054,94,True,True,True,True,True,False,1,1,15683.25,10.41
983,821,275,True,True,False,True,True,False,1,1,14787.75,10.09
984,972,199,True,True,False,False,True,False,1,2,37176.0,10.41
985,881,266,True,True,True,False,True,True,1,2,20710.0,9.06
986,979,72,False,False,False,True,True,False,1,3,15717.75,13.43
987,925,252,False,True,False,False,False,False,1,2,31030.0,11.27
988,475,98,False,True,False,True,True,False,1,1,17861.05,11.2
989,370,139,False,False,False,False,True,False,0,0,0.0,11.64
990,1182,259,True,False,True,False,True,True,1,1,755.4,6.77
991,515,107,False,True,True,True,True,False,1,1,884.8,5.97
992,824,76,False,False,False,True,False,False,1,1,28367.0,25.42
993,296,275,False,False,True,True,False,True,1,4,59171.0,19.88
994,648,290,True,False,False,False,False,True,1,3,118671.0,8.93
995,795,94,True,False,True,True,False,True,0,0,0.0,16.68
996,940,92,True,False,False,False,True,True,1,1,29580.85,9.92
997,790,69,False,True,True,True,False,True,0,0,0.0,21.73
998,541,8,False,True,False,False,True,True,1,4,84041.2,9.55
999,1443,166,False,True,False,False,True,True,1,1,4148.9,5.53
1000,770,77,False,False,True,True,True,True,1,1,11076.0,26.98
1001,1213,255,False,True,False,True,True,False,1,1,29420.55,9.54
1002,1106,52,True,False,True,False,True,True,1,2,41770.4,4.77
1003,838,191,False,False,True,True,True,False,1,2,46971.0,19.09
1004,1330,153,False,True,False,False,True,True,1,1,8000.4,11.47
1005,193,184,False,False,True,False,True,False,1,4,85228.0,27.49
1006,1382,34,True,True,False,False,True,True,1,2,45677.8,8.91
1007,1276,140,True,False,True,False,False,True,0,0,0.0,18.54
1008,756,188,False,True,False,True,False,False,0,0,0.0,21.56
1009,1101,103,False,False,False,False,False,False,1,3,24196.2,17.85
1010,781,263,True,True,False,True,True,False,1,1,23650.5,3.8
1011,404,159,True,False,True,True,False,False,1,1,26607.0,8.52
1012,1200,109,False,False,True,False,False,True,1,2,52121.5,15.5
1013,369,10,False,False,True,True,False,False,1,1,31178.3,20.61
1014,472,51,False,False,False,True,False,False,0,0,0.0,1.0
1015,779,143,False,True,True,False,False,True,0,0,0.0,16.58
1016,1257,121,False,True,True,False,True,False,1,1,24874.8,14.46
1017,576,262,False,False,False,False,False,False,1,2,48080.8,16.68
1018,742,236,False,False,True,False,False,False,0,0,0.0,20.73
1019,63,48,True,True,False,False,False,False,1,2,31388.8,12.74
1020,174,178,False,True,False,False,True,True,1,1,42135.0,9.45
1021,84,137,False,False,True,False,True,True,1,3,61816.5,22.45
1022,109,31,True,False,False,False,False,False,0,0,0.0,22.03
1023,1303,200,False,True,False,False,True,True,1,3,55020.0,11.33
1024,1263,162,False,False,True,True,False,False,0,0,0.0,23.2
1025,1233,27,True,False,False,False,True,False,1,4,110059.4,16.57
1026,84,141,True,False,False,False,False,True,0,0,0.0,25.55
1027,117,220,True,False,True,False,True,True,1,3,80526.6,9.55
1028,421,99,True,True,True,True,True,True,1,1,18441.6,9.39
1029,848,108,True,True,True,False,True,True,1,1,23231.2,18.24
1030,502,34,True,False,False,False,False,False,0,0,0.0,20.29
1031,732,62,False,False,True,True,False,False,0,0,0.0,18.98
1032,260,295,False,True,False,False,True,False,1,1,23308.0,1.56
1033,1097,187,True,False,False,True,False,False,0,0,0.0,17.31
1034,471,53,False,False,True,True,False,True,1,1,34222.1,21.02
1035,100,145,True,False,True,True,False,False,0,0,0.0,17.95
1036,1115,58,False,False,False,True,True,False,1,2,58633.0,17.85
1037,1355,133,False,True,False,True,False,False,0,0,0.0,26.26
1038,23,44,False,True,False,False,True,False,1,1,38706.45,5.94
1039,656,186,False,False,False,True,False,False,1,4,116562.2,14.54
1040,1241,172,False,True,True,True,False,False,1,1,30838.6,9.92
1041,1060,191,True,False,True,False,False,False,0,0,0.0,23.62
1042,1285,134,True,False,False,True,False,False,1,2,26688.1,7.24
1043,623,86,False,False,False,False,True,True,1,2,18853.2,23.54
1044,559,75,False,False,False,True,False,False,0,0,0.0,14.51
1045,1064,65,True,False,False,False,True,True,1,1,23356.2,11.44
1046,231,129,False,True,True,False,True,False,1,1,41126.4,13.36
1047,360,136,True,True,True,False,False,True,1,1,6785.6,11.47
1048,902,203,True,True,True,False,True,False,1,2,4864.0,11.54
1049,1003,16,False,True,False,False,False,False,1,1,19748.3,4.12
1050,180,85,False,False,True,True,True,True,1,1,15184.0,16.1
1051,763,256,True,True,True,True,False,True,0,0,0.0,26.37
1052,548,275,False,False,False,False,True,False,1,3,44363.25,14.92
1053,753,280,True,True,True,True,True,False,1,1,33782.0,9.52
1054,1438,92,True,False,False,False,False,False,1,2,59171.7,4.76
1055,115,42,False,True,False,False,True,False,0,0,0.0,24.42
1056,1494,60,True,False,False,False,False,False,0,0,0.0,18.86
1057,675,40,False,False,True,False,True,False,1,2,14456.4,19.09
1058,1159,287,False,False,True,True,True,False,0,0,0.0,16.76
1059,637,266,False,True,True,False,False,False,0,0,0.0,12.11
1060,467,244,False,False,True,False,False,True,0,0,0.0,22.42
1061,1156,219,False,True,True,False,True,True,1,1,19662.3,1.63
1062,1032,103,False,True,False,True,True,False,1,1,8060.4,11.84
1063,217,143,False,True,False,True,False,False,1,1,15703.25,9.28
1064,1059,253,True,False,False,True,False,False,0,0,0.0,23.98
1065,1130,245,False,False,False,True,True,False,1,2,66726.0,15.1
1066,582,156,True,True,True,False,True,True,0,0,0.0,17.74
1067,1389,252,False,True,True,False,True,False,0,0,0.0,15.51
1068,962,105,False,True,True,True,False,False,0,0,0.0,17.22
1069,501,125,False,False,False,False,False,False,1,1,31047.4,20.15
1070,17,252,False,True,True,True,False,True,0,0,0.0,16.12
1071,1013,113,True,False,False,False,True,False,1,4,104839.0,8.91
1072,314,226,False,False,True,False,True,True,1,1,6801.0,16.92
1073,1135,136,False,False,False,False,False,True,1,3,20356.8,18.49
1074,788,90,True,True,False,True,True,False,1,1,27710.0,9.02
1075,701,66,False,True,True,False,True,True,1,2,5887.8,7.62
1076,246,183,True,False,False,False,False,False,0,0,0.0,29.33
1077,1068,144,False,False,False,True,False,False,1,1,34152.9,18.76
1078,249,111,False,False,True,False,True,False,1,2,33180.6,19.15
1079,627,223,True,False,False,True,True,True,1,1,6759.0,4.99
1080,1255,1,False,False,False,True,True,True,0,0,0.0,17.0
1081,1381,28,False,False,False,False,False,True,1,2,62996.7,17.67
1082,1484,289,True,False,True,True,False,False,1,1,26767.0,3.94
1083,1438,200,True,True,False,False,True,False,1,1,18340.0,13.22
1084,834,165,True,True,True,False,True,False,1,2,84139.2,10.98
1085,301,5,False,False,False,False,False,False,0,0,0.0,15.71
1086,1259,180,True,False,False,True,True,False,1,2,27452.4,11.72
1087,1203,131,True,False,True,False,False,True,1,4,24668.4,11.64
1088,1486,180,True,False,True,False,True,False,1,3,41178.6,9.28
1089,977,13,True,False,False,False,True,True,1,4,67408.2,2.83
1090,213,166,True,True,True,False,True,True,1,2,8297.8,5.38
1091,755,174,True,False,True,True,True,False,1,3,35488.8,3.49
1092,673,88,True,True,True,False,True,False,1,1,20057.4,7.17
1093,1265,17,True,False,False,False,True,False,1,2,22314.0,8.57
1094,589,292,False,False,False,False,False,True,1,4,121344.8,24.79
1095,493,213,False,True,False,False,False,False,0,0,0.0,12.69
1096,121,187,False,False,False,True,True,False,1,1,17569.5,16.9
1097,1254,231,False,False,False,False,True,True,0,0,0.0,22.07
1098,1133,202,False,True,False,True,False,False,1,3,26660.4,1.0
1099,62,41,False,False,False,False,False,False,0,0,0.0,12.13
1100,651,137,True,False,False,False,True,False,0,0,0.0,32.11
1101,720,267,False,False,True,False,True,False,1,1,37496.0,21.68
1102,704,87,False,False,True,False,True,False,0,0,0.0,16.36
1103,1379,292,False,False,True,True,True,True,1,3,90993.6,23.98
1104,227,20,False,True,True,False,True,False,1,4,51908.0,8.59
1105,460,100,False,True,False,True,True,False,1,2,10337.6,3.84
1106,272,106,False,False,False,True,True,False,0,0,0.0,8.31
1107,367,186,True,True,False,False,True,True,1,2,58271.1,10.78
1108,1361,53,True,False,False,False,True,True,0,0,0.0,18.66
1109,1412,69,True,False,True,True,True,False,1,2,34874.5,11.47
1110,67,199,True,True,True,False,False,False,1,4,74372.0,5.3
1111,949,86,True,False,False,False,True,True,1,3,28279.8,16.86
1112,350,264,False,True,True,True,True,False,1,1,7036.2,2.75
1113,289,262,False,False,False,False,True,True,1,4,96141.6,20.12
1114,439,91,False,True,False,False,False,False,1,3,20515.2,5.73
1115,292,168,False,True,True,False,False,True,0,0,0.0,21.63
1116,736,100,False,True,True,False,False,False,1,2,10347.6,7.1
1117,1494,104,False,True,False,False,False,False,0,0,0.0,24.28
1118,880,202,True,False,False,False,False,True,0,0,0.0,26.94
1119,1085,88,True,True,False,True,False,True,1,2,40124.8,4.84
1120,740,45,False,False,False,False,True,True,0,0,0.0,20.05
1121,21,78,False,False,False,False,False,False,0,0,0.0,12.07
1122,127,279,False,True,False,False,False,True,0,0,0.0,24.22
1123,404,78,False,True,False,False,True,True,1,1,5625.6,9.36
1124,366,110,True,False,True,False,False,False,1,1,33709.1,10.04
1125,1261,189,False,False,False,False,False,False,0,0,0.0,19.08
1126,1266,31,False,False,False,True,True,False,1,3,95159.25,21.74
1127,1282,81,False,True,True,False,False,False,0,0,0.0,24.28
1128,957,53,False,True,False,False,True,False,1,1,34217.1,11.33
1129,835,278,True,False,False,False,False,True,1,4,95668.0,7.03
1130,974,280,True,True,False,True,False,True,1,1,33787.0,2.64
1131,611,227,False,True,False,True,False,False,1,4,157203.2,7.16
1132,1006,75,False,True,True,False,True,True,1,3,96465.6,11.26
1133,1192,185,False,False,True,False,False,False,1,4,4045.6,23.34
1134,1145,199,False,False,False,True,True,False,1,2,37176.0,14.22
1135,921,261,True,False,False,False,True,False,1,4,90723.2,4.48
1136,88,47,True,True,False,False,True,False,1,2,26466.0,9.63
1137,1088,221,True,False,False,False,False,False,0,0,0.0,28.2
1138,550,59,False,True,True,False,False,True,1,4,121032.8,8.53
1139,1116,171,True,False,True,True,False,True,1,3,87672.75,6.18
1140,810,264,True,False,False,False,True,False,1,3,21108.6,14.09
1141,1322,19,False,False,False,True,True,False,1,1,27455.95,24.73
1142,508,45,False,True,False,False,False,False,1,2,31315.6,14.21
1143,1398,244,True,False,True,True,True,True,1,1,18518.25,9.54
1144,1267,6,True,False,True,False,True,False,0,0,0.0,23.51
1145,497,206,False,False,False,False,False,False,0,0,0.0,2.09
1146,724,151,False,False,True,True,True,False,1,3,37000.5,18.58
1147,798,104,True,False,True,True,True,False,1,2,4282.6,6.77
1148,1153,259,True,False,False,False,True,False,1,4,3021.6,6.96
1149,1034,255,False,False,False,True,False,False,0,0,0.0,24.03
1150,1279,98,True,True,False,False,True,True,1,2,35722.1,10.38
1151,555,2,True,False,False,False,False,True,1,4,54581.6,7.54
1152,758,39,False,False,True,False,False,False,0,0,0.0,11.78
1153,647,33,False,False,False,False,True,False,1,2,25115.2,5.2
1154,1365,295,False,False,True,False,True,False,1,2,46616.0,25.49
1155,458,180,False,False,False,False,True,True,1,1,13726.2,20.38
1156,881,204,False,False,True,True,False,True,0,0,0.0,17.68
1157,181,70,True,True,False,True,False,True,1,2,60831.6,12.83
1158,1276,256,False,True,True,False,False,True,1,4,172771.8,12.31
1159,577,217,True,True,True,False,False,False,1,1,31483.3,8.86
1160,511,226,True,False,True,True,False,True,1,2,13612.0,12.44
1161,875,141,True,False,False,False,True,False,1,2,52092.6,7.43
1162,749,210,False,True,True,True,False,False,0,0,0.0,24.38
1163,1272,164,False,False,True,False,True,False,0,0,0.0,19.33
1164,798,116,True,False,False,True,True,False,1,1,14924.0,7.4
1165,776,179,False,True,True,False,False,True,1,2,27671.5,1.82
1166,158,98,False,False,True,True,False,True,0,0,0.0,25.52
1167,33,286,False,False,False,True,True,False,0,0,0.0,16.49
1168,598,216,False,False,False,False,False,True,1,1,29917.25,20.61
1169,1498,222,True,True,False,False,True,True,1,3,101018.25,10.25
1170,1377,216,True,True,False,False,True,True,1,2,59824.5,9.24
1171,944,135,False,False,True,True,False,False,1,1,36724.1,13.67
1172,947,286,True,False,True,False,True,False,1,1,38412.3,4.22
1173,588,63,True,False,True,False,True,False,1,2,62454.6,19.56
1174,267,171,False,True,False,True,True,True,1,4,116877.0,10.64
1175,13,21,True,True,False,True,False,False,1,4,59837.6,8.61
1176,509,89,False,False,True,False,False,False,0,0,0.0,15.12
1177,475,173,True,True,False,False,False,False,1,2,88528.0,7.62
1178,288,147,False,False,False,False,True,False,1,3,110529.6,25.22
1179,389,283,False,False,False,True,True,False,0,0,0.0,23.45
1180,38,185,False,False,False,True,False,False,1,1,1011.4,19.02
1181,912,124,True,True,False,False,False,True,1,2,29600.4,4.64
1182,1392,129,True,True,True,True,True,True,1,3,123379.2,8.73
1183,1037,184,False,False,False,False,False,False,0,0,0.0,16.83
1184,673,238,True,True,True,False,False,True,1,1,23315.0,1.61
1185,631,83,False,True,False,True,True,False,1,1,976.8,15.06
1186,462,176,False,True,False,True,False,True,0,0,0.0,29.43
1187,214,173,False,True,False,False,False,False,0,0,0.0,10.06
1188,898,3,False,True,True,False,False,False,1,3,49892.85,4.03
1189,850,274,True,False,False,True,True,True,1,2,3267.2,4.45
1190,11,171,True,False,False,False,True,False,1,2,58438.5,11.61
1191,624,73,True,True,True,False,False,True,0,0,0.0,28.73
1192,418,191,True,False,False,True,False,True,0,0,0.0,14.86
1193,256,204,False,False,True,False,False,True,0,0,0.0,19.64
1194,1055,275,True,False,False,False,False,False,0,0,0.0,23.37
1195,789,11,False,False,False,True,False,True,0,0,0.0,12.85
1196,951,125,False,False,False,True,False,False,1,1,31047.4,28.17
1197,1071,55,True,False,False,False,True,False,0,0,0.0,28.23
1198,1473,173,False,True,True,False,True,False,1,1,44259.0,7.7
1199,1205,151,False,True,True,False,True,True,1,4,49334.0,6.54
1200,931,143,True,False,False,True,False,False,1,2,31406.5,4.63
1201,1319,295,True,True,False,True,False,True,1,3,69939.0,1.75
1202,717,160,True,True,False,True,False,False,1,2,36946.0,13.46
1203,1478,124,True,False,False,False,False,False,1,3,44400.6,6.26
1204,1143,21,False,False,True,False,True,True,1,1,14954.4,16.31
1205,977,87,True,False,True,False,True,True,1,4,120638.6,6.51
1206,1355,270,True,False,False,False,True,False,1,2,5910.9,8.3
1207,773,136,False,False,True,True,True,False,1,4,27122.4,22.38
1208,1082,274,True,False,True,False,False,False,1,1,1638.6,5.38
1209,428,160,False,True,False,False,True,False,0,0,0.0,22.05
1210,1445,165,True,True,True,True,False,True,0,0,0.0,27.35
1211,936,129,False,False,True,False,True,True,1,4,164505.6,25.4
1212,1174,167,True,False,True,True,True,False,1,2,5007.6,7.19
1213,692,21,True,False,False,True,False,False,1,2,29918.8,12.29
1214,1301,18,False,True,False,False,False,False,1,1,35120.75,7.5
1215,112,143,True,False,True,True,True,False,1,1,15698.25,9.26
1216,172,180,True,False,True,False,False,False,1,3,41193.6,11.78
1217,761,166,False,False,False,True,False,True,0,0,0.0,14.25
1218,1099,129,False,True,False,True,True,False,1,1,41126.4,9.27
1219,1214,89,False,False,False,False,True,True,1,1,6075.9,16.39
1220,661,213,True,True,False,False,False,False,0,0,0.0,15.84
1221,975,182,True,False,False,False,True,False,0,0,0.0,25.56
1222,830,15,False,False,False,False,True,False,1,1,4828.85,19.66
1223,1443,136,False,False,False,True,True,True,1,4,27122.4,18.62
1224,982,214,False,True,False,False,False,False,0,0,0.0,28.46
1225,626,236,True,True,False,False,True,True,1,4,124056.8,5.19
1226,1455,87,False,False,True,True,True,True,0,0,0.0,19.7
1227,161,278,True,False,False,True,True,False,1,1,23912.0,16.83
1228,1477,196,True,False,True,True,False,False,1,1,25542.2,6.3
1229,232,132,True,True,True,True,False,True,1,1,30585.8,4.42
1230,433,189,True,False,True,False,False,False,1,1,37414.6,8.2
1231,1233,262,True,True,True,True,True,False,0,0,0.0,23.32
1232,1101,69,False,False,True,False,False,False,1,3,52326.75,24.49
1233,1456,46,False,True,True,True,True,True,1,3,81912.0,7.02
1234,1125,133,False,False,True,True,False,False,1,1,12800.3,22.41
1235,956,26,False,True,False,False,False,True,1,2,58381.2,7.96
1236,520,251,True,False,False,True,False,True,1,1,8308.2,4.32
1237,8,292,False,True,False,False,False,False,0,0,0.0,19.7
1238,186,182,False,False,True,True,True,True,1,2,15426.1,22.01
1239,447,294,False,True,True,False,True,True,1,4,60060.0,4.64
1240,62,21,True,False,True,False,True,True,1,2,29908.8,9.68
1241,763,190,False,False,False,False,False,False,1,2,33817.6,18.26
1242,1167,133,False,False,False,True,True,False,0,0,0.0,17.14
1243,1445,84,True,False,False,False,True,False,1,1,23680.65,15.36
1244,735,94,False,True,True,True,False,False,1,2,31376.5,5.12
1245,1313,164,True,True,True,False,False,True,1,1,24722.0,10.42
1246,1479,193,True,False,False,False,False,True,0,0,0.0,23.6
1247,1290,50,False,False,False,True,True,False,1,3,32551.2,18.61
1248,698,185,True,False,False,False,True,True,1,2,2012.8,11.5
1249,488,278,False,True,True,True,True,False,1,3,71736.0,9.1
1250,1467,4,False,True,True,True,False,False,0,0,0.0,18.86
1251,363,264,False,False,False,False,True,True,0,0,0.0,19.9
1252,618,183,True,False,True,False,False,True,0,0,0.0,26.47
1253,112,103,False,False,False,False,False,False,1,3,24196.2,19.8
1254,1191,221,False,False,False,True,False,False,1,1,10129.1,24.7
1255,975,186,True,False,True,False,False,False,1,2,58281.1,3.44
1256,128,231,True,True,False,False,False,True,1,1,40767.6,3.76
1257,333,25,True,True,True,False,True,False,1,1,7766.45,4.82
1258,834,18,False,False,False,True,True,True,1,1,35115.75,18.54
1259,811,193,False,True,True,False,False,True,1,2,31734.8,12.48
1260,1204,92,True,False,True,False,True,True,1,1,29580.85,8.17
1261,400,72,False,True,True,False,True,False,0,0,0.0,14.04
1262,1388,127,False,False,False,True,False,True,0,0,0.0,17.15
1263,667,218,True,False,False,False,False,False,1,4,10658.6,5.13
1264,1234,54,False,False,True,True,True,False,1,2,78808.2,22.37
1265,358,292,True,False,True,False,True,False,1,3,90993.6,12.55
1266,56,127,True,True,False,True,True,False,1,1,31682.05,5.72
1267,83,46,False,False,False,False,True,False,0,0,0.0,13.98
1268,560,22,False,True,False,False,False,False,1,3,38089.05,12.29
1269,1430,258,False,False,True,True,True,True,1,1,6255.9,21.85
1270,74,34,False,False,True,False,False,False,1,2,45687.8,25.0
1271,554,126,False,False,False,True,False,True,0,0,0.0,13.54
1272,164,201,False,True,True,True,False,False,0,0,0.0,31.81
1273,1398,154,False,False,True,False,False,False,1,1,29731.2,23.48
1274,1013,79,True,False,False,False,True,False,1,4,80572.8,10.68
1275,1145,33,True,True,True,True,False,False,0,0,0.0,26.19
1276,1070,214,True,True,False,True,False,True,1,1,33887.1,6.6
1277,986,148,False,False,False,True,False,False,0,0,0.0,12.96
1278,1161,15,True,True,False,True,False,False,0,0,0.0,21.26
1279,13,55,True,False,False,False,True,False,0,0,0.0,26.53
1280,1299,169,False,False,False,False,False,False,0,0,0.0,7.32
1281,1110,51,False,False,False,False,True,False,0,0,0.0,18.95
1282,1110,118,True,False,False,True,True,False,1,1,693.6,6.68
1283,591,38,False,False,True,False,True,False,1,1,22353.75,26.27
1284,1202,240,False,True,False,False,True,False,1,1,13341.3,15.14
1285,573,190,True,True,True,False,True,True,1,2,33807.6,7.56
1286,74,236,False,False,True,False,False,True,0,0,0.0,13.17
1287,1362,16,True,True,True,False,True,False,1,1,19743.3,12.13
1288,352,113,True,True,False,True,True,False,1,4,104839.0,8.56
1289,153,81,False,False,False,True,False,False,0,0,0.0,8.05
1290,933,187,False,False,False,True,True,False,0,0,0.0,11.25
1291,351,247,False,False,False,True,True,False,1,1,28274.4,18.99
1292,1288,69,True,False,False,False,True,False,0,0,0.0,14.98
1293,666,231,True,True,False,False,True,True,1,2,81525.2,5.19
1294,7,175,False,False,False,True,False,False,0,0,0.0,15.77
1295,1428,248,False,False,True,False,True,True,1,3,34423.2,18.09
1296,772,25,False,False,False,False,False,False,1,2,15542.9,12.05
1297,395,298,False,False,False,False,False,True,1,1,586.7,18.61
1298,1016,131,False,False,False,False,True,True,1,1,6162.1,13.69
1299,796,85,True,False,True,True,True,True,1,2,30368.0,6.49
1300,45,55,False,True,True,False,True,False,1,1,8968.0,9.74
1301,1140,296,False,False,True,False,True,False,1,1,18643.0,25.21
1302,603,266,False,True,True,False,False,True,1,2,20720.0,13.58
1303,1050,40,False,False,True,False,False,True,0,0,0.0,14.81
1304,1344,134,True,False,True,True,False,False,1,3,40032.15,7.75
1305,916,221,False,False,False,False,True,False,1,2,20248.2,21.88
1306,1008,178,True,False,True,False,True,False,0,0,0.0,17.55
1307,382,57,False,False,True,False,False,False,0,0,0.0,11.33
1308,357,109,False,True,False,False,True,False,0,0,0.0,15.1
1309,623,111,False,False,False,False,False,True,1,4,66381.2,18.29
1310,1280,87,False,True,True,False,True,False,1,4,120638.6,7.72
1311,787,289,False,True,False,True,False,False,0,0,0.0,18.05
1312,523,61,True,True,False,False,True,True,0,0,0.0,25.01
1313,1170,212,True,False,True,False,False,False,0,0,0.0,21.79
1314,1281,274,True,False,False,True,False,True,1,3,4915.8,7.14
1315,1354,239,False,True,False,False,False,False,1,4,25920.0,1.0
1316,449,240,False,False,False,False,True,True,0,0,0.0,9.23
1317,1065,48,False,False,False,False,True,False,1,1,15689.4,9.8
1318,886,40,True,True,False,False,True,False,1,2,14456.4,9.24
1319,674,235,False,False,False,False,False,False,1,1,39355.75,20.98
1320,596,225,True,False,False,True,True,False,1,3,41727.6,8.04
1321,172,223,True,False,False,False,False,True,1,1,6764.0,13.07
1322,413,126,False,False,True,False,False,True,0,0,0.0,9.37
1323,825,158,False,False,True,False,True,False,1,2,4315.2,19.11
1324,1330,5,True,False,False,True,False,False,1,4,23102.6,1.0
1325,1300,88,True,False,False,False,False,True,0,0,0.0,20.4
1326,282,159,True,False,True,False,True,False,0,0,0.0,22.48
1327,1019,38,False,False,True,False,True,False,1,1,22353.75,17.92
1328,128,40,True,True,True,False,True,False,1,1,7228.2,4.99
1329,1013,14,True,False,True,False,False,True,1,2,35631.2,10.52
1330,513,63,True,False,True,True,False,False,0,0,0.0,28.6
1331,675,298,False,False,True,True,False,False,1,2,1173.4,20.23
1332,1077,209,False,True,False,True,False,False,0,0,0.0,19.75
1333,638,285,True,False,True,True,True,False,1,2,49862.0,8.7
1334,1212,78,False,False,True,False,True,True,0,0,0.0,6.05
1335,801,180,True,True,True,False,True,True,1,2,27452.4,10.17
1336,1499,268,False,False,True,False,True,False,1,1,20546.4,22.66
1337,958,106,True,False,True,False,False,True,1,2,69430.4,6.83
1338,445,198,True,False,False,False,False,False,1,1,30396.75,3.87
1339,1163,208,False,True,True,True,False,False,0,0,0.0,19.42
1340,612,250,True,False,False,False,False,True,0,0,0.0,13.32
1341,802,291,True,False,True,True,True,False,1,1,27459.75,6.73
1342,206,185,False,False,True,True,True,False,0,0,0.0,12.23
1343,180,175,False,True,True,True,True,True,1,1,5401.8,5.45
1344,863,261,False,False,True,False,True,False,1,1,22680.8,23.09
1345,281,206,True,False,False,False,True,True,1,2,52425.8,13.0
1346,1497,109,False,False,True,False,True,True,0,0,0.0,11.82
1347,1284,190,True,False,True,True,True,False,1,4,67615.2,11.38
1348,1052,165,False,True,True,False,False,True,1,3,126223.8,4.72
1349,1103,69,True,True,False,False,False,False,0,0,0.0,27.34
1350,893,155,False,True,False,False,True,False,0,0,0.0,14.09
1351,91,188,True,True,False,False,True,True,1,1,20848.0,15.86
1352,589,272,True,False,False,False,True,False,1,1,29832.75,4.17
1353,744,175,True,False,False,False,True,False,0,0,0.0,29.34
1354,1373,50,False,False,False,False,True,False,1,1,10850.4,22.48
1355,330,297,False,False,False,False,False,True,0,0,0.0,18.15
1356,746,174,False,False,False,False,False,True,0,0,0.0,19.07
1357,517,87,False,False,False,False,False,False,0,0,0.0,7.24
1358,202,227,True,False,False,False,True,True,0,0,0.0,26.82
1359,155,116,True,True,True,False,False,False,1,1,14929.0,3.95
1360,549,112,True,True,True,False,False,False,1,2,55270.8,9.5
1361,124,252,False,False,True,False,False,False,0,0,0.0,15.27
1362,101,261,True,True,True,False,False,False,1,1,22685.8,9.12
1363,527,158,False,True,True,False,True,True,1,2,4315.2,1.0
1364,303,112,False,False,False,False,True,True,0,0,0.0,11.08
1365,833,259,True,False,False,False,False,False,0,0,0.0,27.72
1366,27,52,False,False,True,False,False,False,1,4,83560.8,21.17
1367,453,225,True,False,True,False,False,True,1,1,13914.2,3.61
1368,680,176,True,True,False,False,True,True,1,4,10931.2,5.15
1369,1445,257,False,True,False,False,False,True,1,3,3527.7,8.78
1370,952,127,True,True,False,False,False,False,1,3,95061.15,11.16
1371,1322,250,False,True,True,False,True,False,1,1,39026.7,9.99
1372,515,5,False,False,True,False,False,False,1,1,5775.65,22.77
1373,675,228,True,False,True,False,True,False,1,2,18841.6,8.15
1374,631,21,False,False,False,False,True,False,1,1,14954.4,21.86
1375,1332,193,False,False,True,True,False,True,0,0,0.0,16.0
1376,1439,59,True,False,False,False,True,True,1,3,90759.6,8.81
1377,1444,290,False,False,False,False,True,False,0,0,0.0,15.94
1378,1128,231,False,True,False,False,False,False,0,0,0.0,24.78
1379,755,32,False,False,False,False,False,False,0,0,0.0,14.57
1380,812,268,True,False,True,True,True,True,1,2,41092.8,1.58
1381,1471,76,True,True,True,True,True,False,1,1,28362.0,9.88
1382,427,164,True,False,False,True,True,False,1,1,24717.0,7.96
1383,521,26,False,False,True,False,True,True,1,3,87556.8,13.63
1384,1346,32,False,False,False,False,True,False,1,2,63475.2,19.31
1385,580,73,True,False,False,False,True,False,0,0,0.0,30.95
1386,353,161,False,True,True,False,True,False,1,1,28533.6,6.74
1387,841,163,True,False,True,True,False,False,1,1,47169.65,8.38
1388,489,257,True,True,False,False,True,False,1,2,2341.8,11.56
1389,1337,50,False,True,True,False,True,False,1,4,43401.6,7.29
1390,1364,225,False,False,True,False,True,True,0,0,0.0,18.12
1391,460,2,True,False,False,False,True,True,1,2,27280.8,1.48
1392,795,88,True,True,True,False,False,False,0,0,0.0,23.34
1393,1476,53,False,False,True,False,False,True,0,0,0.0,10.26
1394,1114,38,False,False,True,False,True,True,1,3,67061.25,21.7
1395,324,176,False,False,True,False,False,False,1,2,5475.6,23.07
1396,887,271,False,True,True,False,True,True,1,1,22996.5,11.73
1397,930,201,False,False,True,True,True,True,1,1,29016.45,12.98
1398,981,257,True,False,False,False,False,False,1,2,2351.8,3.78
1399,38,178,False,False,True,False,True,True,1,4,168540.0,22.04
1400,450,17,False,False,False,True,True,False,0,0,0.0,12.92
1401,1282,104,False,False,False,False,True,False,1,1,2141.3,21.27
1402,363,248,True,False,False,False,True,True,0,0,0.0,13.44
1403,450,14,True,False,False,False,True,False,0,0,0.0,21.33
1404,484,30,True,False,False,True,True,True,0,0,0.0,18.62
1405,267,251,False,True,False,False,False,False,0,0,0.0,21.87
1406,234,19,False,False,True,False,True,False,0,0,0.0,13.82
1407,521,288,False,False,False,True,False,True,1,2,67576.4,21.55
1408,1312,228,True,True,False,False,False,True,1,3,28277.4,11.76
1409,3,200,True,True,True,False,False,False,1,1,18345.0,7.28
1410,425,161,False,False,False,True,True,False,0,0,0.0,12.48
1411,91,27,False,False,False,False,True,False,0,0,0.0,16.77
1412,843,125,True,False,False,False,True,True,1,2,62084.8,16.01
1413,376,243,False,False,True,False,True,False,0,0,0.0,15.47
1414,1188,272,False,True,False,True,False,True,1,1,29837.75,6.66
1415,878,135,True,True,True,True,False,False,1,1,36724.1,6.51
1416,1176,252,False,True,True,False,False,False,1,4,62060.0,14.92
1417,953,233,False,False,False,False,False,True,1,4,114438.8,12.45
1418,658,18,True,False,False,True,True,True,1,1,35115.75,8.74
1419,1292,187,True,False,False,False,True,True,1,4,70278.0,7.06
1420,715,185,False,False,True,False,False,False,0,0,0.0,17.95
1421,1425,163,True,False,False,True,False,False,0,0,0.0,15.02
1422,1493,232,False,False,True,True,False,False,1,4,136139.0,19.64
1423,884,267,False,False,True,False,False,True,0,0,0.0,19.25
1424,1012,166,False,True,True,False,False,True,1,4,16615.6,6.44
1425,384,97,False,False,True,False,False,False,0,0,0.0,14.48
1426,1222,295,True,False,False,True,False,True,1,4,93252.0,4.83
1427,1008,290,False,True,True,True,False,False,1,3,118671.0,7.05
1428,1354,206,False,True,True,False,True,True,1,2,52425.8,1.8
1429,401,193,False,False,False,True,False,False,0,0,0.0,7.3
1430,1182,32,False,True,True,False,True,True,1,2,63475.2,11.92
1431,706,121,False,True,False,True,False,True,1,2,49759.6,5.95
1432,278,60,False,True,True,True,True,True,1,2,49849.8,5.32
1433,257,155,False,False,True,True,True,True,1,3,93398.4,14.47
1434,844,248,False,True,True,True,True,False,1,1,11474.4,13.62
1435,480,68,True,False,True,False,True,True,1,3,106816.95,5.67
1436,153,300,False,True,True,True,False,False,0,0,0.0,17.35
1437,641,39,False,False,True,False,False,True,1,2,61486.8,20.73
1438,980,30,True,True,False,False,True,True,1,1,28488.6,7.01
1439,479,293,True,True,True,False,False,False,1,4,138882.8,11.55
1440,1434,31,True,False,True,False,False,False,0,0,0.0,20.64
1441,1170,221,True,True,True,False,True,True,1,1,10124.1,6.99
1442,770,230,False,True,True,True,False,True,0,0,0.0,18.11
1443,1402,100,False,False,True,True,True,True,1,3,15506.4,13.27
1444,650,20,False,False,True,True,True,True,1,1,12977.0,15.2
1445,210,93,False,False,False,False,False,False,1,3,78821.4,19.43
1446,54,21,True,False,True,True,True,False,1,1,14954.4,14.1
1447,1408,202,True,False,False,True,False,False,1,4,35547.2,10.94
1448,1440,267,True,False,False,True,False,False,1,4,150004.0,6.79
1449,1109,300,False,False,True,True,False,True,1,3,44431.8,22.22
1450,155,241,False,False,False,False,False,True,0,0,0.0,9.9
1451,441,233,True,True,False,False,False,False,1,1,28609.7,13.39
1452,62,265,True,False,True,False,True,False,0,0,0.0,26.46
1453,77,231,True,False,True,False,True,False,1,1,40762.6,13.25
1454,370,196,False,True,False,True,True,True,1,3,76611.6,9.96
1455,859,299,True,False,True,False,True,True,1,1,1208.2,5.54
1456,99,97,False,True,False,False,False,True,1,1,29994.2,3.95
1457,1477,124,True,True,False,False,False,False,1,1,14800.2,6.41
1458,683,272,True,True,True,True,False,False,1,1,29837.75,2.66
1459,396,94,True,False,False,True,True,False,0,0,0.0,25.87
1460,775,90,True,False,True,False,True,False,1,1,27710.0,9.43
1461,1186,46,True,False,True,False,True,False,1,1,27304.0,3.51
1462,469,83,True,True,False,True,True,True,1,1,976.8,11.01
1463,72,179,False,True,False,False,True,False,1,1,13830.75,6.73
1464,77,266,False,True,False,True,True,False,1,2,20710.0,5.35
1465,1278,41,False,True,True,True,False,False,1,1,41608.35,8.91
1466,168,205,False,False,False,False,True,True,1,3,87653.25,19.67
1467,954,230,False,False,False,False,False,False,0,0,0.0,18.26
1468,577,269,True,True,True,True,False,True,1,1,2213.6,12.51
1469,1167,226,False,False,False,False,True,False,0,0,0.0,20.46
1470,91,47,True,False,True,False,True,True,1,1,13233.0,1.0
1471,1347,147,False,False,True,True,False,True,1,1,36848.2,18.83
1472,1048,286,True,True,False,False,False,False,0,0,0.0,21.53
1473,674,273,False,False,True,False,False,True,1,2,42607.0,15.08
1474,311,184,True,False,True,False,False,False,0,0,0.0,16.59
1475,1466,289,False,False,True,False,False,False,0,0,0.0,22.34
1476,454,201,True,True,True,True,False,True,1,1,29021.45,1.0
1477,736,20,False,False,False,False,True,False,1,1,12977.0,20.66
1478,592,275,False,True,False,True,False,False,1,1,14792.75,2.21
1479,346,51,False,False,True,False,True,False,0,0,0.0,10.09
1480,625,115,True,False,True,True,False,False,1,4,83696.0,11.86
1481,228,72,False,True,True,False,False,False,1,1,5244.25,7.64
1482,3,216,True,False,True,False,False,True,1,2,59834.5,10.01
1483,435,9,False,False,False,True,True,False,0,0,0.0,15.55
1484,169,193,True,False,False,False,True,False,1,1,15862.4,12.71
1485,623,260,False,True,False,False,True,True,1,3,84558.0,11.57
1486,1295,237,True,True,False,False,False,False,0,0,0.0,27.39
1487,244,93,False,False,False,False,False,False,0,0,0.0,24.11
1488,2,270,True,True,True,True,False,False,1,3,8881.35,9.9
1489,167,109,True,False,True,False,True,True,1,2,52111.5,15.41
1490,763,205,True,False,True,True,True,False,1,2,58435.5,8.93
1491,413,153,False,True,False,False,True,True,1,2,16000.8,11.87
1492,735,21,True,False,True,False,True,False,1,2,29908.8,15.37
1493,44,1,False,True,False,False,False,True,1,1,11072.6,9.92
1494,500,55,False,False,False,True,False,False,0,0,0.0,16.84
1495,616,281,True,False,False,True,False,True,1,2,86644.0,7.61
1496,647,287,False,False,False,False,False,False,0,0,0.0,13.21
1497,827,124,False,False,True,False,True,True,1,3,44385.6,22.07
1498,1171,291,False,False,True,False,False,False,0,0,0.0,21.17
1499,701,15,True,False,False,False,True,False,1,1,4828.85,6.71
1500,1262,291,False,False,True,False,False,True,1,2,54929.5,25.1
1501,795,70,True,True,False,False,False,False,1,2,60831.6,6.37
1502,391,12,True,False,False,False,False,False,1,3,62225.4,9.91
1503,344,228,True,False,True,False,True,False,1,1,9420.8,7.96
1504,484,115,True,True,False,False,True,False,1,2,41838.0,3.9
1505,897,88,True,False,False,False,True,False,0,0,0.0,23.78
1506,364,228,True,False,True,False,True,False,1,2,18841.6,8.66
1507,1372,100,False,False,False,False,False,False,0,0,0.0,14.82
1508,720,226,False,True,False,False,True,False,1,1,6801.0,4.08
1509,1295,59,False,False,False,False,True,True,1,1,30253.2,20.17
1510,1025,26,True,True,True,True,True,False,1,2,58371.2,12.57
1511,501,98,False,False,True,True,False,True,1,1,17866.05,20.34
1512,343,183,False,False,True,False,False,False,0,0,0.0,15.63
1513,1116,68,True,True,True,False,True,False,1,2,71211.3,3.93
1514,497,43,False,True,True,False,False,False,1,2,38652.4,7.36
1515,371,225,True,False,False,False,True,False,1,3,41727.6,10.51
1516,1396,148,True,False,True,True,True,False,1,2,51886.8,12.2
1517,724,130,True,False,True,False,False,False,0,0,0.0,19.14
1518,73,72,False,False,False,False,True,False,0,0,0.0,13.56
1519,743,6,True,True,False,True,True,True,1,2,4584.0,15.43
1520,692,16,False,False,True,True,True,False,0,0,0.0,22.64
1521,1296,205,True,False,False,False,True,True,1,1,29217.75,12.38
1522,1068,25,True,False,False,False,True,False,1,1,7766.45,7.97
1523,288,75,True,False,True,False,False,False,1,1,32160.2,7.43
1524,226,274,True,False,True,False,False,False,1,1,1638.6,12.82
1525,906,104,False,True,True,False,False,True,1,1,2146.3,5.72
1526,72,224,True,False,False,False,False,False,0,0,0.0,19.46
1527,479,103,True,False,False,False,True,False,1,1,8060.4,14.98
1528,208,280,True,True,False,False,False,False,1,2,67574.0,5.67
1529,31,247,True,False,True,True,False,True,1,2,56558.8,1.0
1530,1379,141,False,False,False,True,True,True,1,2,52092.6,16.42
1531,135,206,True,False,True,False,True,False,1,4,104851.6,1.38
1532,14,124,False,False,True,False,False,False,0,0,0.0,16.39
1533,1400,284,False,False,True,False,False,False,1,1,3009.85,17.43
1534,283,108,False,True,False,False,True,False,1,2,46462.4,9.51
1535,1225,251,False,True,True,False,True,False,1,1,8303.2,9.16
1536,47,185,True,False,False,False,False,False,0,0,0.0,20.35
1537,231,194,False,False,True,False,True,True,1,1,16945.15,19.59
1538,166,106,True,False,False,True,False,False,0,0,0.0,23.26
1539,1060,250,True,False,False,False,False,False,0,0,0.0,18.49
1540,931,224,False,False,True,False,True,True,0,0,0.0,9.72
1541,714,245,False,False,True,True,True,False,1,2,66726.0,17.68
1542,363,241,True,False,True,False,False,False,1,1,33732.85,12.67
1543,134,48,True,True,True,True,True,True,1,1,15689.4,5.06
1544,854,263,False,True,True,False,False,True,1,2,47311.0,7.32
1545,347,253,False,True,False,True,True,True,1,1,12324.2,10.67
1546,886,73,False,False,True,True,False,True,1,1,1825.0,24.93
1547,1032,295,False,False,False,False,True,True,1,4,93232.0,16.67
1548,1275,159,True,True,True,False,False,False,1,2,53214.0,15.32
1549,741,97,False,False,False,False,False,False,0,0,0.0,10.26
1550,8,68,False,True,True,False,False,True,1,2,71221.3,12.58
1551,422,110,False,False,True,True,True,True,1,1,33704.1,21.17
1552,1281,12,True,False,False,True,True,True,1,1,20736.8,8.82
1553,800,208,False,False,False,False,True,True,1,4,3661.2,13.9
1554,929,213,False,True,False,True,False,True,1,2,35134.0,2.75
1555,687,201,False,False,True,True,True,True,0,0,0.0,19.97
1556,245,165,True,False,False,True,True,False,1,3,126208.8,10.16
1557,1346,109,False,True,False,False,True,False,1,1,26055.75,8.74
1558,1160,218,False,True,True,False,False,True,0,0,0.0,26.02
1559,1493,262,True,True,False,True,False,False,1,2,48080.8,4.42
1560,1284,27,True,False,True,False,False,False,1,2,55039.7,3.64
1561,437,115,True,True,False,False,False,False,1,1,20924.0,5.14
1562,382,299,False,True,False,False,False,False,0,0,0.0,14.15
1563,373,259,False,False,True,True,False,False,0,0,0.0,17.65
1564,1379,299,True,True,False,False,False,False,1,3,3639.6,12.54
1565,836,55,True,True,True,False,False,False,1,2,17946.0,6.15
1566,682,140,False,False,True,False,True,False,0,0,0.0,16.2
1567,1453,40,False,True,True,False,False,False,1,2,14466.4,7.32
1568,906,260,True,True,True,True,True,False,1,2,56372.0,8.14
1569,1365,156,False,False,True,False,True,False,1,3,15000.75,28.51
1570,1477,74,False,True,True,False,True,True,1,1,4733.4,7.84
1571,120,28,False,False,False,False,False,True,1,3,94495.05,22.88
1572,543,222,False,False,True,False,False,False,0,0,0.0,19.53
1573,1102,244,False,False,False,False,False,True,0,0,0.0,15.72
1574,1220,264,True,True,True,False,False,True,1,1,7041.2,1.9
1575,223,292,False,True,False,True,False,False,0,0,0.0,20.85
1576,478,245,False,True,True,False,False,False,1,1,33368.0,3.79
1577,823,236,False,True,True,False,False,False,1,1,31019.2,15.45
1578,1199,244,True,False,True,True,True,True,1,4,74073.0,2.38
1579,170,300,False,True,False,False,False,False,0,0,0.0,24.55
1580,902,139,False,False,False,False,True,False,0,0,0.0,17.67
1581,445,228,False,False,True,True,False,True,1,1,9425.8,21.34
1582,325,246,True,True,True,False,True,True,1,4,18914.2,7.46
1583,774,35,False,True,False,False,False,False,0,0,0.0,23.2
1584,622,208,False,False,True,False,False,False,1,4,3681.2,16.22
1585,954,102,True,False,True,False,True,False,1,1,10565.9,15.5
1586,477,40,True,False,False,False,True,True,1,4,28912.8,6.86
1587,1235,52,False,False,False,True,False,False,0,0,0.0,16.92
1588,118,35,True,False,False,False,True,False,1,2,43335.6,7.76
1589,1293,270,True,True,True,True,True,True,1,2,5910.9,5.9
1590,45,232,False,True,True,False,True,True,1,1,34029.75,14.63
1591,1104,31,False,True,True,True,False,False,1,4,126899.0,5.17
1592,520,188,False,True,False,True,False,False,1,4,83412.0,11.34
1593,576,199,True,True,False,True,True,False,1,1,18588.0,8.5
1594,29,156,False,True,True,False,True,False,1,2,10000.5,9.19
1595,1054,182,True,False,True,False,False,False,1,2,15436.1,11.78
1596,249,273,False,True,False,True,False,True,1,1,21303.5,8.76
1597,989,156,True,True,False,True,False,False,1,2,10010.5,8.01
1598,1088,198,True,False,False,False,False,False,0,0,0.0,24.78
1599,1268,172,False,True,True,False,True,False,1,1,30833.6,1.0
1600,1063,119,True,True,False,False,False,True,1,2,25772.1,3.72
1601,453,268,True,False,True,False,False,False,1,3,61654.2,7.49
1602,1108,125,True,False,True,False,True,True,1,3,93127.2,6.46
1603,1239,240,True,False,True,False,False,True,1,1,13346.3,3.08
1604,476,182,False,False,True,False,True,True,1,4,30852.2,16.22
1605,187,206,False,True,True,False,False,False,1,2,52435.8,9.07
1606,1336,229,True,True,False,True,False,False,1,1,5195.3,8.21
1607,222,221,True,True,False,False,True,True,0,0,0.0,19.2
1608,891,170,True,True,True,False,False,False,1,1,33409.25,6.93
1609,355,185,False,True,True,False,False,True,0,0,0.0,16.07
1610,190,153,False,True,False,False,False,False,0,0,0.0,21.72
1611,1165,102,False,True,True,False,False,True,1,1,10570.9,11.82
1612,216,219,True,True,False,True,False,False,1,3,59001.9,10.18
1613,1006,264,True,False,False,True,False,True,1,2,14082.4,2.89
1614,1040,212,True,True,True,True,True,False,1,2,55969.2,8.32
1615,91,232,True,False,False,False,True,False,0,0,0.0,21.7
1616,260,250,False,False,True,True,True,True,1,2,78053.4,15.68
1617,1192,111,False,False,False,True,False,False,0,0,0.0,8.22
1618,761,19,False,False,False,False,True,False,0,0,0.0,15.69
1619,183,102,True,True,False,False,False,True,1,1,10570.9,3.99
1620,1488,227,False,True,False,False,True,True,0,0,0.0,24.34
1621,398,245,True,False,False,False,True,True,1,3,100089.0,8.84
1622,7,155,False,True,True,False,True,True,1,3,93398.4,11.71
1623,1387,234,False,False,False,False,True,False,1,1,4228.2,14.93
1624,25,23,True,False,True,True,True,False,1,2,56356.2,11.7
1625,831,194,False,True,True,False,False,True,1,2,33900.3,10.89
1626,1490,204,True,False,True,False,True,False,1,1,28478.7,5.99
1627,867,153,False,True,True,True,False,False,0,0,0.0,30.05
1628,877,215,False,False,False,False,True,False,0,0,0.0,21.98
1629,583,148,True,True,True,False,True,False,1,2,51886.8,11.83
1630,191,158,True,True,True,False,False,True,1,4,8650.4,9.44
1631,860,182,False,False,False,True,False,False,1,3,23154.15,13.33
1632,1346,239,True,False,True,True,True,False,1,2,12950.0,9.15
1633,137,75,True,False,True,False,False,False,0,0,0.0,26.37
1634,1321,91,True,True,False,False,False,False,1,2,13676.8,13.17
1635,623,126,True,False,False,False,False,False,1,1,29003.9,13.13
1636,805,61,False,True,False,False,False,True,0,0,0.0,25.75
1637,249,101,False,False,True,False,False,True,1,1,22613.0,26.64
1638,933,106,False,False,False,False,True,True,0,0,0.0,11.95
1639,274,95,True,False,True,True,False,False,1,1,2174.0,3.16
1640,410,124,False,True,True,True,False,True,1,1,14800.2,10.08
1641,1083,152,False,True,False,False,True,False,1,4,90082.8,5.41
1642,76,209,True,True,False,False,True,False,0,0,0.0,17.42
1643,671,91,True,True,False,False,True,True,1,1,6833.4,8.84
1644,892,254,True,True,True,False,False,True,1,2,15713.8,12.22
1645,199,144,False,False,True,True,False,False,1,2,68305.8,23.02
1646,443,217,True,True,False,False,True,False,1,3,94434.9,4.84
1647,516,35,True,True,True,True,True,False,1,1,21667.8,8.1
1648,996,53,False,True,True,False,False,False,0,0,0.0,31.66
1649,1466,137,True,True,False,True,False,True,1,3,61831.5,12.77
1650,1255,110,False,True,True,False,True,False,1,2,67408.2,11.91
1651,285,149,True,False,True,True,False,True,1,1,12171.0,12.38
1652,28,48,False,True,False,True,False,False,1,1,15694.4,12.7
1653,78,143,True,True,False,False,False,False,1,4,62813.0,5.69
1654,894,207,True,True,True,False,True,False,1,1,20544.7,5.28
1655,235,219,True,False,True,False,False,True,1,3,59001.9,9.5
1656,347,75,True,True,True,False,True,False,1,1,32155.2,9.48
1657,1272,104,False,False,False,False,True,True,0,0,0.0,14.92
1658,1311,158,False,False,False,True,True,False,0,0,0.0,15.28
1659,1259,156,False,True,True,False,False,False,1,1,5005.25,1.0
1660,381,238,True,True,True,False,True,False,1,4,93240.0,11.76
1661,930,118,True,False,True,False,True,False,1,1,693.6,8.41
1662,917,202,True,True,True,True,True,False,1,4,35527.2,3.2
1663,278,266,False,False,True,False,False,False,0,0,0.0,22.21
1664,831,90,True,False,True,False,True,False,1,2,55420.0,8.05
1665,788,247,True,True,False,False,False,False,1,3,84838.2,12.35
1666,595,100,False,False,False,False,True,False,1,4,20675.2,25.87
1667,1128,101,False,False,True,True,False,True,1,3,67839.0,24.86
1668,1017,197,True,False,True,True,True,False,1,3,6104.7,10.17
1669,799,187,False,False,True,True,True,False,0,0,0.0,8.84
1670,1089,165,False,False,False,False,True,False,1,1,42069.6,14.39
1671,1145,70,False,False,True,False,True,True,0,0,0.0,15.69
1672,851,29,False,False,False,False,True,False,1,1,2130.1,19.94
1673,402,273,False,False,False,False,False,True,1,2,42607.0,21.34
1674,1138,263,True,False,False,False,True,True,1,4,94602.0,7.4
1675,1077,267,False,True,False,False,True,False,1,1,37496.0,9.55
1676,1476,154,False,False,True,True,True,False,1,2,59452.4,14.67
1677,225,266,True,False,True,False,True,False,1,2,20710.0,10.93
1678,629,143,False,False,False,True,True,False,0,0,0.0,18.2
1679,1387,23,True,True,False,True,False,True,0,0,0.0,18.13
1680,772,60,True,True,True,False,True,True,1,1,24924.9,15.16
1681,1414,82,True,False,False,True,False,True,1,1,16273.15,2.98
1682,19,114,False,False,True,True,False,False,1,4,178000.4,19.55
1683,53,282,True,False,False,True,True,False,1,1,23001.6,6.72
1684,1195,100,False,True,True,False,True,False,1,2,10337.6,6.61
1685,538,184,False,False,False,True,False,False,0,0,0.0,15.15
1686,781,82,False,True,True,False,True,False,1,1,16268.15,13.99
1687,643,193,True,False,True,True,True,False,1,1,15862.4,9.27
1688,612,171,True,False,True,False,True,True,1,1,29219.25,7.25
1689,1410,46,False,True,True,True,True,True,1,3,81912.0,7.94
1690,142,139,True,False,True,True,False,True,1,1,26447.6,8.03
1691,1159,32,False,False,True,False,False,True,1,1,31742.6,16.93
1692,1335,267,True,True,False,False,True,True,1,1,37496.0,12.78
1693,987,212,False,False,True,True,True,True,1,3,83953.8,21.65
1694,593,283,False,True,False,False,True,False,1,1,25939.45,7.03
1695,241,263,True,True,False,False,False,False,1,3,70966.5,16.44
1696,1024,66,True,True,False,False,False,True,1,1,2948.9,12.66
1697,704,213,True,False,True,False,False,False,1,3,52701.0,11.46
1698,225,31,False,False,True,True,False,False,0,0,0.0,25.73
1699,540,289,True,False,False,True,True,False,1,1,26762.0,7.77
1700,1443,236,False,True,False,True,False,False,0,0,0.0,19.48
1701,399,205,False,True,True,True,False,True,1,2,58445.5,6.7
1702,268,299,True,False,False,False,False,True,0,0,0.0,26.38
1703,1023,255,True,True,True,False,False,False,1,2,58851.1,13.79
1704,300,260,False,False,False,False,False,False,0,0,0.0,5.01
1705,1380,31,True,True,False,False,False,False,0,0,0.0,33.29
1706,1289,8,True,False,True,False,False,True,1,2,42030.6,8.32
1707,1476,289,False,False,False,False,True,True,1,1,26762.0,21.57
1708,1369,76,True,True,True,True,False,False,1,1,28367.0,5.03
1709,366,128,True,True,False,False,False,False,1,2,70820.2,4.52
1710,319,14,False,True,True,True,True,True,1,2,35621.2,7.1
1711,514,187,False,False,False,False,False,False,0,0,0.0,17.36
1712,705,247,True,False,True,True,False,False,1,4,113117.6,6.12
1713,1320,253,False,True,False,False,False,True,0,0,0.0,23.14
1714,1101,175,True,False,False,True,False,False,1,2,10813.6,9.11
1715,967,199,False,False,True,False,False,False,1,4,74372.0,23.66
1716,1318,155,False,False,False,False,False,True,0,0,0.0,9.7
1717,969,134,False,True,False,False,False,True,1,4,53376.2,6.65
1718,569,167,False,False,False,True,True,True,1,1,2503.8,25.38
1719,620,281,True,True,False,True,True,False,1,4,173268.0,3.44
1720,776,76,False,True,True,False,True,True,1,2,56724.0,21.31
1721,134,142,True,False,True,False,True,True,1,1,15459.6,4.51
1722,1113,181,True,True,False,True,True,True,1,3,67689.0,1.67
1723,980,172,False,False,True,False,False,False,0,0,0.0,21.82
1724,1097,10,True,False,False,False,False,True,1,1,31178.3,7.18
1725,801,87,True,False,False,False,True,True,1,1,30159.65,6.99
1726,1175,194,True,False,True,True,False,True,1,4,67800.6,10.17
1727,1425,209,False,False,True,False,False,False,0,0,0.0,17.87
1728,855,221,False,True,True,False,False,False,0,0,0.0,15.44
1729,667,298,False,False,True,False,True,True,1,1,581.7,16.79
1730,157,202,False,False,False,True,False,False,1,2,17773.6,17.77
1731,1169,174,False,False,False,True,False,True,1,2,23669.2,16.79
1732,1356,100,True,True,False,False,False,True,1,2,10347.6,1.31
1733,1050,112,True,False,False,True,True,False,1,1,27630.4,11.54
1734,1299,248,False,False,False,False,False,False,1,1,11479.4,16.09
1735,1292,141,False,False,False,False,False,True,0,0,0.0,12.1
1736,1198,215,False,False,True,True,False,False,0,0,0.0,25.63
1737,755,38,True,False,True,False,False,True,1,3,67076.25,10.05
1738,150,39,False,True,False,False,True,False,1,1,30738.4,12.45
1739,5,65,False,False,False,True,True,False,0,0,0.0,16.49
1740,307,59,True,False,True,False,False,True,1,2,60516.4,4.59
1741,647,183,True,False,True,False,False,False,1,3,137701.35,6.27
1742,1116,192,True,False,False,True,False,False,1,2,31252.6,14.37
1743,684,168,True,True,True,False,False,True,1,2,40086.7,8.2
1744,35,87,False,True,True,True,True,False,1,3,90478.95,12.28
1745,316,174,False,False,False,False,False,False,1,1,11834.6,12.87
1746,1469,36,False,False,True,True,False,True,1,1,5807.1,18.65
1747,1483,142,True,False,True,True,False,False,1,4,61858.4,6.38
1748,566,47,True,False,True,True,False,True,1,2,26476.0,4.01
1749,1208,24,True,False,True,False,False,False,0,0,0.0,24.32
1750,1079,50,True,True,True,False,True,True,1,2,21700.8,7.34
1751,1397,34,True,False,True,False,False,False,0,0,0.0,26.6
1752,1332,144,True,False,False,False,False,False,1,1,34152.9,10.44
1753,944,164,True,False,True,True,False,True,1,1,24722.0,7.93
1754,592,183,True,False,False,False,False,True,1,2,91800.9,6.29
1755,940,132,False,True,False,False,False,False,0,0,0.0,23.81
1756,479,53,False,False,True,False,False,False,0,0,0.0,1.83
1757,523,7,True,False,True,False,False,True,1,1,566.6,13.39
1758,914,214,True,False,False,True,True,False,1,1,33882.1,4.86
1759,858,295,False,False,True,False,False,False,0,0,0.0,10.97
1760,872,85,False,True,False,True,True,False,1,4,60736.0,5.2
1761,578,62,False,False,True,False,False,True,1,1,15562.5,22.45
1762,614,94,False,False,True,False,True,False,1,2,31366.5,18.36
1763,16,65,True,False,True,False,False,True,1,3,70083.6,12.29
1764,903,68,False,False,True,True,False,True,1,1,35610.65,21.39
1765,864,149,False,True,False,False,True,True,0,0,0.0,20.51
1766,1404,236,True,False,True,True,True,False,1,2,62028.4,6.02
1767,757,214,False,False,True,False,True,False,1,1,33882.1,20.34
1768,702,288,True,True,True,False,False,False,0,0,0.0,18.97
1769,102,108,False,False,True,False,True,True,1,2,46462.4,24.4
1770,296,148,False,True,True,False,False,True,1,1,25948.4,10.57
1771,508,115,True,False,True,False,True,False,1,1,20919.0,5.26
1772,566,13,False,False,True,False,True,False,0,0,0.0,21.6
1773,545,117,True,True,False,True,True,False,1,1,6211.8,8.79
1774,592,79,True,False,False,True,True,True,1,1,20143.2,13.46
1775,1154,144,False,False,False,True,False,True,0,0,0.0,1.15
1776,197,48,True,True,False,False,False,True,1,4,62777.6,9.61
1777,499,223,True,False,False,False,False,True,1,1,6764.0,12.77
1778,245,253,True,True,False,False,True,False,1,3,36972.6,1.0
1779,462,289,False,True,True,False,False,False,0,0,0.0,20.62
1780,1027,26,False,False,True,True,True,False,0,0,0.0,16.37
1781,71,36,True,False,True,False,False,False,1,1,5807.1,1.72
1782,510,290,True,False,True,False,True,False,1,2,79104.0,12.17
1783,36,255,True,False,False,True,False,False,1,1,29425.55,3.32
1784,1433,177,True,True,True,False,True,False,1,1,31944.5,14.17
1785,1091,97,True,True,False,False,True,False,1,1,29989.2,10.7
1786,366,156,False,False,False,False,False,False,1,1,5005.25,15.58
1787,298,161,True,True,True,False,True,True,1,1,28533.6,5.83
1788,149,255,False,False,False,True,True,False,1,3,88261.65,20.5
1789,710,159,False,False,False,False,True,False,0,0,0.0,16.93
1790,1131,9,False,True,False,False,True,False,1,1,26551.7,7.59
1791,877,210,False,False,True,False,False,False,0,0,0.0,14.37
1792,1322,234,False,False,True,True,False,False,1,4,16932.8,16.76
1793,516,90,True,True,False,True,False,False,0,0,0.0,18.51
1794,418,35,True,False,False,True,False,False,0,0,0.0,32.13
1795,718,43,True,False,True,True,False,False,1,1,19326.2,3.46
1796,304,253,False,False,True,False,True,False,1,2,24648.4,22.22
1797,1464,135,True,True,False,True,False,False,1,3,110172.3,4.61
1798,279,159,False,False,True,True,True,True,1,1,26602.0,26.12
1799,719,289,False,True,True,False,False,True,0,0,0.0,21.94
1800,784,19,True,True,False,True,False,True,1,1,27460.95,18.76
1801,86,62,False,True,True,False,False,False,1,3,46687.5,4.52
1802,703,250,True,True,True,False,True,False,1,4,156106.8,1.0
1803,683,163,False,False,True,True,False,False,0,0,0.0,16.32
1804,390,9,True,False,True,True,False,True,1,1,26556.7,14.12
1805,192,211,False,False,True,True,False,False,1,1,19174.6,15.33
1806,68,42,True,True,False,False,False,False,1,4,129312.8,13.27
1807,13,235,False,False,True,True,True,False,1,3,118052.25,16.27
1808,723,240,True,False,False,False,False,True,1,1,13346.3,9.52
1809,135,248,False,True,False,True,False,False,1,2,22958.8,8.38
1810,1439,140,False,False,False,False,True,False,0,0,0.0,10.54
1811,368,81,True,True,True,False,True,True,1,2,59624.0,10.62
1812,979,265,False,True,True,True,True,False,0,0,0.0,22.65
1813,1011,168,False,True,False,False,False,False,1,2,40086.7,8.72
1814,744,191,True,False,True,False,True,False,1,2,46971.0,14.32
1815,1326,41,True,False,True,True,True,False,1,1,41603.35,10.42
1816,167,188,False,False,True,True,True,True,1,1,20848.0,18.31
1817,352,175,True,False,True,True,True,False,1,3,16205.4,14.56
1818,379,88,True,True,False,False,False,True,0,0,0.0,19.74
1819,204,231,True,True,True,False,False,True,1,1,40767.6,5.4
1820,443,41,True,True,False,False,True,False,1,2,83206.7,6.79
1821,470,216,False,False,False,False,True,False,0,0,0.0,7.83
1822,1148,289,False,False,False,False,True,True,1,4,107048.0,21.81
1823,453,171,False,True,False,False,False,False,1,3,87672.75,9.03
1824,1316,32,True,True,True,False,True,True,1,1,31737.6,11.75
1825,1160,166,True,False,False,False,False,False,0,0,0.0,22.75
1826,1353,159,False,False,True,False,False,False,0,0,0.0,23.7
1827,158,166,False,False,True,True,True,False,1,2,8297.8,18.17
1828,1477,82,True,False,False,False,True,False,0,0,0.0,20.56
1829,921,188,True,True,True,False,False,False,1,4,83412.0,8.63
1830,1474,80,False,False,False,False,False,False,0,0,0.0,21.23
1831,533,168,True,False,True,True,True,False,1,1,20038.35,6.14
1832,1430,179,False,False,True,False,False,True,0,0,0.0,14.43
1833,883,194,False,False,False,False,True,False,0,0,0.0,20.75
1834,108,240,False,False,True,False,True,True,1,3,40023.9,22.49
1835,616,265,True,False,True,False,True,True,1,2,49484.4,14.12
1836,207,234,False,False,True,False,False,True,1,2,8466.4,23.24
1837,1412,239,True,False,False,False,False,True,0,0,0.0,19.43
1838,457,261,True,True,True,True,True,True,1,2,45361.6,9.05
1839,334,73,True,False,False,True,True,False,1,1,1820.0,1.54
1840,830,88,False,False,False,False,True,False,0,0,0.0,17.95
1841,638,160,True,False,True,False,True,False,1,2,36936.0,3.36
1842,146,140,False,True,False,False,False,False,0,0,0.0,25.26
1843,1225,211,False,False,False,False,False,False,0,0,0.0,13.19
1844,1269,3,True,False,False,False,True,True,1,3,49877.85,11.66
1845,1115,42,True,True,True,True,False,False,1,1,32328.2,17.79
1846,926,225,True,True,False,True,True,False,1,2,27818.4,7.8
1847,604,247,False,True,True,False,True,True,1,2,56548.8,5.91
1848,814,91,True,False,False,True,False,False,1,4,27353.6,9.8
1849,782,94,False,True,True,False,False,True,1,3,47064.75,9.75
1850,248,169,False,True,True,False,True,True,1,3,39675.0,7.1
1851,123,144,True,True,True,True,True,True,1,1,34147.9,7.57
1852,380,51,True,False,False,False,False,True,1,4,91104.0,10.02
1853,682,151,False,False,False,False,False,False,0,0,0.0,12.37
1854,241,246,True,False,False,False,True,False,1,1,4728.55,12.33
1855,161,219,True,True,True,False,False,True,1,2,39334.6,8.37
1856,1278,246,False,False,True,True,False,False,1,1,4733.55,16.99
1857,563,194,True,True,True,False,True,True,1,1,16945.15,10.96
1858,877,264,False,True,False,True,True,True,1,1,7036.2,6.81
1859,787,75,False,True,False,True,True,False,1,3,96465.6,11.19
1860,1103,14,False,False,True,True,True,True,1,1,17810.6,15.54
1861,1110,35,True,False,True,True,True,True,1,1,21667.8,5.77
1862,445,298,False,True,True,False,False,False,0,0,0.0,15.09
1863,1272,193,True,False,True,False,False,True,1,1,15867.4,9.52
1864,557,75,True,False,False,False,True,True,1,3,96465.6,8.43
1865,1253,257,False,False,False,True,False,False,0,0,0.0,17.39
1866,608,93,False,False,False,False,False,False,0,0,0.0,12.76
1867,167,180,False,False,True,False,False,True,1,2,27462.4,23.22
1868,1141,75,True,True,False,True,True,False,1,2,64310.4,6.29
1869,46,29,False,True,False,False,False,False,1,2,4270.2,9.53
1870,1159,81,False,False,False,True,False,False,0,0,0.0,12.42
1871,65,69,True,False,True,False,False,True,1,4,69769.0,9.14
1872,311,166,True,False,True,False,True,False,1,2,8297.8,11.05
1873,906,7,False,False,False,False,False,False,1,1,566.6,15.64
1874,1413,72,False,True,True,False,False,False,1,4,20977.0,10.25
1875,613,171,True,False,True,True,True,False,1,1,29219.25,2.87
1876,181,119,False,True,True,False,True,True,0,0,0.0,17.87
1877,350,191,False,False,False,True,False,True,1,2,46981.0,25.69
1878,1345,197,True,True,True,False,False,True,1,4,8159.6,8.6
1879,1091,290,True,True,False,True,False,True,1,3,118671.0,6.33
1880,151,251,False,False,True,True,False,False,0,0,0.0,15.37
1881,578,69,False,True,True,True,False,False,1,1,17442.25,8.31
1882,397,208,True,True,True,False,True,False,1,3,2745.9,9.97
1883,267,189,True,False,True,True,False,False,1,1,37414.6,3.65
1884,1270,179,False,True,False,False,True,True,1,3,41492.25,11.38
1885,927,240,True,False,True,False,True,False,0,0,0.0,31.63
1886,270,45,True,False,False,False,True,False,0,0,0.0,19.66
1887,977,113,True,True,False,False,False,False,1,3,78644.25,5.58
1888,621,245,False,False,True,True,False,False,0,0,0.0,31.01
1889,93,268,False,False,False,False,False,True,0,0,0.0,15.15
1890,675,12,False,False,True,True,False,False,1,3,62225.4,17.97
1891,278,142,True,False,True,False,False,False,1,1,15464.6,13.59
1892,368,80,True,True,False,False,False,False,1,4,22453.2,5.7
1893,1319,51,True,False,False,False,False,False,1,3,68328.0,12.27
1894,1066,18,False,True,False,True,True,False,0,0,0.0,24.49
1895,202,162,True,True,False,False,False,True,1,2,58747.6,6.1
1896,1278,201,True,False,True,False,False,False,1,2,58042.9,6.31
1897,862,160,False,False,False,False,True,True,0,0,0.0,17.94
1898,1312,111,True,False,True,False,False,False,1,4,66381.2,6.41
1899,1121,232,False,False,True,True,False,True,0,0,0.0,12.73
1900,509,196,True,False,False,False,False,True,0,0,0.0,14.98
1901,803,273,False,False,True,False,True,False,0,0,0.0,14.66
1902,797,105,True,True,False,False,False,False,1,2,14035.6,6.33
1903,1080,72,False,True,False,True,False,False,0,0,0.0,18.44
1904,373,137,True,True,False,True,True,False,1,1,20605.5,7.79
1905,500,153,True,False,False,True,True,False,1,1,8000.4,8.12
1906,368,138,False,True,True,False,True,True,1,1,5685.6,9.63
1907,445,250,True,False,False,False,True,True,0,0,0.0,23.7
1908,242,14,False,True,True,True,False,False,1,1,17815.6,2.43
1909,55,159,False,False,True,False,True,True,1,2,53204.0,18.61
1910,1411,130,True,False,False,False,False,False,0,0,0.0,14.26
1911,112,64,False,False,True,False,False,False,1,1,2869.0,21.09
1912,1332,193,False,False,False,False,True,False,1,1,15862.4,12.2
1913,5,241,True,True,False,True,False,False,1,3,101198.55,1.81
1914,1167,164,False,False,False,True,False,False,0,0,0.0,13.6
1915,493,26,True,True,True,True,False,True,1,4,116762.4,10.38
1916,777,23,True,False,False,True,True,True,1,1,28178.1,11.55
1917,424,127,False,True,True,True,True,True,0,0,0.0,19.99
1918,736,201,True,False,False,False,False,True,1,1,29021.45,1.0
1919,678,95,False,True,True,False,True,False,1,2,4338.0,10.35
1920,795,93,False,False,True,False,False,True,1,3,78821.4,13.46
1921,590,259,True,False,True,False,False,False,1,3,2281.2,5.6
1922,805,5,True,True,True,False,True,True,1,2,11541.3,12.92
1923,1239,24,True,False,True,True,True,True,1,2,15314.4,3.7
1924,652,47,False,True,False,False,False,True,1,1,13238.0,4.29
1925,543,296,True,False,True,False,True,False,1,1,18643.0,13.1
1926,198,150,True,True,False,False,False,True,1,1,23288.0,10.42
1927,540,48,True,False,True,False,True,False,1,4,62757.6,6.15
1928,189,94,False,True,True,False,True,False,1,3,47049.75,4.67
1929,274,291,False,True,True,True,False,False,1,1,27464.75,7.97
1930,1429,209,False,True,True,True,True,False,0,0,0.0,16.55
1931,135,68,True,True,False,False,False,False,0,0,0.0,19.99
1932,724,73,True,True,True,True,False,False,0,0,0.0,20.0
1933,1252,23,False,False,False,False,False,False,0,0,0.0,19.64
1934,1430,232,True,False,True,False,False,False,1,1,34034.75,12.21
1935,221,42,True,True,True,False,True,True,1,1,32323.2,8.79
1936,246,86,False,True,False,False,False,True,0,0,0.0,17.51
1937,559,105,False,True,False,True,False,True,1,2,14035.6,6.23
1938,832,187,False,False,False,True,False,False,0,0,0.0,9.38
1939,1440,182,True,False,False,False,False,True,1,1,7718.05,11.54
1940,312,240,True,False,True,True,False,True,1,1,13346.3,6.51
1941,247,90,False,True,True,True,False,True,1,2,55430.0,5.06
1942,380,116,False,False,True,True,True,False,1,2,29848.0,20.29
1943,1312,117,True,True,True,False,False,True,1,3,18650.4,2.69
1944,46,15,False,False,False,False,True,True,0,0,0.0,24.52
1945,571,222,False,False,True,False,True,True,0,0,0.0,7.66
1946,179,161,False,False,True,False,True,False,1,1,28533.6,16.48
1947,236,143,False,True,True,False,True,False,1,2,31396.5,9.08
1948,1376,299,True,True,False,False,False,False,1,1,1213.2,6.4
1949,3,54,False,True,True,False,True,False,1,4,157616.4,8.27
1950,483,291,False,True,True,True,True,False,0,0,0.0,26.61
1951,1374,205,True,True,True,False,True,False,1,3,87653.25,6.55
1952,913,67,True,True,True,False,True,False,1,2,40512.0,3.71
1953,108,204,False,True,False,False,False,False,0,0,0.0,19.95
1954,698,227,True,False,False,False,True,True,1,2,78591.6,6.24
1955,1457,109,True,True,True,False,True,True,1,1,26055.75,13.17
1956,601,104,False,True,True,True,True,False,1,1,2141.3,13.18
1957,793,251,False,True,True,False,True,False,0,0,0.0,22.3
1958,798,49,True,False,False,False,False,False,1,2,42613.2,11.55
1959,991,5,False,False,False,False,False,False,0,0,0.0,22.72
1960,281,200,False,False,False,False,False,False,0,0,0.0,16.21
1961,1260,272,False,False,False,False,False,False,0,0,0.0,23.92
1962,1483,151,False,False,True,True,False,False,0,0,0.0,11.72
1963,214,41,False,True,False,True,True,False,1,1,41603.35,7.03
1964,1228,162,False,False,False,True,True,False,0,0,0.0,13.45
1965,1226,76,True,False,False,True,True,False,0,0,0.0,26.8
1966,1113,249,True,False,False,True,True,True,0,0,0.0,23.26
1967,557,184,False,False,False,False,True,True,1,1,21307.0,23.47
1968,704,101,False,True,False,False,False,True,0,0,0.0,24.51
1969,1259,188,False,False,False,True,False,True,0,0,0.0,19.91
1970,230,201,False,False,False,False,False,False,0,0,0.0,12.59
1971,1244,204,False,True,True,True,False,False,1,1,28483.7,7.8
1972,1381,110,True,False,True,False,False,False,0,0,0.0,18.23
1973,1023,172,False,False,False,False,True,True,0,0,0.0,13.9
1974,513,13,False,False,False,False,False,False,0,0,0.0,13.33
1975,839,122,False,True,False,True,False,False,0,0,0.0,28.5
1976,76,114,False,False,True,True,True,False,0,0,0.0,17.6
1977,1398,161,False,True,True,False,False,True,0,0,0.0,19.06
1978,514,286,False,True,False,False,False,True,1,1,38417.3,12.37
1979,86,287,False,True,False,False,False,False,1,1,32395.25,11.62
1980,1192,145,False,False,False,False,False,False,1,4,134528.8,21.88
1981,987,194,False,True,True,False,True,True,1,1,16945.15,9.66
1982,935,33,True,True,True,False,True,False,1,3,37672.8,9.64
1983,82,145,False,True,True,True,False,False,1,3,100896.6,8.3
1984,1127,207,False,False,True,False,False,False,0,0,0.0,17.58
1985,956,205,True,False,False,False,False,False,1,4,116891.0,7.02
1986,1191,290,True,False,False,True,True,False,1,1,39552.0,6.19
1987,1241,140,True,True,False,False,False,False,1,4,77266.4,8.44
1988,318,273,False,True,True,True,True,True,1,4,85194.0,10.49
1989,316,294,True,False,False,True,True,False,0,0,0.0,23.95
1990,1386,172,True,False,False,True,True,False,1,1,30833.6,7.71
1991,797,28,False,True,True,True,False,True,0,0,0.0,20.22
1992,657,113,False,False,False,False,True,True,1,1,26209.75,20.99
1993,431,230,True,False,True,False,True,True,1,3,29030.4,8.93
1994,959,175,False,False,True,True,False,True,0,0,0.0,23.77
1995,1131,281,True,False,True,True,True,False,0,0,0.0,27.47
1996,4,245,False,True,True,False,False,False,0,0,0.0,16.07
1997,829,19,False,True,False,True,True,False,1,2,54911.9,10.85
1998,1491,259,False,False,False,False,False,True,0,0,0.0,16.05
1999,421,108,False,False,True,False,True,False,0,0,0.0,10.72
2000,422,246,True,False,True,False,True,False,1,1,4728.55,10.13
2001,1318,153,True,False,True,False,False,False,1,4,32021.6,3.59
2002,94,137,False,True,True,False,True,False,1,1,20605.5,9.27
2003,597,22,False,True,True,False,False,False,1,1,12696.35,10.92
2004,688,36,False,True,False,False,True,False,0,0,0.0,22.26
2005,1197,179,False,True,False,False,False,True,0,0,0.0,22.16
2006,194,171,True,True,True,False,True,False,1,3,87657.75,11.9
2007,652,167,True,False,True,False,True,False,1,1,2503.8,3.22
2008,229,47,True,False,False,False,False,True,1,2,26476.0,12.2
2009,1182,153,True,True,False,False,True,True,1,4,32001.6,10.74
2010,949,19,True,False,True,False,False,False,1,2,54921.9,6.7
2011,746,44,False,True,True,True,True,False,1,1,38706.45,9.54
2012,590,150,True,False,False,True,False,False,1,3,69864.0,8.12
2013,230,186,False,True,True,True,True,True,1,2,58271.1,13.62
2014,1383,197,True,True,True,False,False,False,1,3,6119.7,13.48
2015,972,295,True,True,True,True,True,False,1,1,23308.0,3.84
2016,479,257,True,True,False,False,False,False,0,0,0.0,26.09
2017,621,114,False,False,False,False,True,False,1,3,133485.3,18.99
2018,1090,235,False,False,False,False,True,True,1,2,78701.5,15.14
2019,1080,29,True,False,False,True,False,True,1,1,2135.1,14.89
2020,692,258,True,True,True,False,False,False,1,2,12521.8,8.47
2021,455,116,False,False,True,False,True,True,1,1,14924.0,18.29
2022,990,229,True,False,False,False,False,False,1,3,15585.9,11.68
2023,988,292,True,True,True,False,False,False,1,1,30336.2,11.7
2024,900,211,True,False,False,True,False,False,1,1,19174.6,12.08
2025,110,277,False,True,True,False,False,False,1,3,60039.0,10.34
2026,710,4,True,True,True,False,False,False,1,3,106035.0,10.04
2027,921,52,False,False,True,False,True,True,1,3,62655.6,26.59
2028,1426,188,False,False,False,True,True,False,0,0,0.0,12.67
2029,789,163,True,True,True,False,False,False,0,0,0.0,19.64
2030,515,37,True,False,False,False,True,False,1,3,119944.8,7.55
2031,834,216,True,False,False,True,True,False,1,1,29912.25,8.09
2032,266,18,True,False,False,True,False,False,0,0,0.0,24.79
2033,137,298,False,False,True,False,True,True,1,2,1163.4,19.24
2034,1018,47,False,False,False,False,True,False,0,0,0.0,20.46
2035,1480,134,True,False,False,False,False,False,0,0,0.0,23.22
2036,1270,247,False,False,False,False,True,False,0,0,0.0,16.72
2037,876,155,False,False,False,False,True,False,1,4,124531.2,19.69
2038,61,224,False,True,True,False,False,True,1,1,5144.2,11.14
2039,1482,212,False,True,False,False,True,False,1,1,27984.6,6.57
2040,675,285,True,False,False,False,False,True,0,0,0.0,21.87
2041,435,140,True,False,False,False,True,True,0,0,0.0,29.3
2042,1339,294,False,False,True,False,False,False,1,1,15020.0,22.04
2043,1120,156,True,True,True,True,False,False,1,2,10010.5,1.49
2044,1125,268,False,False,False,True,True,False,1,1,20546.4,13.76
2045,417,220,False,True,True,True,False,False,1,1,26847.2,3.14
2046,1488,40,True,False,True,False,False,True,1,2,14466.4,12.3
2047,680,194,True,True,False,False,False,True,1,4,67800.6,5.16
2048,798,264,True,False,False,True,False,True,0,0,0.0,21.73
2049,1127,39,False,False,False,True,True,True,1,3,92215.2,18.45
2050,990,252,True,False,True,False,True,False,1,2,31020.0,7.76
2051,259,32,True,False,True,True,True,False,1,4,126950.4,11.72
2052,454,262,False,False,True,True,True,False,1,2,48070.8,19.8
2053,542,237,False,False,True,False,True,True,1,1,39765.55,22.94
2054,1422,46,True,False,True,True,False,False,0,0,0.0,19.47
2055,1072,218,False,False,False,True,True,True,1,3,7978.95,24.76
2056,550,36,True,False,True,False,False,True,1,2,11614.2,6.66
2057,1103,171,True,True,False,True,True,False,1,1,29219.25,8.93
2058,1108,278,True,False,False,False,True,False,1,2,47824.0,7.38
2059,592,62,False,True,False,False,False,True,1,1,15562.5,12.84
2060,605,53,True,True,True,True,False,False,1,1,34222.1,11.81
2061,1342,127,False,True,False,True,False,True,1,1,31687.05,9.62
2062,843,111,False,True,True,True,False,False,0,0,0.0,23.24
2063,225,15,False,True,False,False,True,False,0,0,0.0,22.26
2064,1080,137,True,False,True,False,True,True,1,1,20605.5,9.72
2065,885,78,True,True,True,False,True,False,1,2,11251.2,10.54
2066,764,38,True,False,True,False,True,True,1,1,22353.75,7.07
2067,1088,83,True,False,False,True,True,False,1,1,976.8,6.35
2068,1361,7,False,False,True,False,False,False,0,0,0.0,10.0
2069,496,275,False,True,False,False,True,True,1,2,29575.5,10.8
2070,629,299,True,False,False,False,True,False,0,0,0.0,17.15
2071,285,111,True,False,False,False,False,False,0,0,0.0,25.61
2072,971,263,False,False,False,False,False,False,0,0,0.0,8.75
2073,605,139,True,False,False,False,True,False,0,0,0.0,18.63
2074,514,274,False,False,False,False,True,False,0,0,0.0,24.45
2075,1045,52,True,True,True,False,False,False,0,0,0.0,14.6
2076,613,86,True,False,True,False,False,False,1,1,9431.6,12.94
2077,697,222,False,False,False,True,False,False,0,0,0.0,10.51
2078,661,67,True,False,False,False,True,False,1,3,60768.0,7.52
2079,388,248,False,True,False,False,False,True,0,0,0.0,23.67
2080,189,128,True,False,True,True,False,False,1,3,106230.3,16.26
2081,1241,122,True,False,False,True,False,True,1,4,14645.0,3.59
2082,138,136,False,True,True,False,True,False,0,0,0.0,16.42
2083,488,240,True,True,True,True,True,True,1,1,13341.3,9.44
2084,1002,2,True,True,False,False,True,False,1,1,13640.4,8.32
2085,197,226,True,False,True,False,False,True,1,1,6806.0,6.44
2086,984,234,False,True,False,False,True,True,1,2,8456.4,8.1
2087,1100,247,False,False,True,False,False,True,0,0,0.0,16.28
2088,995,300,False,False,True,True,False,False,0,0,0.0,10.34
2089,458,235,True,False,False,True,True,False,1,1,39350.75,18.99
2090,30,159,True,False,True,True,False,False,1,2,53214.0,8.34
2091,1332,140,True,False,False,False,True,False,0,0,0.0,35.43
2092,490,117,True,False,False,False,True,False,1,3,18635.4,11.61
2093,1208,249,True,False,False,False,False,False,0,0,0.0,20.37
2094,297,118,True,False,False,False,False,False,1,2,1397.2,8.89
2095,244,172,False,False,False,False,True,True,1,2,61667.2,29.01
2096,1168,29,False,False,True,False,False,True,1,4,8540.4,30.4
2097,1410,96,False,True,True,False,True,True,1,4,2768.0,10.08
2098,1291,80,False,True,False,False,True,False,0,0,0.0,21.88
2099,1127,131,True,False,False,True,True,True,1,1,6162.1,6.6
2100,371,151,True,True,True,False,False,False,1,4,49354.0,7.47
2101,1370,215,True,True,False,True,True,False,1,2,26340.8,5.28
2102,1002,130,True,True,False,False,False,False,1,1,9753.8,2.43
2103,259,46,False,True,True,False,True,False,0,0,0.0,36.03
2104,195,164,False,False,True,False,False,False,0,0,0.0,12.28
2105,1307,17,False,False,True,False,True,True,1,1,11157.0,13.95
2106,413,255,True,True,True,True,True,False,1,4,117682.2,4.8
2107,1149,232,True,False,True,False,False,True,1,3,102104.25,3.97
2108,208,68,True,False,False,True,True,True,1,3,106816.95,3.88
2109,421,79,False,True,True,False,False,False,0,0,0.0,26.33
2110,426,9,False,False,False,False,False,False,0,0,0.0,19.86
2111,422,110,False,False,False,False,True,False,1,4,134816.4,23.09
2112,1013,12,False,False,True,False,True,True,0,0,0.0,13.64
2113,1372,281,False,False,True,False,False,False,0,0,0.0,17.1
2114,1366,41,True,False,False,True,True,True,1,1,41603.35,14.48
2115,1113,198,True,False,False,False,False,False,1,3,91190.25,9.3
2116,304,172,True,False,False,False,True,True,1,3,92500.8,14.17
2117,1441,72,True,False,True,True,False,False,1,3,15732.75,16.42
2118,814,243,False,False,True,False,False,True,0,0,0.0,9.39
2119,819,33,False,True,False,False,False,True,1,4,50250.4,4.12
2120,1053,267,False,False,False,True,False,False,0,0,0.0,20.05
2121,1154,223,False,False,False,False,False,False,0,0,0.0,33.41
2122,1430,191,False,True,True,True,True,False,1,3,70456.5,9.83
2123,874,264,True,True,False,True,True,False,1,2,14072.4,2.74
2124,916,121,True,False,False,False,False,True,1,3,74639.4,10.85
2125,1119,85,True,False,True,True,True,True,1,2,30368.0,11.05
2126,383,47,True,False,True,False,True,False,1,4,52932.0,3.51
2127,462,278,True,False,False,False,True,True,1,1,23912.0,8.23
2128,939,121,False,True,False,False,True,False,1,1,24874.8,4.37
2129,97,249,False,False,False,False,False,False,0,0,0.0,14.24
2130,481,100,False,False,True,True,False,True,1,1,5173.8,20.61
2131,1077,287,False,False,False,False,True,True,1,1,32390.25,22.86
2132,1465,262,False,False,False,False,False,False,1,4,96161.6,24.36
2133,780,93,True,True,False,False,False,False,1,4,105095.2,13.21
2134,600,147,False,False,False,False,True,False,0,0,0.0,17.62
2135,661,239,False,False,False,False,True,True,0,0,0.0,9.17
2136,1029,68,False,False,True,True,True,False,0,0,0.0,14.13
2137,817,8,True,False,True,False,True,False,1,2,42020.6,7.02
2138,35,87,True,False,True,True,True,False,1,4,120638.6,7.09
2139,809,178,True,True,True,False,True,False,1,4,168540.0,16.38
2140,601,41,False,True,False,True,False,False,0,0,0.0,26.6
2141,1052,101,True,True,False,False,True,True,1,2,45216.0,9.21
2142,1313,276,False,False,False,False,False,True,0,0,0.0,16.26
2143,1444,23,True,False,False,False,True,True,1,1,28178.1,18.79
2144,916,16,False,False,True,True,True,False,1,1,19743.3,17.7
2145,544,128,True,True,True,False,True,True,1,1,35405.1,6.98
2146,666,4,False,False,False,True,True,True,1,1,35340.0,28.25
2147,265,9,True,False,True,True,True,True,1,1,26551.7,3.49
2148,1404,55,True,True,True,True,True,True,1,4,35872.0,9.96
2149,1271,31,False,False,True,False,False,False,0,0,0.0,14.48
2150,1281,244,False,True,True,False,False,False,0,0,0.0,20.79
2151,493,37,False,False,False,False,False,True,0,0,0.0,10.21
2152,484,158,False,True,True,True,True,False,0,0,0.0,24.78
2153,1285,212,True,False,False,False,True,False,1,3,83953.8,17.35
2154,817,188,False,True,False,False,False,True,1,1,20853.0,7.0
2155,1057,197,False,False,True,True,True,False,1,2,4069.8,20.09
2156,735,108,False,False,True,False,False,True,1,1,23236.2,13.89
2157,665,267,True,False,False,True,False,False,1,1,37501.0,9.55
2158,949,21,False,True,True,False,True,True,1,1,14954.4,11.49
2159,1220,33,False,True,True,False,False,True,1,2,25125.2,6.3
2160,502,257,True,False,False,True,False,False,0,0,0.0,16.99
2161,1214,21,False,False,True,False,True,False,1,2,29908.8,15.45
2162,367,58,False,True,False,False,False,False,0,0,0.0,20.02
2163,605,52,False,False,True,False,False,True,1,1,20890.2,12.81
2164,1370,10,False,True,False,False,False,False,0,0,0.0,27.77
2165,1432,36,True,True,True,True,False,False,1,1,5807.1,7.18
2166,1386,172,True,False,True,True,True,False,1,1,30833.6,10.22
2167,475,199,False,True,False,True,False,False,1,2,37186.0,8.52
2168,1265,25,False,False,True,False,True,False,0,0,0.0,16.34
2169,1405,283,True,True,False,True,True,False,1,3,77818.35,7.12
2170,1468,29,False,False,True,False,False,False,0,0,0.0,10.87
2171,32,207,True,False,True,False,True,True,1,1,20544.7,6.52
2172,1118,241,False,False,False,True,True,False,1,2,67455.7,20.22
2173,1496,157,True,False,True,True,True,False,1,1,33451.0,9.0
2174,1148,148,False,False,True,True,False,False,1,2,51896.8,23.12
2175,350,33,False,False,False,False,False,True,0,0,0.0,16.6
2176,1144,73,True,False,False,False,True,True,1,2,3640.0,6.54
2177,158,256,True,False,False,False,False,False,1,2,86385.9,6.68
2178,721,105,True,False,True,False,True,True,1,1,7012.8,3.44
2179,940,11,True,False,False,True,True,False,1,3,56512.65,9.6
2180,685,219,False,False,True,False,False,True,0,0,0.0,6.24
2181,1050,206,False,False,True,True,True,False,1,1,26212.9,11.34
2182,361,20,False,True,False,True,True,False,1,2,25954.0,1.09
2183,910,16,False,False,True,True,True,True,0,0,0.0,13.26
2184,968,35,False,True,False,True,True,True,1,1,21667.8,7.73
2185,951,16,False,True,False,False,True,False,0,0,0.0,16.4
2186,434,185,False,False,True,True,True,True,1,3,3019.2,19.27
2187,459,40,False,False,True,True,False,False,0,0,0.0,6.7
2188,387,183,True,False,False,False,False,True,1,2,91800.9,10.1
2189,693,53,False,False,False,False,True,False,1,1,34217.1,19.15
2190,879,292,False,False,True,False,False,True,1,2,60672.4,22.37
2191,544,218,True,True,False,False,True,False,0,0,0.0,20.44
2192,615,113,False,True,True,False,False,False,0,0,0.0,22.2
2193,430,129,False,True,False,False,False,False,0,0,0.0,14.67
2194,329,20,True,True,True,True,True,False,1,1,12977.0,8.12
2195,987,17,True,True,True,True,False,False,1,2,22324.0,9.92
2196,1225,162,True,True,False,False,False,False,0,0,0.0,24.15
2197,437,7,False,False,True,False,True,True,1,2,1123.2,11.45
2198,1291,192,True,False,False,False,False,True,1,1,15626.3,14.86
2199,857,115,False,False,True,False,True,False,1,1,20919.0,18.22
2200,252,42,True,False,False,False,False,True,1,3,96984.6,6.77
2201,549,161,False,True,False,False,False,False,0,0,0.0,20.31
2202,12,166,True,False,False,True,False,True,1,1,4153.9,8.0
2203,59,224,True,True,False,False,True,False,1,2,10278.4,2.91
2204,505,60,True,True,False,False,False,True,1,2,49859.8,3.93
2205,682,165,False,False,False,False,False,False,1,4,168298.4,30.92
2206,1197,254,True,True,False,False,True,True,1,1,7851.9,7.73
2207,202,81,True,False,True,False,True,False,1,1,29812.0,9.38
2208,1259,251,False,True,True,False,False,True,1,2,16616.4,10.1
2209,352,218,False,True,True,False,False,True,1,1,2664.65,13.57
2210,208,129,True,False,False,True,True,True,1,1,41126.4,8.73
2211,1050,265,False,False,True,True,False,True,1,3,74241.6,16.16
2212,1162,291,False,True,False,True,False,False,0,0,0.0,16.17
2213,908,72,False,True,True,False,True,False,1,1,5239.25,9.36
2214,174,294,False,False,False,False,False,True,0,0,0.0,11.35
2215,174,1,True,False,True,False,True,False,1,2,22135.2,9.61
2216,586,39,False,False,True,False,False,False,1,1,30743.4,15.16
2217,676,13,True,True,True,False,False,False,1,4,67428.2,3.99
2218,1498,111,False,False,False,True,True,False,0,0,0.0,16.77
2219,430,282,True,False,True,False,False,False,1,1,23006.6,6.05
2220,289,181,True,False,False,False,True,False,1,2,45126.0,7.85
2221,1419,185,True,False,True,False,False,False,0,0,0.0,15.26
2222,231,26,False,False,True,False,False,False,0,0,0.0,23.19
2223,40,155,False,False,False,False,False,False,0,0,0.0,14.78
2224,635,115,True,True,True,False,True,False,1,2,41838.0,7.25
2225,602,144,False,False,False,False,False,True,1,1,34152.9,25.66
2226,930,79,True,False,False,True,True,False,1,1,20143.2,9.64
2227,1317,61,True,True,False,True,True,False,1,4,70261.2,8.42
2228,1400,286,True,False,True,False,False,False,0,0,0.0,25.07
2229,435,168,True,True,False,True,False,False,1,1,20043.35,6.35
2230,1472,124,True,False,True,False,False,True,1,1,14800.2,8.68
2231,949,23,True,False,False,False,False,False,0,0,0.0,25.56
2232,105,229,True,False,False,False,False,True,1,3,15585.9,9.46
2233,1408,142,False,False,False,False,False,True,0,0,0.0,9.5
2234,207,117,False,False,True,True,False,True,1,1,6216.8,18.69
2235,883,201,False,False,True,True,True,False,1,2,58032.9,15.43
2236,1187,40,True,True,True,False,True,False,1,1,7228.2,6.97
2237,375,160,False,False,True,False,True,True,1,1,18468.0,19.37
2238,406,259,True,True,False,False,True,False,1,2,1510.8,14.79
2239,715,140,False,True,False,True,True,False,1,2,38623.2,2.38
2240,1328,1,True,True,False,True,True,False,1,1,11067.6,2.73
2241,336,69,False,True,True,True,False,True,0,0,0.0,19.64
2242,996,17,False,True,True,False,True,False,0,0,0.0,22.95
2243,679,151,False,True,False,False,False,False,0,0,0.0,17.55
2244,168,110,True,True,True,True,False,False,1,4,134836.4,9.65
2245,1067,40,False,False,True,False,True,True,1,4,28912.8,15.38
2246,1249,207,True,False,True,True,True,True,1,3,61634.1,4.63
2247,864,53,False,False,True,False,True,True,1,1,34217.1,17.06
2248,265,103,False,False,True,True,True,False,1,2,16120.8,23.16
2249,234,297,False,True,True,True,True,True,1,4,39612.8,5.28
2250,636,20,False,True,False,False,False,False,0,0,0.0,27.53
2251,760,75,False,False,False,False,False,False,1,2,64320.4,16.84
2252,829,96,True,True,False,True,False,True,1,4,2788.0,13.01
2253,366,153,False,False,True,True,True,False,1,1,8000.4,26.23
2254,752,74,False,True,False,True,False,False,1,4,18953.6,10.32
2255,443,292,True,False,False,True,False,False,0,0,0.0,21.21
2256,1030,2,False,False,True,True,True,False,1,2,27280.8,25.17
2257,1195,285,True,False,False,False,False,False,1,4,99744.0,1.38
2258,980,161,True,False,True,False,True,True,1,2,57067.2,7.9
2259,2,12,False,True,True,False,True,False,1,1,20736.8,5.55
2260,1489,35,False,False,False,False,True,False,0,0,0.0,6.16
2261,36,31,False,True,True,True,True,True,1,4,126879.0,6.02
2262,1500,87,True,True,False,False,True,True,1,1,30159.65,6.8
2263,48,100,True,True,True,False,True,True,1,2,10337.6,4.34
2264,775,193,False,False,False,True,False,True,0,0,0.0,17.15
2265,159,94,True,True,True,False,True,True,1,4,62733.0,12.35
2266,143,218,False,False,True,False,True,True,1,1,2659.65,15.28
2267,1026,89,True,False,True,False,False,False,0,0,0.0,21.5
2268,1092,80,True,False,False,True,False,False,1,4,22453.2,10.18
2269,178,83,True,False,False,True,True,True,1,2,1953.6,7.93
2270,1465,99,False,False,False,False,True,True,0,0,0.0,25.76
2271,481,252,True,False,False,True,False,True,0,0,0.0,15.98
2272,478,75,False,False,False,True,True,False,0,0,0.0,14.7
2273,446,82,False,False,False,False,True,False,0,0,0.0,11.03
2274,692,288,True,False,False,True,True,False,1,3,101349.6,7.31
2275,267,197,False,True,True,False,True,True,1,1,2034.9,7.51
2276,638,58,False,False,False,False,False,True,1,1,29321.5,18.74
2277,315,261,False,False,False,False,True,False,1,1,22680.8,17.58
2278,78,55,False,True,True,True,False,False,1,2,17946.0,7.0
2279,554,49,True,True,True,False,True,True,1,1,21301.6,19.4
2280,1009,134,True,False,False,True,False,False,0,0,0.0,31.34
2281,1145,208,False,False,True,False,True,False,0,0,0.0,20.52
2282,531,57,True,False,True,False,False,True,1,1,22438.3,13.17
2283,486,226,False,True,True,True,False,True,1,1,6806.0,11.2
2284,1182,48,True,False,True,False,False,False,1,1,15694.4,3.13
2285,1022,235,True,True,True,False,True,False,1,2,78701.5,7.15
2286,1249,29,False,True,False,False,True,False,0,0,0.0,14.35
2287,1360,140,True,True,True,False,False,True,1,4,77266.4,8.7
2288,1232,193,False,False,False,True,True,False,1,1,15862.4,24.28
2289,1405,80,False,False,True,False,False,False,1,2,11226.6,26.22
2290,625,184,False,False,False,True,True,False,1,1,21307.0,21.73
2291,593,207,False,False,True,False,False,False,1,1,20549.7,18.17
2292,483,196,True,False,False,False,False,True,1,1,25542.2,7.3
2293,353,120,True,True,False,False,False,True,1,1,21089.3,5.34
2294,1124,232,False,False,True,False,True,True,1,1,34029.75,17.61
2295,1072,220,False,False,False,False,True,False,0,0,0.0,12.18
2296,1203,98,False,False,False,True,False,True,0,0,0.0,9.89
2297,252,221,False,False,True,False,True,True,1,1,10124.1,24.44
2298,737,276,False,True,False,False,True,False,1,3,2966.4,5.44
2299,333,246,False,True,True,False,False,False,0,0,0.0,27.07
2300,1340,220,True,True,True,True,False,True,1,3,80541.6,1.23
2301,402,230,False,True,True,False,True,False,1,2,19353.6,5.11
2302,216,242,True,False,False,False,True,False,1,3,97503.0,10.49
2303,855,87,False,True,True,False,False,False,0,0,0.0,20.78
2304,1319,217,True,False,False,False,False,False,1,3,94449.9,11.94
2305,1374,60,True,True,True,False,False,True,1,4,99719.6,1.02
2306,145,108,False,False,False,False,False,True,0,0,0.0,7.26
2307,489,281,True,False,True,False,True,False,1,2,86634.0,5.68
2308,231,85,True,True,False,True,True,False,1,4,60736.0,8.62
2309,462,254,False,True,False,True,True,True,0,0,0.0,27.25
2310,801,127,False,False,False,True,False,False,1,1,31687.05,16.89
2311,421,63,True,False,False,True,True,True,1,1,31227.3,2.37
2312,102,30,False,False,False,True,True,True,1,1,28488.6,17.75
2313,766,165,True,True,False,False,True,True,1,1,42069.6,3.06
2314,80,136,True,True,False,False,True,True,1,3,20341.8,10.39
2315,341,154,False,False,False,False,False,False,1,2,59462.4,23.47
2316,1,13,True,False,True,False,True,False,1,1,16852.05,8.97
2317,131,81,False,False,False,False,False,False,0,0,0.0,8.65
2318,655,2,True,False,True,True,False,True,1,1,13645.4,2.7
2319,1277,91,False,False,False,False,False,False,0,0,0.0,9.48
2320,1162,280,True,True,False,False,False,False,0,0,0.0,20.87
2321,149,46,False,False,True,False,False,True,1,1,27309.0,15.96
2322,53,207,False,True,False,True,True,False,0,0,0.0,20.57
2323,508,2,True,False,False,False,True,True,1,2,27280.8,6.59
2324,979,169,True,False,False,False,False,False,1,2,26460.0,9.05
2325,1121,277,False,True,True,True,False,False,1,1,20013.0,5.6
2326,1235,103,False,False,False,True,True,True,1,2,16120.8,25.01
2327,514,60,True,False,False,False,True,False,1,4,99699.6,8.72
2328,253,172,False,False,True,False,True,True,1,3,92500.8,10.93
2329,40,84,True,True,True,False,True,False,1,2,47361.3,9.79
2330,221,268,False,False,True,False,True,True,1,2,41092.8,22.36
2331,98,255,False,False,True,True,True,True,1,1,29420.55,22.13
2332,1292,196,False,False,True,True,False,False,1,1,25542.2,20.13
2333,403,192,True,False,True,False,True,False,1,2,31242.6,8.66
2334,1235,181,True,False,False,False,False,True,1,1,22568.0,1.34
2335,830,221,True,False,False,False,True,False,1,2,20248.2,11.06
2336,809,139,True,False,True,True,True,False,1,1,26442.6,9.52
2337,683,291,False,False,False,False,True,False,0,0,0.0,16.79
2338,1229,104,True,False,False,True,False,True,1,3,6438.9,9.16
2339,66,3,True,False,False,True,True,False,1,1,16625.95,14.02
2340,140,210,False,False,True,True,True,False,0,0,0.0,9.43
2341,636,199,False,True,False,True,False,False,0,0,0.0,16.45
2342,592,295,True,False,True,False,True,False,1,4,93232.0,12.67
2343,819,119,False,True,False,False,False,True,0,0,0.0,17.92
2344,1107,128,True,True,False,True,False,True,1,1,35410.1,10.4
2345,882,169,True,True,True,False,False,False,1,3,39690.0,11.39
2346,387,118,False,True,True,True,False,False,1,2,1397.2,8.77
2347,491,236,True,False,False,True,True,False,1,1,31014.2,12.12
2348,1129,129,True,False,True,True,True,True,1,1,41126.4,13.37
2349,303,236,False,False,False,False,True,False,0,0,0.0,22.8
2350,757,128,False,True,False,False,False,False,1,1,35410.1,4.26
2351,809,68,True,False,True,True,False,False,0,0,0.0,31.44
2352,1126,298,False,False,False,False,False,False,0,0,0.0,14.07
2353,1072,158,False,False,False,False,True,True,1,2,4315.2,15.45
2354,698,213,True,True,False,False,False,True,1,1,17567.0,8.7
2355,464,178,True,True,False,True,False,False,1,1,42140.0,7.79
2356,552,108,True,False,False,False,False,True,1,3,69708.6,16.14
2357,618,292,False,False,False,False,False,False,0,0,0.0,16.76
2358,329,112,True,False,False,False,True,False,1,2,55260.8,12.25
2359,939,298,False,False,True,False,True,True,0,0,0.0,16.12
2360,313,130,True,False,True,False,True,False,1,2,19497.6,7.85
2361,974,7,False,True,True,False,True,False,0,0,0.0,17.64
2362,1128,12,True,False,False,True,False,True,1,4,82967.2,14.76
2363,1443,293,True,True,False,True,False,False,1,3,104162.1,7.75
2364,179,159,True,True,False,True,True,False,1,1,26602.0,6.2
2365,1140,117,True,False,True,False,True,False,1,2,12423.6,5.02
2366,129,244,False,False,False,True,True,True,1,4,74073.0,17.85
2367,506,186,False,False,False,False,True,False,0,0,0.0,6.8
2368,265,199,False,False,True,True,True,True,1,2,37176.0,20.65
2369,244,206,False,True,False,False,True,False,0,0,0.0,22.0
2370,264,60,True,False,True,False,False,False,1,1,24929.9,12.77
2371,66,27,False,False,False,True,False,True,1,1,27519.85,21.87
2372,1235,219,True,False,False,False,True,True,1,3,58986.9,4.29
2373,92,7,True,False,True,True,True,True,1,3,1684.8,7.29
2374,598,216,True,False,True,False,False,False,0,0,0.0,26.63
2375,1049,39,True,False,False,False,False,False,1,1,30743.4,8.05
2376,1486,79,False,False,False,False,True,False,0,0,0.0,12.94
2377,1281,213,False,False,True,False,True,True,1,1,17562.0,13.45
2378,206,187,True,False,False,False,False,False,0,0,0.0,22.41
2379,1482,235,False,False,False,False,False,False,0,0,0.0,5.91
2380,981,184,False,True,False,True,True,False,1,2,42614.0,18.19
2381,270,15,True,False,True,False,True,False,1,2,9657.7,10.06
2382,674,252,False,False,False,False,False,True,0,0,0.0,14.26
2383,1377,65,False,False,True,False,False,True,1,1,23361.2,26.33
2384,590,41,False,True,True,True,False,True,1,2,83216.7,6.1
2385,276,264,False,True,True,False,False,True,1,1,7041.2,9.07
2386,1313,59,False,True,False,True,False,True,1,3,90774.6,2.11
2387,1430,161,True,True,False,False,False,True,1,2,57077.2,11.49
2388,1464,146,True,False,True,True,True,False,1,2,34986.0,7.53
2389,1434,231,False,True,True,False,False,True,1,1,40767.6,12.12
2390,1310,14,False,True,False,False,True,False,0,0,0.0,17.65
2391,682,33,False,False,True,True,True,False,1,1,12557.6,21.2
2392,289,125,True,False,True,False,False,False,0,0,0.0,27.95
2393,926,142,False,False,True,True,False,False,0,0,0.0,20.79
2394,332,237,True,False,True,False,False,False,1,1,39770.55,5.56
2395,710,182,False,False,True,True,False,True,1,4,30872.2,12.77
2396,985,45,False,False,False,True,True,True,0,0,0.0,14.84
2397,1420,294,False,True,False,False,False,False,0,0,0.0,28.79
2398,434,138,True,False,False,True,True,False,0,0,0.0,24.32
2399,378,290,True,False,True,True,False,True,1,2,79114.0,9.38
2400,1103,297,True,True,True,False,True,False,1,1,9903.2,11.7
2401,10,16,True,True,False,False,True,True,1,1,19743.3,11.17
2402,850,152,False,False,False,True,True,False,0,0,0.0,11.59
2403,1119,127,True,True,False,False,False,False,0,0,0.0,22.23
2404,827,150,True,True,False,False,False,False,0,0,0.0,11.96
2405,576,93,False,False,True,True,True,True,0,0,0.0,13.52
2406,1243,168,False,False,False,False,True,True,0,0,0.0,8.5
2407,557,148,False,False,True,True,False,False,1,2,51896.8,27.99
2408,1066,56,True,False,False,False,False,False,0,0,0.0,27.24
2409,697,87,False,False,False,False,False,True,1,1,30164.65,31.02
2410,40,45,True,False,True,True,False,False,1,1,15657.8,4.13
2411,796,254,True,False,True,True,True,True,1,4,31407.6,2.19
2412,75,204,False,False,True,False,True,False,1,2,56957.4,20.35
2413,1397,117,True,True,True,False,False,True,1,3,18650.4,13.55
2414,903,119,False,False,False,True,False,False,1,1,12886.05,24.07
2415,559,24,False,False,True,True,False,False,0,0,0.0,14.45
2416,730,87,True,False,False,False,False,False,1,1,30164.65,13.07
2417,929,278,False,False,False,False,True,True,1,1,23912.0,16.16
2418,391,10,False,False,False,False,False,False,0,0,0.0,13.42
2419,433,44,False,False,False,True,False,False,1,2,77422.9,25.17
2420,628,254,False,True,True,True,True,False,0,0,0.0,23.4
2421,388,157,False,False,True,False,False,False,1,4,133824.0,21.75
2422,1137,10,True,False,False,True,False,False,1,2,62356.6,3.81
2423,156,147,True,False,True,True,False,False,1,2,73696.4,1.0
2424,1240,225,False,True,False,True,False,False,1,1,13914.2,6.35
2425,523,104,False,False,False,True,True,True,1,2,4282.6,22.67
2426,842,115,True,True,True,False,False,False,0,0,0.0,14.63
2427,237,190,False,True,False,True,False,False,0,0,0.0,23.28
2428,579,180,True,True,False,False,True,True,1,4,54904.8,8.11
2429,1132,271,False,True,False,True,True,False,0,0,0.0,22.79
2430,407,75,False,True,True,True,True,False,1,3,96465.6,10.3
2431,199,83,False,True,True,False,False,False,0,0,0.0,19.93
2432,783,47,False,False,False,False,False,True,1,4,52952.0,16.34
2433,244,200,False,False,True,True,True,False,0,0,0.0,16.82
2434,473,161,False,False,True,True,True,False,1,3,85600.8,19.05
2435,676,105,True,False,False,False,False,False,0,0,0.0,22.4
2436,847,209,False,True,True,False,True,True,1,4,94986.0,11.46
2437,960,114,False,True,False,False,False,False,0,0,0.0,19.57
2438,1015,59,False,False,True,True,False,True,0,0,0.0,25.11
2439,1267,162,True,True,True,True,False,True,1,4,117495.2,8.85
2440,100,131,False,False,True,True,False,False,1,1,6167.1,22.2
2441,544,122,True,True,False,False,False,True,1,2,7322.5,1.0
2442,2,134,False,False,False,True,True,True,0,0,0.0,13.8
2443,15,275,False,True,False,False,False,False,1,2,29585.5,4.25
2444,319,65,True,False,False,False,True,True,1,1,23356.2,6.93
2445,898,83,False,True,False,False,False,True,1,1,981.8,2.68
2446,1342,170,False,True,False,False,True,True,0,0,0.0,26.15
2447,1161,15,True,False,True,False,False,False,1,2,9667.7,16.58
2448,970,44,True,False,False,True,False,False,1,2,77422.9,6.62
2449,1168,170,False,True,True,True,False,True,1,1,33409.25,8.13
2450,258,153,False,False,True,False,False,False,0,0,0.0,22.86
2451,1260,196,False,True,False,False,True,False,1,2,51074.4,8.13
2452,1336,35,True,True,True,True,False,False,1,2,43345.6,7.23
2453,143,257,False,False,False,False,False,False,0,0,0.0,14.97
2454,705,146,False,False,False,True,False,False,0,0,0.0,1.66
2455,1246,47,True,False,False,False,False,False,1,1,13238.0,12.3
2456,715,94,False,False,False,False,False,False,0,0,0.0,15.14
2457,1261,69,False,False,False,False,True,False,0,0,0.0,9.37
2458,1404,136,False,False,True,False,True,True,1,1,6780.6,18.15
2459,712,141,False,False,True,False,False,False,0,0,0.0,17.21
2460,90,131,False,False,True,True,True,False,1,2,12324.2,15.37
2461,511,139,False,False,False,True,False,False,1,1,26447.6,19.24
2462,323,273,True,True,False,False,True,True,1,4,85194.0,6.6
2463,712,288,False,True,False,False,True,False,0,0,0.0,20.03
2464,879,147,False,False,False,False,True,True,1,2,73686.4,15.08
2465,696,289,False,False,True,True,False,True,0,0,0.0,19.05
2466,294,246,True,True,True,True,False,False,1,2,9467.1,7.28
2467,452,246,False,False,False,False,True,False,0,0,0.0,11.9
2468,1020,68,True,True,False,False,True,False,1,2,71211.3,8.13
2469,41,132,False,False,False,False,True,False,0,0,0.0,19.96
2470,322,106,True,False,False,False,True,False,1,3,104130.6,17.56
2471,1339,29,False,False,True,False,True,True,1,2,4260.2,24.91
2472,149,23,False,True,False,True,True,False,0,0,0.0,16.94
2473,623,187,False,False,True,True,False,False,1,2,35149.0,13.26
2474,311,127,False,False,False,False,False,True,1,1,31687.05,18.94
2475,157,248,True,False,False,True,False,False,1,1,11479.4,15.95
2476,635,201,True,False,True,False,False,True,1,1,29021.45,14.2
2477,783,26,False,False,True,True,False,False,1,1,29190.6,25.41
2478,265,252,True,True,False,False,True,True,1,3,46530.0,8.15
2479,117,149,True,False,True,True,True,True,1,2,24332.0,7.34
2480,203,170,True,True,True,True,False,True,1,1,33409.25,13.09
2481,978,290,True,False,False,False,True,False,1,1,39552.0,7.51
2482,1291,193,True,True,True,False,False,True,1,2,31734.8,13.61
2483,271,7,True,False,True,False,False,True,1,2,1133.2,9.49
2484,481,54,True,False,True,False,True,False,1,1,39404.1,9.17
2485,516,128,True,False,False,False,True,False,1,1,35405.1,5.05
2486,542,12,False,False,True,False,True,True,1,4,82947.2,19.94
2487,367,51,False,False,False,False,False,True,0,0,0.0,8.2
2488,83,238,False,False,False,False,False,False,0,0,0.0,14.93
2489,788,43,False,False,False,False,True,False,0,0,0.0,7.8
2490,537,51,False,False,False,True,False,True,0,0,0.0,15.89
2491,514,152,False,False,True,False,False,False,0,0,0.0,20.36
2492,398,28,True,False,False,False,True,False,1,1,31493.35,12.45
2493,1395,77,True,True,False,False,False,True,0,0,0.0,18.41
2494,916,282,True,False,False,False,True,False,1,4,92006.4,3.79
2495,629,190,True,False,True,True,True,False,1,4,67615.2,14.82
2496,309,290,True,False,True,False,False,False,1,2,79114.0,1.82
2497,1202,107,True,False,False,True,True,False,1,4,3539.2,7.27
2498,1333,185,False,False,False,False,True,True,1,4,4025.6,18.28
2499,49,72,True,True,False,True,True,False,0,0,0.0,18.66
2500,1395,114,False,True,True,True,True,True,1,1,44495.1,11.32
2501,1050,53,True,False,False,True,True,False,0,0,0.0,23.04
2502,150,250,True,False,False,False,True,False,1,1,39026.7,12.6
2503,1130,56,False,True,True,False,False,False,0,0,0.0,29.24
2504,162,62,True,False,True,False,True,True,1,2,31115.0,5.71
2505,77,140,False,True,False,False,False,False,0,0,0.0,19.65
2506,173,129,True,False,False,False,False,True,1,2,82262.8,7.45
2507,690,95,False,False,False,True,True,True,1,2,4338.0,18.53
2508,930,108,False,False,True,False,True,True,1,3,69693.6,18.21
2509,611,89,True,False,False,True,False,True,1,1,6080.9,12.47
2510,183,274,False,True,True,False,True,True,1,2,3267.2,3.66
2511,299,175,False,False,False,False,False,False,0,0,0.0,10.01
2512,1279,276,False,False,False,False,True,False,0,0,0.0,9.75
2513,1444,297,True,False,True,True,True,False,1,4,39612.8,6.63
2514,1132,196,False,False,True,False,False,True,1,2,51084.4,18.19
2515,156,248,False,False,False,False,False,True,1,1,11479.4,18.07
2516,1230,34,True,False,False,True,False,False,1,1,22843.9,6.93
2517,1038,285,False,False,False,True,False,False,1,3,74808.0,31.98
2518,790,145,True,False,True,False,False,True,1,2,67264.4,7.51
2519,215,215,True,True,False,False,True,False,0,0,0.0,23.7
2520,1496,74,True,True,True,True,False,False,1,2,9476.8,13.98
2521,664,29,False,False,True,False,True,True,1,1,2130.1,21.37
2522,67,266,True,False,False,False,False,False,0,0,0.0,19.62
2523,315,135,False,True,False,False,True,True,1,2,73438.2,4.2
2524,602,42,False,True,True,True,False,True,1,4,129312.8,5.51
2525,94,198,False,False,False,True,True,False,1,2,60783.5,20.08
2526,486,17,True,False,True,True,False,True,1,4,44648.0,14.56
2527,703,136,True,False,False,False,True,True,0,0,0.0,18.46
2528,1423,212,False,True,True,True,True,False,1,1,27984.6,3.06
2529,130,217,True,False,True,True,True,True,1,3,94434.9,4.05
2530,866,136,True,False,True,True,True,True,0,0,0.0,17.81
2531,1374,111,True,False,True,True,False,False,1,2,33190.6,7.73
2532,1210,252,True,False,True,False,False,False,1,1,15515.0,6.36
2533,1388,56,False,False,False,False,False,True,0,0,0.0,24.78
2534,256,23,False,False,True,False,False,True,0,0,0.0,10.45
2535,1203,48,True,False,False,False,True,False,0,0,0.0,14.99
2536,1468,241,True,True,True,True,True,False,1,4,134911.4,4.8
2537,490,141,False,False,True,False,False,False,1,3,78153.9,8.22
2538,748,12,False,True,True,False,True,True,1,3,62210.4,7.81
2539,797,51,False,False,False,False,True,False,1,3,68313.0,24.06
2540,741,9,True,False,True,True,True,True,0,0,0.0,15.93
2541,435,245,True,False,True,True,True,True,1,2,66726.0,8.57
2542,1457,139,False,False,True,False,True,True,1,3,79327.8,15.85
2543,1435,21,False,False,True,False,True,False,0,0,0.0,17.68
2544,572,67,False,True,True,False,False,False,0,0,0.0,21.31
2545,1208,185,False,False,False,True,False,False,1,3,3034.2,14.38
2546,597,179,False,False,False,False,True,False,1,1,13830.75,20.38
2547,1193,246,False,True,True,True,True,True,1,1,4728.55,8.82
2548,878,8,False,True,True,False,False,False,1,4,84061.2,3.61
2549,706,21,False,True,False,True,True,True,1,1,14954.4,9.0
2550,193,11,False,True,False,False,False,False,0,0,0.0,24.53
2551,982,119,False,False,False,False,True,True,1,3,38643.15,22.66
2552,482,219,False,False,False,True,True,True,1,3,58986.9,20.46
2553,326,199,False,True,False,False,True,False,0,0,0.0,21.86
2554,290,64,False,True,True,True,True,False,1,2,5728.0,5.6
2555,1473,198,False,False,True,True,True,True,1,4,121567.0,19.3
2556,155,197,True,True,False,False,False,False,1,2,4079.8,8.13
2557,1198,58,False,True,False,True,False,False,0,0,0.0,23.86
2558,1300,225,False,False,False,False,False,False,1,1,13914.2,21.76
2559,47,127,False,True,False,True,True,True,1,2,63364.1,8.01
2560,884,18,False,True,False,True,False,True,1,4,140483.0,5.17
2561,867,118,True,False,True,False,True,True,1,1,693.6,8.42
2562,539,231,False,False,True,False,True,False,0,0,0.0,17.91
2563,1001,209,False,False,True,False,False,True,1,4,95006.0,23.09
2564,614,81,False,False,True,True,True,False,0,0,0.0,24.5
2565,660,228,True,False,False,False,False,False,1,3,28277.4,7.29
2566,648,117,False,False,True,False,True,True,1,1,6211.8,25.0
2567,1202,139,False,True,False,False,False,True,0,0,0.0,24.59
2568,950,26,False,True,True,True,False,False,0,0,0.0,29.56
2569,569,300,True,False,True,False,False,True,1,1,14810.6,5.64
2570,1391,252,False,False,False,False,True,False,0,0,0.0,19.1
2571,1204,59,False,True,False,False,False,False,0,0,0.0,20.65
2572,1400,169,False,False,False,False,True,True,1,4,52900.0,21.02
2573,1096,235,True,True,True,False,False,False,1,2,78711.5,3.69
2574,588,152,False,False,False,False,True,False,1,2,45041.4,27.46
2575,1160,64,True,False,False,True,True,False,1,4,11456.0,8.87
2576,494,291,True,False,False,False,False,True,1,1,27464.75,9.65
2577,407,81,True,False,False,True,False,False,1,1,29817.0,12.07
2578,677,101,False,True,False,True,True,False,1,3,67824.0,6.87
2579,1454,112,False,True,True,True,False,False,1,1,27635.4,6.17
2580,852,268,False,True,False,False,True,False,1,3,61639.2,9.61
2581,576,151,True,False,True,True,False,True,1,1,12338.5,9.97
2582,693,216,False,True,True,False,True,False,1,1,29912.25,14.14
2583,437,271,False,True,True,False,True,True,1,3,68989.5,4.92
2584,989,279,True,False,True,False,False,True,1,3,45358.8,3.11
2585,526,257,True,False,True,False,True,True,1,1,1170.9,9.47
2586,832,273,False,False,False,False,True,False,0,0,0.0,21.7
2587,555,285,True,False,True,False,True,False,1,2,49862.0,8.06
2588,482,298,False,False,True,False,True,False,0,0,0.0,8.88
2589,1456,193,False,True,False,False,True,False,1,3,47587.2,6.14
2590,519,40,False,True,True,True,False,True,1,1,7233.2,1.18
2591,106,34,True,False,False,False,False,True,1,1,22843.9,5.73
2592,568,239,True,False,True,False,True,False,0,0,0.0,15.37
2593,799,95,True,True,True,False,False,False,1,1,2174.0,9.95
2594,142,242,False,False,True,False,False,True,0,0,0.0,12.61
2595,459,281,True,True,False,True,True,True,1,3,129951.0,7.39
2596,250,194,False,True,True,True,True,False,1,1,16945.15,7.96
2597,751,230,False,True,False,False,True,False,0,0,0.0,22.73
2598,1085,84,False,False,True,False,True,True,1,1,23680.65,23.45
2599,1453,131,True,False,True,False,True,False,0,0,0.0,24.59
2600,584,290,True,False,True,False,False,False,1,1,39557.0,7.99
2601,1295,246,True,False,True,True,False,True,1,2,9467.1,11.1
2602,322,62,True,False,False,False,True,True,1,4,62230.0,8.62
2603,1171,281,False,True,True,False,True,True,1,4,173268.0,7.64
2604,845,150,True,False,True,False,False,False,0,0,0.0,27.35
2605,1138,254,False,False,False,False,False,True,1,3,23570.7,17.34
2606,1134,157,True,True,True,False,False,True,1,1,33456.0,10.16
2607,799,182,False,True,False,False,True,False,1,1,7713.05,4.81
2608,387,49,False,False,True,False,False,False,0,0,0.0,11.8
2609,790,102,True,True,False,False,False,True,1,4,42283.6,5.62
2610,1241,217,False,True,True,True,False,False,1,2,62966.6,6.84
2611,1456,253,False,False,True,True,False,False,1,4,49316.8,25.87
2612,1392,27,True,False,False,True,True,False,1,4,110059.4,5.69
2613,273,24,True,True,False,False,True,True,1,4,30628.8,11.93
2614,897,208,False,False,True,False,True,True,1,1,915.3,20.18
2615,157,135,False,False,False,False,True,True,1,1,36719.1,22.05
2616,1004,255,True,False,False,False,False,False,0,0,0.0,19.95
2617,1489,21,True,False,False,True,False,False,0,0,0.0,22.27
2618,79,105,False,True,True,True,True,False,1,2,14025.6,6.99
2619,985,11,True,False,False,False,False,True,1,3,56527.65,3.47
2620,1419,213,True,True,True,False,False,False,0,0,0.0,19.69
2621,1271,258,True,False,True,False,False,True,0,0,0.0,16.21
2622,589,48,False,True,False,False,True,False,1,3,47068.2,7.09
2623,156,98,False,False,False,False,False,False,0,0,0.0,21.67
2624,1386,254,False,True,True,False,True,False,1,2,15703.8,8.82
2625,1382,13,False,True,True,True,True,False,1,1,16852.05,5.91
2626,869,286,True,False,False,False,True,False,0,0,0.0,14.7
2627,1469,267,False,False,False,True,False,False,0,0,0.0,7.18
2628,7,46,True,False,False,False,True,True,1,1,27304.0,16.24
2629,925,42,False,False,True,True,True,True,1,1,32323.2,19.66
2630,58,208,True,False,False,True,False,False,0,0,0.0,23.79
2631,1404,4,False,True,True,True,False,False,1,1,35345.0,1.0
2632,1021,152,False,True,False,False,True,True,1,1,22520.7,11.52
2633,1371,20,True,False,False,False,False,False,0,0,0.0,25.1
2634,845,160,False,True,True,False,True,True,1,1,18468.0,5.32
2635,125,106,True,True,False,True,True,True,1,4,138840.8,6.17
2636,40,212,False,False,False,False,False,True,1,3,83968.8,17.91
2637,504,265,True,False,True,False,False,True,1,1,24747.2,1.95
2638,1116,147,False,False,False,True,False,True,1,1,36848.2,21.97
2639,227,193,False,False,True,False,True,False,0,0,0.0,23.59
2640,1279,181,True,False,True,False,False,True,0,0,0.0,24.17
2641,360,296,False,False,True,True,False,False,1,1,18648.0,20.87
2642,745,70,False,True,True,True,True,True,1,4,121643.2,2.95
2643,305,72,True,True,False,False,False,False,1,2,10488.5,8.05
2644,699,114,True,True,False,True,True,True,1,2,88990.2,7.94
2645,679,222,False,False,False,True,True,False,0,0,0.0,15.25
2646,9,260,False,False,True,False,True,True,1,1,28186.0,24.62
2647,852,84,True,False,False,False,False,False,0,0,0.0,21.65
2648,1180,33,True,False,False,True,False,True,1,1,12562.6,2.69
2649,1405,183,False,False,True,False,False,True,1,1,45900.45,15.76
2650,497,180,False,True,True,False,False,False,1,4,54924.8,7.62
2651,1321,113,False,True,True,True,True,False,0,0,0.0,19.47
2652,1319,56,True,False,True,False,False,True,1,1,24087.5,9.73
2653,1483,255,False,True,True,False,False,False,1,4,117702.2,13.13
2654,560,254,True,False,False,False,True,False,0,0,0.0,26.55
2655,1277,225,True,False,True,True,True,True,1,1,13909.2,4.6
2656,848,174,False,True,False,False,False,False,0,0,0.0,27.27
2657,88,79,False,False,True,False,True,True,1,4,80572.8,25.72
2658,406,121,True,True,True,True,True,True,1,1,24874.8,3.92
2659,1009,21,False,True,True,True,True,False,1,2,29908.8,5.28
2660,241,75,False,True,True,False,False,True,1,1,32160.2,8.21
2661,653,136,False,True,True,False,False,False,1,1,6785.6,5.07
2662,1163,132,False,False,True,True,False,True,1,1,30585.8,22.01
2663,225,25,False,False,False,False,False,False,0,0,0.0,22.76
2664,745,288,False,False,False,False,True,True,1,1,33783.2,25.45
2665,323,81,False,True,False,True,True,False,1,4,119248.0,10.2
2666,805,153,False,True,False,True,True,True,1,1,8000.4,7.11
2667,362,140,True,False,False,True,False,False,0,0,0.0,24.98
2668,1449,141,True,False,True,False,True,True,0,0,0.0,25.52
2669,116,254,True,True,False,True,True,False,1,2,15703.8,4.46
2670,1446,224,True,True,False,False,True,False,1,1,5139.2,16.95
2671,1188,261,False,False,True,False,True,True,0,0,0.0,15.27
2672,1284,114,True,True,False,False,True,False,1,2,88990.2,2.98
2673,1278,80,True,False,True,False,True,True,0,0,0.0,22.87
2674,282,129,False,False,True,True,False,True,0,0,0.0,13.6
2675,1397,169,True,True,True,True,True,True,1,4,52900.0,6.72
2676,892,102,True,True,True,False,True,True,0,0,0.0,22.85
2677,1444,139,True,False,True,True,True,False,1,1,26442.6,6.81
2678,1318,46,False,False,True,False,True,True,1,1,27304.0,18.28
2679,870,176,True,True,False,False,False,False,1,1,2737.8,11.69
2680,562,215,False,False,False,False,True,False,0,0,0.0,13.05
2681,176,159,True,True,False,False,True,True,1,4,106408.0,4.73
2682,152,262,True,False,False,True,False,False,1,1,24040.4,10.21
2683,585,299,False,True,False,False,False,True,1,4,4852.8,9.8
2684,1217,272,True,True,True,False,True,False,1,4,119331.0,8.39
2685,759,28,False,False,True,False,False,False,0,0,0.0,12.08
2686,723,265,True,False,False,False,False,True,1,1,24747.2,5.66
2687,367,101,False,True,False,False,False,False,0,0,0.0,20.07
2688,847,136,True,True,True,False,False,True,1,1,6785.6,2.05
2689,958,124,False,True,True,False,True,False,1,2,29590.4,6.11
2690,1474,86,False,False,True,False,False,False,0,0,0.0,20.43
2691,1095,264,False,False,False,False,False,True,1,2,14082.4,11.05
2692,911,192,True,False,True,False,False,False,1,3,46878.9,16.29
2693,1366,291,False,False,False,False,True,True,1,1,27459.75,25.12
2694,638,287,True,False,True,True,True,True,1,1,32390.25,8.29
2695,1403,126,False,False,False,False,True,True,0,0,0.0,15.79
2696,555,219,False,True,False,False,False,False,1,1,19667.3,4.23
2697,192,151,True,False,True,True,True,False,1,1,12333.5,3.39
2698,627,149,False,True,False,True,False,False,1,1,12171.0,8.76
2699,194,222,True,False,False,True,False,True,1,2,67355.5,7.42
2700,178,207,False,False,False,False,False,True,1,2,41099.4,15.42
2701,1322,274,True,True,True,False,False,False,0,0,0.0,29.95
2702,1193,232,True,False,True,False,False,True,1,2,68069.5,13.47
2703,332,187,False,True,True,False,True,True,1,1,17569.5,11.62
2704,1257,276,True,True,True,False,True,False,1,2,1977.6,5.64
2705,104,31,True,False,True,False,True,False,1,4,126879.0,7.57
2706,427,229,False,False,True,False,True,True,0,0,0.0,17.45
2707,1060,118,True,False,True,False,False,True,1,3,2095.8,9.13
2708,456,130,True,False,True,False,False,False,1,3,29261.4,11.94
2709,1096,235,True,False,False,False,False,False,1,2,78711.5,9.43
2710,1312,83,True,False,False,False,True,True,1,2,1953.6,3.57
2711,100,266,True,False,True,True,False,True,1,2,20720.0,2.16
2712,36,150,False,False,True,False,True,False,1,3,69849.0,14.0
2713,1411,105,False,True,False,True,False,False,1,3,21053.4,12.28
2714,781,99,False,False,True,False,False,False,0,0,0.0,10.37
2715,760,127,False,True,True,False,True,True,1,2,63364.1,1.0
2716,696,283,False,False,False,False,False,False,0,0,0.0,8.55
2717,651,31,False,False,True,False,True,True,1,1,31719.75,17.91
2718,1036,153,False,False,True,True,True,False,1,1,8000.4,21.03
2719,870,251,False,True,False,True,False,False,0,0,0.0,26.13
2720,246,142,False,False,False,False,False,False,0,0,0.0,5.15
2721,940,170,False,False,True,False,False,True,1,1,33409.25,19.73
2722,1003,105,True,True,False,True,False,False,1,1,7017.8,8.29
2723,171,41,False,False,False,False,False,False,0,0,0.0,12.04
2724,566,192,False,True,False,False,False,False,0,0,0.0,21.86
2725,1186,276,False,False,True,True,True,True,1,1,988.8,19.92
2726,929,157,False,False,False,False,False,False,0,0,0.0,15.78
2727,205,130,True,True,False,False,True,False,1,2,19497.6,13.51
2728,61,39,True,True,False,True,True,True,1,2,61476.8,5.97
2729,872,284,True,False,True,True,False,False,1,1,3009.85,4.89
2730,693,261,False,False,True,False,True,False,1,2,45361.6,17.55
2731,1442,271,False,False,False,False,False,False,1,1,23001.5,16.04
2732,784,108,True,True,True,False,False,False,1,4,92944.8,5.93
2733,1398,188,False,False,False,True,False,False,0,0,0.0,13.93
2734,322,130,True,False,False,False,True,False,1,1,9748.8,3.18
2735,672,71,False,True,True,True,False,False,0,0,0.0,22.45
2736,210,62,True,True,False,False,False,True,1,2,31125.0,1.05
2737,862,116,True,False,True,False,True,False,1,1,14924.0,16.26
2738,283,167,True,False,True,True,False,False,1,1,2508.8,3.69
2739,739,37,False,True,False,True,False,False,1,1,39986.6,18.94
2740,517,211,False,False,False,True,False,False,1,3,57523.8,15.66
2741,279,138,False,False,False,False,True,True,1,2,11371.2,16.62
2742,146,265,False,True,False,False,False,True,1,1,24747.2,7.47
2743,769,84,False,False,False,True,True,False,1,1,23680.65,12.27
2744,1421,16,False,False,True,False,False,False,0,0,0.0,24.13
2745,299,94,False,True,True,False,True,True,1,4,62733.0,2.98
2746,608,292,True,True,True,False,True,False,1,2,60662.4,6.68
2747,337,97,False,True,True,False,True,True,1,2,59978.4,4.41
2748,1214,212,True,False,False,True,True,False,1,1,27984.6,1.03
2749,623,253,True,True,False,False,True,False,1,3,36972.6,9.7
2750,1462,86,True,False,True,True,False,False,0,0,0.0,19.95
2751,368,193,False,True,True,False,False,False,1,1,15867.4,4.69
2752,122,62,False,False,False,False,False,False,1,1,15562.5,20.68
2753,874,109,False,False,True,False,False,False,0,0,0.0,10.92
2754,978,89,True,False,False,True,False,False,1,1,6080.9,7.5
2755,1487,202,True,False,True,False,True,False,1,1,8881.8,9.29
2756,1308,263,True,False,True,False,True,True,1,1,23650.5,11.87
2757,1327,76,False,True,False,True,False,True,1,1,28367.0,2.2
2758,952,88,True,False,True,False,True,True,1,1,20057.4,3.54
2759,540,247,False,False,False,False,False,True,0,0,0.0,14.55
2760,644,139,False,False,True,False,True,False,0,0,0.0,6.54
2761,201,154,False,True,True,False,True,True,1,2,59452.4,11.56
2762,647,212,False,True,True,False,True,True,1,1,27984.6,6.61
2763,547,42,True,False,True,False,False,False,1,3,96984.6,10.11
2764,54,262,False,True,False,True,False,True,1,1,24040.4,8.22
2765,307,110,False,False,False,True,True,False,1,1,33704.1,20.17
2766,802,198,True,False,False,True,True,False,1,2,60783.5,10.99
2767,555,130,False,False,False,False,True,False,1,1,9748.8,19.85
2768,1491,226,True,False,False,True,False,True,1,3,20418.0,6.33
2769,718,184,True,True,False,False,True,True,1,1,21307.0,7.29
2770,1439,52,True,False,False,False,False,True,1,3,62670.6,12.22
2771,992,57,False,False,False,True,True,True,1,4,89733.2,17.75
2772,61,264,False,False,True,True,False,True,1,1,7041.2,24.47
2773,306,156,True,True,False,False,False,False,1,2,10010.5,9.0
2774,1059,83,False,False,True,False,True,True,1,2,1953.6,15.82
2775,818,43,False,True,False,False,True,False,0,0,0.0,10.73
2776,453,39,False,False,False,False,False,True,0,0,0.0,17.02
2777,784,276,True,False,False,False,True,True,0,0,0.0,33.2
2778,1355,293,True,True,False,True,False,False,1,1,34720.7,13.53
2779,584,119,False,True,True,False,False,False,0,0,0.0,4.91
2780,68,61,False,False,True,True,True,False,0,0,0.0,15.21
2781,467,126,True,True,True,False,False,True,1,3,87011.7,7.79
2782,1404,41,True,True,False,False,False,False,1,1,41608.35,8.46
2783,1143,165,False,False,True,False,False,False,1,2,84149.2,15.27
2784,1257,188,True,False,True,True,False,False,1,1,20853.0,11.48
2785,1368,296,False,False,True,False,False,True,1,3,55944.0,7.59
2786,177,96,False,True,False,False,True,False,1,2,1384.0,3.22
2787,425,60,False,False,True,False,False,True,0,0,0.0,11.37
2788,90,41,False,False,False,False,False,True,0,0,0.0,1.19
2789,8,114,True,True,True,False,False,False,1,1,44500.1,7.85
2790,1253,181,False,False,True,False,False,False,0,0,0.0,14.57
2791,1406,20,True,True,False,False,True,False,1,2,25954.0,11.45
2792,234,228,True,True,False,True,False,False,0,0,0.0,30.41
2793,1084,139,False,False,True,True,True,True,1,2,52885.2,20.65
2794,803,238,False,False,True,True,False,True,0,0,0.0,10.93
2795,104,140,True,False,True,False,True,True,1,1,19311.6,8.32
2796,1374,47,True,True,False,False,True,False,1,1,13233.0,3.96
2797,1307,7,False,False,True,True,True,False,0,0,0.0,18.47
2798,852,168,True,True,False,True,False,True,1,4,80173.4,8.19
2799,1062,162,True,False,False,False,True,False,1,2,58737.6,9.06
2800,596,245,False,False,True,False,False,True,1,4,133472.0,16.7
2801,1190,264,True,False,True,False,False,True,1,1,7041.2,9.45
2802,668,49,True,True,False,False,True,False,1,1,21301.6,9.9
2803,1484,95,False,False,False,False,True,False,1,4,8676.0,26.38
2804,95,63,False,True,True,True,True,False,1,1,31227.3,9.41
2805,259,33,True,False,False,True,True,True,1,4,50230.4,12.18
2806,1454,1,False,False,False,False,False,False,0,0,0.0,16.13
2807,434,25,True,True,True,False,False,True,0,0,0.0,16.05
2808,466,158,False,True,True,True,True,True,1,3,6472.8,12.88
2809,1187,46,True,True,False,False,True,True,1,1,27304.0,14.4
2810,285,59,False,True,True,False,False,True,1,2,60516.4,4.36
2811,771,36,False,False,False,True,True,True,1,1,5802.1,17.14
2812,430,218,False,False,False,True,True,True,1,2,5319.3,31.37
2813,297,191,True,True,False,False,False,True,1,2,46981.0,10.42
2814,1447,289,True,True,True,False,False,True,0,0,0.0,18.14
2815,300,34,True,False,False,False,False,False,1,1,22843.9,2.94
2816,142,63,False,False,False,True,False,False,0,0,0.0,20.62
2817,1011,137,False,False,False,True,False,False,0,0,0.0,19.18
2818,1301,195,True,True,True,False,False,False,0,0,0.0,16.59
2819,192,40,False,False,True,False,True,True,1,4,28912.8,15.58
2820,1062,64,True,True,True,False,False,False,1,1,2869.0,5.23
2821,812,127,False,True,True,False,False,False,1,2,63374.1,12.25
2822,1246,6,False,False,False,True,False,False,0,0,0.0,18.38
2823,191,119,False,True,False,True,False,False,0,0,0.0,13.47
2824,1464,228,True,True,False,False,True,False,1,2,18841.6,1.0
2825,929,158,True,True,False,False,True,True,1,4,8630.4,8.89
2826,1264,131,True,False,False,True,True,True,1,1,6162.1,9.75
2827,543,147,False,False,True,False,False,False,0,0,0.0,12.41
2828,1416,285,False,False,False,True,True,False,1,1,24931.0,21.33
2829,940,157,False,False,False,True,False,True,1,1,33456.0,21.62
2830,191,161,True,False,False,False,False,False,1,1,28538.6,10.9
2831,1385,280,False,False,True,False,False,False,1,4,135148.0,22.13
2832,1194,48,True,True,False,False,False,False,0,0,0.0,14.26
2833,451,29,True,False,False,True,True,True,1,2,4260.2,4.19
2834,819,135,False,False,True,False,False,True,1,1,36724.1,22.11
2835,583,96,True,False,True,False,True,True,1,1,692.0,3.49
2836,816,61,False,False,True,False,True,False,1,4,70261.2,17.33
2837,1449,36,True,False,True,False,False,True,0,0,0.0,30.49
2838,1349,264,True,True,False,True,False,False,1,1,7041.2,2.57
2839,324,185,True,False,True,False,False,True,1,1,1011.4,1.0
2840,1458,208,False,True,False,False,False,False,0,0,0.0,15.39
2841,657,36,True,False,True,False,True,False,1,1,5802.1,9.7
2842,1058,103,False,True,True,False,False,False,1,3,24196.2,6.77
2843,1147,187,True,True,False,False,False,True,1,3,52723.5,5.31
2844,725,159,True,False,False,True,True,False,1,1,26602.0,5.4
2845,685,209,False,True,True,False,False,False,1,1,23751.5,4.5
2846,685,201,True,False,True,True,True,True,1,4,116065.8,2.56
2847,1294,125,True,True,False,False,True,False,1,1,31042.4,6.57
2848,580,235,False,False,False,False,False,False,0,0,0.0,8.13
2849,420,78,False,False,False,True,False,True,1,4,22522.4,21.66
2850,543,25,True,False,True,True,True,True,0,0,0.0,23.49
2851,293,275,True,False,False,False,True,False,1,1,14787.75,15.98
2852,588,7,True,True,True,False,True,True,1,1,561.6,14.87
2853,172,86,False,True,True,True,False,False,1,1,9431.6,1.15
2854,135,35,False,True,True,False,True,True,1,1,21667.8,7.98
2855,1086,70,True,True,True,False,False,False,1,2,60831.6,2.19
2856,117,119,False,False,True,False,True,True,1,2,25762.1,20.36
2857,853,39,False,False,False,True,False,True,0,0,0.0,15.95
2858,1170,141,True,False,True,True,False,False,1,3,78153.9,13.08
2859,1087,279,True,False,False,False,True,False,1,2,30229.2,10.14
2860,670,41,False,False,True,False,False,False,1,3,124825.05,11.13
2861,291,278,False,True,True,False,True,False,1,1,23912.0,7.56
2862,1397,124,True,False,False,False,False,True,1,3,44400.6,9.41
2863,1253,178,False,False,False,True,True,False,1,3,126405.0,19.61
2864,919,133,False,False,True,False,True,False,1,2,25590.6,20.54
2865,131,95,True,False,False,False,False,True,1,2,4348.0,13.41
2866,53,33,False,False,True,True,False,False,0,0,0.0,7.5
2867,473,179,False,False,False,True,True,False,0,0,0.0,9.29
2868,237,275,True,False,True,True,False,False,1,2,29585.5,4.85
2869,1291,157,True,True,False,False,False,True,1,2,66912.0,4.92
2870,309,180,True,False,True,False,True,True,1,4,54904.8,13.09
2871,424,194,True,False,True,True,True,False,1,1,16945.15,7.88
2872,1464,117,True,True,False,False,False,True,1,1,6216.8,11.58
2873,1228,37,False,False,True,True,True,True,1,1,39981.6,15.32
2874,329,153,False,True,True,False,True,False,1,1,8000.4,2.94
2875,576,261,True,True,False,True,True,False,1,2,45361.6,11.33
2876,774,95,False,True,False,False,False,False,1,4,8696.0,8.51
2877,997,262,False,True,True,True,True,False,1,4,96141.6,2.74
2878,1405,257,False,False,True,False,False,True,1,1,1175.9,15.69
2879,1307,74,False,True,False,True,True,True,1,1,4733.4,8.44
2880,1466,173,False,False,True,False,False,False,0,0,0.0,12.93
2881,61,225,True,True,False,True,True,True,1,1,13909.2,7.95
2882,355,149,False,False,True,True,True,True,1,4,48664.0,22.81
2883,845,210,True,False,False,True,True,True,1,1,40811.05,1.76
2884,74,274,True,True,True,False,True,False,1,1,1633.6,7.87
2885,534,189,False,True,False,False,False,False,0,0,0.0,27.16
2886,231,252,True,False,True,True,True,False,1,3,46530.0,6.74
2887,1400,241,False,False,True,False,True,True,0,0,0.0,18.24
2888,95,244,False,False,False,False,False,False,1,3,55569.75,25.87
2889,223,256,True,False,False,False,False,True,1,4,172771.8,3.66
2890,293,68,False,True,True,False,True,False,1,2,71211.3,3.99
2891,223,6,False,False,True,False,False,False,0,0,0.0,10.65
2892,853,46,True,False,False,False,False,False,0,0,0.0,16.07
2893,547,75,False,True,True,False,True,True,1,1,32155.2,3.62
2894,1369,208,True,True,True,False,True,True,1,1,915.3,9.07
2895,392,153,False,False,True,True,False,True,0,0,0.0,12.15
2896,806,141,False,False,False,True,False,True,1,1,26051.3,22.51
2897,991,3,False,False,False,False,False,True,0,0,0.0,2.4
2898,939,206,True,False,True,False,False,False,0,0,0.0,21.04
2899,1195,110,True,True,True,True,True,True,1,1,33704.1,15.81
2900,303,229,True,True,False,True,True,False,1,1,5190.3,5.36
2901,762,34,False,False,True,False,False,False,1,4,91375.6,21.48
2902,1201,89,True,False,False,False,True,False,1,1,6075.9,10.18
2903,1295,17,False,False,True,True,False,False,0,0,0.0,9.98
2904,927,86,True,False,False,True,True,False,1,2,18853.2,11.54
2905,978,278,True,True,False,True,True,True,0,0,0.0,9.15
2906,1297,148,True,False,False,True,True,False,1,2,51886.8,1.0
2907,938,132,False,True,True,True,False,True,1,2,61171.6,11.5
2908,1424,83,True,False,True,False,False,False,0,0,0.0,11.24
2909,192,80,False,False,False,False,False,False,1,2,11226.6,17.86
2910,522,201,True,False,True,True,True,True,1,4,116065.8,10.28
2911,169,296,False,False,False,True,True,False,0,0,0.0,20.17
2912,136,225,False,False,True,True,False,False,1,1,13914.2,19.96
2913,708,222,False,False,True,False,False,True,0,0,0.0,17.15
2914,339,142,False,True,True,False,True,False,1,4,61838.4,3.06
2915,611,30,True,True,True,False,True,True,1,3,85465.8,5.64
2916,657,218,True,False,False,False,True,False,1,4,10638.6,12.66
2917,932,243,False,False,True,False,False,True,1,3,109041.0,22.27
2918,1419,154,False,False,False,False,False,True,0,0,0.0,10.5
2919,1275,28,False,False,False,False,True,True,1,1,31493.35,20.93
2920,568,214,False,True,True,False,True,False,1,3,101646.3,12.23
2921,489,277,True,False,False,True,False,False,0,0,0.0,16.37
2922,1157,68,True,True,True,False,False,True,1,2,71221.3,3.88
2923,186,48,False,False,True,False,True,True,1,4,62757.6,26.26
2924,811,222,True,True,True,True,True,False,1,1,33672.75,10.34
2925,635,100,False,False,False,True,True,False,0,0,0.0,15.22
2926,275,215,False,True,True,False,True,False,0,0,0.0,18.69
2927,925,211,False,True,True,False,False,False,1,1,19174.6,7.62
2928,482,80,False,True,True,True,True,False,1,1,5608.3,1.09
2929,279,13,False,True,True,True,True,False,0,0,0.0,21.72
2930,980,167,True,False,False,False,True,True,1,3,7511.4,8.93
2931,262,123,True,False,True,True,False,False,1,4,92448.0,8.67
2932,1010,257,True,False,True,False,False,True,0,0,0.0,18.91
2933,244,108,False,False,False,True,True,False,0,0,0.0,18.61
2934,653,75,False,False,False,True,True,False,0,0,0.0,12.99
2935,1212,259,True,False,False,False,False,False,0,0,0.0,30.45
2936,343,221,False,True,True,True,False,True,1,1,10129.1,5.5
2937,1152,186,False,False,True,True,False,False,1,4,116562.2,19.38
2938,1083,287,True,False,True,True,True,False,1,1,32390.25,5.16
2939,1354,235,True,False,True,False,True,False,1,1,39350.75,8.4
2940,254,260,False,True,True,True,False,False,1,4,112764.0,9.11
2941,1073,240,False,False,True,True,True,True,0,0,0.0,16.39
2942,1406,121,True,True,True,False,True,True,1,2,49749.6,9.68
2943,1145,19,False,False,True,True,False,True,1,2,54921.9,20.12
2944,282,183,False,False,True,False,True,False,0,0,0.0,9.44
2945,1234,230,True,True,False,True,False,False,1,1,9681.8,11.61
2946,161,298,True,True,False,False,True,False,1,2,1163.4,8.98
2947,884,205,False,False,True,False,True,False,1,3,87653.25,20.0
2948,747,171,True,False,True,False,False,True,1,1,29224.25,8.43
2949,797,173,False,False,True,False,True,False,1,1,44259.0,17.33
2950,780,35,True,False,True,False,True,False,0,0,0.0,23.19
2951,48,3,True,False,True,False,True,False,0,0,0.0,21.04
2952,763,14,False,True,True,False,False,False,1,2,35631.2,4.69
2953,1406,272,False,False,False,False,True,False,0,0,0.0,17.07
2954,656,238,True,False,True,True,True,False,1,1,23310.0,4.74
2955,416,79,False,False,False,True,False,False,0,0,0.0,17.2
2956,1493,128,True,True,False,True,True,False,1,2,70810.2,10.39
2957,149,146,True,True,True,False,True,False,1,1,17493.0,2.57
2958,730,75,False,False,False,True,False,False,0,0,0.0,13.9
2959,769,127,False,False,True,False,False,True,0,0,0.0,26.7
2960,717,105,True,True,False,True,True,True,1,2,14025.6,7.73
2961,1383,209,False,True,False,True,False,False,0,0,0.0,29.67
2962,633,228,False,False,False,False,False,False,0,0,0.0,6.39
2963,1460,30,False,True,True,False,False,False,0,0,0.0,23.8
2964,101,140,False,False,False,True,False,True,1,2,38633.2,24.55
2965,1101,298,False,True,True,False,False,True,1,1,586.7,8.84
2966,890,261,False,False,False,False,False,False,0,0,0.0,17.23
2967,361,239,True,False,True,True,False,True,1,4,25920.0,6.58
2968,342,221,True,False,True,False,False,False,1,1,10129.1,5.18
2969,1080,2,False,True,True,True,True,True,1,3,40921.2,8.19
2970,957,293,False,False,True,True,False,True,0,0,0.0,12.87
2971,917,221,True,False,False,False,False,True,1,1,10129.1,7.93
2972,77,267,False,True,False,False,True,True,1,1,37496.0,9.51
2973,897,273,True,False,True,True,True,True,1,1,21298.5,9.01
2974,1473,77,True,False,False,False,True,False,1,3,33228.0,1.18
2975,26,5,False,False,False,False,False,False,1,1,5775.65,16.14
2976,704,198,True,False,False,False,True,False,1,2,60783.5,10.03
2977,742,138,True,False,False,False,True,False,1,1,5685.6,1.0
2978,1346,7,True,True,False,False,False,False,1,2,1133.2,3.99
2979,425,82,True,False,False,True,True,True,1,4,65072.6,11.69
2980,714,298,True,False,True,False,False,True,1,2,1173.4,7.0
2981,1076,110,True,False,True,False,True,False,1,4,134816.4,6.02
2982,91,79,True,False,False,False,True,False,0,0,0.0,20.03
2983,1202,197,False,False,True,True,False,False,0,0,0.0,18.48
2984,1234,200,True,True,True,True,True,True,1,3,55020.0,13.47
2985,1080,100,False,False,True,False,True,False,0,0,0.0,11.66
2986,973,255,True,False,False,False,False,False,0,0,0.0,16.85
2987,1122,175,True,True,False,False,False,False,1,1,5406.8,2.5
2988,1173,49,False,True,True,False,False,False,1,4,85226.4,12.94
2989,1356,98,False,False,False,False,True,True,1,1,17861.05,16.49
2990,643,255,False,False,False,False,True,False,1,1,29420.55,16.43
2991,685,27,True,True,False,False,False,False,0,0,0.0,23.11
2992,957,4,False,False,True,False,True,True,0,0,0.0,12.18
2993,290,197,False,True,True,True,False,False,1,2,4079.8,10.7
2994,1285,133,True,False,True,False,True,False,0,0,0.0,25.99
2995,1156,76,False,False,True,False,False,True,1,4,113468.0,22.2
2996,947,142,True,True,True,False,False,True,1,1,15464.6,4.79
2997,453,56,True,True,False,False,False,False,1,1,24087.5,4.41
2998,522,113,False,False,False,False,True,False,0,0,0.0,24.44
2999,653,71,True,True,True,False,True,False,1,2,78449.6,16.24
3000,994,176,False,False,False,False,True,False,1,1,2732.8,14.45
3001,1168,203,False,True,False,False,True,False,0,0,0.0,26.59
3002,1008,275,False,False,True,True,False,False,0,0,0.0,15.36
3003,1395,21,False,False,True,False,True,False,1,1,14954.4,18.91
3004,1441,99,True,False,False,False,True,True,1,1,18441.6,10.71
3005,1058,80,True,True,False,True,False,True,1,3,16839.9,9.13
3006,557,174,False,True,False,False,True,False,0,0,0.0,19.23
3007,899,160,True,False,True,False,True,False,1,2,36936.0,8.91
3008,638,264,False,False,True,False,True,True,1,2,14072.4,22.49
3009,944,276,False,False,True,False,True,False,1,4,3955.2,20.23
3010,1219,232,True,True,True,False,False,False,1,2,68069.5,14.33
3011,554,60,True,True,True,False,False,True,1,1,24929.9,6.33
3012,759,13,False,True,True,True,False,False,1,1,16857.05,8.44
3013,69,270,False,True,False,False,False,False,0,0,0.0,13.19
3014,1105,283,False,True,True,True,True,False,1,1,25939.45,11.74
3015,735,76,False,False,True,True,True,False,1,1,28362.0,19.88
3016,690,14,False,False,False,True,True,False,1,1,17810.6,26.44
3017,799,205,False,False,True,False,True,True,1,3,87653.25,22.63
3018,324,177,False,False,False,False,True,True,1,1,31944.5,19.93
3019,897,267,True,True,False,True,False,True,1,2,75002.0,14.31
3020,1118,173,True,False,False,True,True,True,1,2,88518.0,8.19
3021,525,229,True,False,False,False,True,False,1,1,5190.3,6.33
3022,197,236,False,False,True,False,True,True,1,1,31014.2,14.9
3023,581,3,False,False,True,False,False,False,1,1,16630.95,15.02
3024,298,45,True,True,False,False,False,True,0,0,0.0,24.63
3025,561,235,False,True,False,False,False,False,1,1,39355.75,2.73
3026,941,54,True,False,True,True,True,False,1,1,39404.1,1.0
3027,171,62,True,False,True,False,True,False,1,2,31115.0,8.54
3028,1121,226,False,False,True,True,True,False,1,2,13602.0,17.69
3029,337,62,True,False,True,False,False,False,0,0,0.0,20.58
3030,1343,45,True,True,False,True,False,False,1,1,15657.8,9.12
3031,1099,5,False,False,True,True,False,True,1,2,11551.3,23.17
3032,409,141,True,True,False,True,True,False,1,4,104185.2,8.17
3033,845,192,False,False,True,False,False,True,0,0,0.0,12.66
3034,167,220,False,False,False,True,False,False,1,2,53694.4,21.2
3035,150,272,True,True,False,False,False,True,1,1,29837.75,5.32
3036,1435,196,True,False,True,True,False,False,0,0,0.0,30.96
3037,1204,227,False,True,True,False,False,False,0,0,0.0,26.46
3038,232,64,False,True,False,False,False,False,0,0,0.0,20.78
3039,425,103,False,False,True,False,True,True,0,0,0.0,8.53
3040,297,92,False,True,True,True,True,False,1,4,118323.4,4.76
3041,593,20,False,True,True,True,True,False,1,2,25954.0,15.6
3042,437,291,True,False,False,False,True,False,1,3,82379.25,8.89
3043,493,73,True,False,True,False,False,False,1,2,3650.0,10.37
3044,795,135,True,False,True,True,True,False,1,1,36719.1,2.31
3045,284,108,False,True,True,False,True,True,1,1,23231.2,11.07
3046,1325,14,False,True,True,False,True,True,1,1,17810.6,8.06
3047,1092,272,False,False,True,False,False,True,1,2,59675.5,13.65
3048,1141,66,True,False,False,True,False,False,1,1,2948.9,8.36
3049,255,31,False,False,False,False,False,True,0,0,0.0,20.92
3050,1063,103,True,True,True,False,True,False,1,1,8060.4,7.23
3051,1255,44,False,False,True,True,True,False,1,4,154825.8,23.02
3052,263,300,False,True,False,True,False,True,0,0,0.0,24.35
3053,1127,57,False,False,False,False,False,True,0,0,0.0,14.02
3054,537,91,False,False,False,False,False,False,0,0,0.0,17.71
3055,1182,82,False,False,False,True,True,False,0,0,0.0,16.21
3056,718,8,False,True,False,False,False,False,0,0,0.0,22.29
3057,1204,4,False,True,True,True,False,False,0,0,0.0,24.2
3058,222,154,False,False,False,True,False,True,1,1,29731.2,20.7
3059,584,70,False,False,False,False,False,True,0,0,0.0,12.77
3060,411,26,False,False,False,False,True,False,1,1,29185.6,19.73
3061,373,88,False,False,False,False,False,True,0,0,0.0,19.23
3062,463,83,False,False,True,True,True,False,1,1,976.8,20.28
3063,574,128,True,False,False,True,False,True,1,1,35410.1,10.31
3064,191,298,False,False,False,True,False,False,1,1,586.7,18.23
3065,1061,93,False,False,False,True,False,False,0,0,0.0,11.58
3066,826,212,True,True,True,False,False,False,1,2,55979.2,15.18
3067,1244,231,True,False,False,False,True,False,1,2,81525.2,10.01
3068,1058,16,False,True,True,False,False,False,0,0,0.0,23.54
3069,224,151,False,False,False,False,True,True,1,1,12333.5,26.22
3070,105,135,False,True,True,False,False,True,1,2,73448.2,11.51
3071,635,153,True,True,False,False,True,False,1,4,32001.6,5.74
3072,722,52,False,True,False,False,False,True,1,4,83560.8,5.31
3073,361,140,False,False,False,False,True,False,1,4,77246.4,20.28
3074,1174,37,True,True,False,True,True,True,1,3,119944.8,12.55
3075,873,284,False,False,True,True,True,True,1,2,6009.7,17.94
3076,1122,177,True,False,True,False,False,True,1,4,127798.0,4.75
3077,164,11,True,False,False,True,True,False,0,0,0.0,19.17
3078,1223,152,False,False,False,True,True,False,0,0,0.0,23.4
3079,310,278,False,False,True,False,False,False,0,0,0.0,16.82
3080,673,223,True,False,False,False,False,True,1,1,6764.0,6.54
3081,660,82,True,True,True,False,False,False,1,1,16273.15,2.02
3082,1231,268,True,False,False,False,False,True,1,2,41102.8,7.21
3083,416,56,True,False,False,False,False,False,1,2,48175.0,6.67
3084,362,75,False,False,True,False,True,False,0,0,0.0,18.24
3085,510,47,False,True,False,False,True,True,0,0,0.0,22.97
3086,542,277,True,False,True,True,False,False,1,2,40026.0,6.21
3087,273,216,True,False,False,False,False,False,0,0,0.0,26.86
3088,265,156,True,True,False,False,True,True,1,2,10000.5,15.46
3089,348,201,False,False,False,False,False,True,0,0,0.0,15.66
3090,702,78,False,False,False,True,True,False,1,4,22502.4,12.77
3091,516,22,False,False,False,False,False,False,0,0,0.0,9.59
3092,589,254,False,True,False,True,True,False,0,0,0.0,19.16
3093,1079,290,True,False,False,False,True,False,0,0,0.0,18.62
3094,362,11,True,False,True,True,True,False,1,1,18837.55,6.97
3095,1365,16,True,True,False,False,True,False,1,2,39486.6,1.0
3096,1128,168,False,False,True,False,False,True,1,1,20043.35,14.69
3097,263,13,False,True,True,False,True,False,1,3,50556.15,7.06
3098,471,217,False,False,False,False,False,False,1,2,62966.6,25.04
3099,276,284,True,True,False,True,True,False,1,1,3004.85,10.04
3100,410,84,True,True,True,False,True,False,1,2,47361.3,3.47
3101,549,89,False,True,False,False,False,False,1,3,18242.7,7.93
3102,197,260,False,False,False,True,True,True,1,3,84558.0,23.54
3103,22,107,True,False,False,False,True,False,0,0,0.0,18.59
3104,659,73,True,False,True,True,True,False,1,1,1820.0,5.84
3105,1052,26,True,True,False,False,False,False,1,2,58381.2,11.69
3106,455,252,False,False,True,True,False,False,1,2,31030.0,28.52
3107,1291,278,False,True,True,True,True,True,1,4,95648.0,8.35
3108,554,24,False,True,True,False,True,True,0,0,0.0,14.42
3109,1352,241,False,True,True,True,True,False,0,0,0.0,21.05
3110,354,48,True,False,False,False,True,False,1,1,15689.4,7.6
3111,810,42,False,False,True,False,True,True,1,2,64646.4,17.02
3112,1145,115,True,False,True,True,True,True,1,1,20919.0,11.76
3113,89,132,False,True,False,False,True,False,1,4,122323.2,2.67
3114,1396,257,True,False,False,False,False,True,1,2,2351.8,20.62
3115,548,210,False,False,False,True,True,True,1,1,40811.05,25.4
3116,747,44,True,False,False,False,True,False,1,1,38706.45,14.16
3117,943,176,True,True,False,False,False,True,1,1,2737.8,8.95
3118,965,263,False,False,True,False,False,False,1,2,47311.0,22.36
3119,36,199,True,True,True,True,False,False,1,1,18593.0,9.58
3120,1301,69,True,False,True,False,False,True,1,2,34884.5,8.37
3121,936,39,True,True,False,False,False,True,1,2,61486.8,4.73
3122,1499,136,False,False,False,False,True,True,0,0,0.0,3.83
3123,708,142,False,False,True,False,True,True,1,1,15459.6,15.66
3124,921,106,True,False,False,False,True,True,1,3,104130.6,3.87
3125,662,33,False,True,True,False,False,False,1,3,37687.8,4.95
3126,1335,36,False,False,True,True,False,False,1,2,11614.2,22.81
3127,1249,159,True,True,False,False,True,False,0,0,0.0,22.38
3128,1363,284,False,False,True,False,True,True,1,1,3004.85,18.63
3129,757,180,False,True,False,False,True,False,1,1,13726.2,8.54
3130,1188,132,False,False,True,True,False,False,0,0,0.0,18.8
3131,539,280,False,False,True,False,True,False,1,1,33782.0,26.71
3132,692,208,False,False,False,False,True,False,1,1,915.3,23.09
3133,1141,216,True,False,True,False,False,True,1,4,119669.0,7.96
3134,122,173,False,True,False,False,False,False,1,1,44264.0,10.27
3135,1066,229,True,False,True,True,True,False,1,1,5190.3,8.33
3136,24,151,False,False,False,False,True,True,1,1,12333.5,14.2
3137,871,187,False,False,False,True,False,False,0,0,0.0,17.18
3138,716,185,True,False,False,False,True,True,1,1,1006.4,8.99
3139,704,226,True,False,True,True,False,True,1,3,20418.0,8.8
3140,742,270,False,True,False,False,True,False,0,0,0.0,19.02
3141,738,89,False,True,False,False,False,True,0,0,0.0,23.47
3142,612,210,True,False,True,True,True,True,1,1,40811.05,5.02
3143,678,10,False,True,True,False,True,True,0,0,0.0,19.99
3144,853,160,False,True,False,True,False,False,0,0,0.0,29.87
3145,1146,270,True,False,False,True,True,False,1,3,8866.35,6.26
3146,829,194,False,True,False,False,True,False,1,4,67780.6,12.45
3147,964,81,True,False,True,True,False,True,1,1,29817.0,12.39
3148,1255,182,False,False,True,True,False,True,1,1,7718.05,14.19
3149,1485,108,False,True,False,False,False,False,1,4,92944.8,7.59
3150,163,130,False,False,False,False,True,False,0,0,0.0,12.1
3151,1070,69,True,True,True,False,True,False,0,0,0.0,26.42
3152,338,188,False,False,True,False,False,False,0,0,0.0,9.54
3153,296,60,False,False,True,False,False,False,0,0,0.0,6.66
3154,1190,134,False,True,True,False,False,False,0,0,0.0,18.78
3155,104,282,False,False,True,True,False,False,1,2,46013.2,19.07
3156,1272,228,True,True,True,True,True,False,1,1,9420.8,7.9
3157,1156,125,False,True,False,False,True,False,1,3,93127.2,7.47
3158,1493,291,False,False,False,False,False,True,0,0,0.0,18.29
3159,1002,5,False,True,True,False,True,False,1,1,5770.65,11.93
3160,1310,288,False,False,False,False,True,True,1,3,101349.6,18.52
3161,178,106,False,True,False,False,True,False,1,1,34710.2,8.13
3162,1335,247,True,False,False,False,True,True,1,2,56548.8,8.06
3163,241,285,False,True,False,False,True,True,1,2,49862.0,11.28
3164,472,181,True,False,False,True,False,True,1,1,22568.0,9.59
3165,193,184,False,True,False,True,True,True,1,1,21307.0,10.67
3166,603,225,False,True,False,False,True,False,0,0,0.0,16.39
3167,1124,72,False,True,True,False,True,True,1,1,5239.25,4.85
3168,403,54,False,False,False,True,True,False,0,0,0.0,11.59
3169,1234,104,True,False,False,False,True,False,1,4,8565.2,10.14
3170,910,144,False,False,False,True,False,False,0,0,0.0,11.47
3171,944,223,False,False,True,False,True,True,1,2,13518.0,27.74
3172,1409,78,False,True,False,True,False,True,1,2,11261.2,5.11
3173,648,170,True,False,False,False,True,True,1,3,100212.75,8.34
3174,517,2,False,False,False,True,False,False,1,2,27290.8,10.44
3175,1492,10,False,True,False,True,True,False,1,1,31173.3,11.22
3176,836,291,False,False,True,False,False,True,0,0,0.0,17.73
3177,922,256,False,True,True,True,True,True,1,1,43187.95,8.57
3178,445,260,False,True,False,False,True,True,1,1,28186.0,6.83
3179,324,99,True,False,True,False,False,True,0,0,0.0,27.5
3180,255,155,False,True,True,False,True,False,1,2,62265.6,9.33
3181,336,203,True,False,False,False,False,True,1,4,9748.0,9.85
3182,293,77,False,True,False,False,False,False,1,4,44324.0,1.45
3183,1121,224,False,True,True,False,False,False,0,0,0.0,25.42
3184,87,208,False,True,True,True,False,False,0,0,0.0,28.08
3185,945,123,False,False,True,False,False,False,1,3,69336.0,20.62
3186,1424,131,False,False,False,False,True,False,1,1,6162.1,17.16
3187,1149,93,False,False,True,True,False,False,0,0,0.0,18.05
3188,605,242,True,True,True,False,False,False,0,0,0.0,21.14
3189,90,297,False,False,False,True,True,False,1,1,9903.2,18.74
3190,1252,300,False,True,False,False,True,False,0,0,0.0,25.38
3191,5,232,True,False,True,False,True,False,1,4,136119.0,13.19
3192,1022,105,False,False,False,True,False,False,1,2,14035.6,8.55
3193,1007,235,False,False,True,True,True,False,0,0,0.0,19.02
3194,288,74,False,False,True,True,False,False,0,0,0.0,16.11
3195,1110,269,False,True,False,False,True,False,1,1,2208.6,12.65
3196,264,81,True,True,False,False,True,True,1,4,119248.0,3.69
3197,339,121,True,False,False,False,True,True,1,4,99499.2,7.34
3198,1218,29,True,False,False,False,False,False,1,4,8540.4,4.14
3199,1469,25,True,False,True,True,True,False,1,1,7766.45,1.0
3200,398,119,True,False,True,False,True,False,0,0,0.0,14.58
3201,1383,166,True,True,False,False,False,False,1,2,8307.8,5.56
3202,1370,6,True,False,True,False,False,False,0,0,0.0,23.17
3203,1155,254,False,False,False,False,False,False,1,3,23570.7,22.53
3204,211,35,False,True,False,False,False,True,1,2,43345.6,6.85
3205,450,300,False,False,True,False,True,True,1,2,29611.2,23.77
3206,1017,82,False,False,True,False,False,False,0,0,0.0,14.88
3207,1499,114,False,False,True,False,True,False,1,1,44495.1,21.52
3208,1222,48,False,False,True,True,False,True,1,4,62777.6,22.74
3209,631,248,True,False,False,True,True,True,0,0,0.0,16.62
3210,353,220,False,False,False,True,True,False,0,0,0.0,15.19
3211,1441,24,True,False,True,False,False,True,0,0,0.0,20.97
3212,415,32,True,True,False,False,True,True,1,4,126950.4,12.25
3213,514,183,True,False,True,False,True,True,0,0,0.0,20.76
3214,1447,260,True,False,False,False,True,False,0,0,0.0,23.57
3215,843,33,True,True,True,False,True,False,1,1,12557.6,12.69
3216,397,67,False,False,True,False,True,True,1,3,60768.0,21.1
3217,9,164,True,True,False,False,False,False,0,0,0.0,20.1
3218,645,33,True,False,False,False,True,False,1,2,25115.2,5.55
3219,1480,92,False,False,True,False,True,False,0,0,0.0,10.18
3220,649,4,False,False,False,False,True,False,0,0,0.0,22.79
3221,1050,150,True,True,True,True,False,False,1,1,23288.0,7.43
3222,380,215,False,True,False,False,True,False,0,0,0.0,26.22
3223,1164,124,False,True,True,False,False,False,0,0,0.0,19.7
3224,1164,77,True,False,True,False,True,False,1,1,11076.0,8.52
3225,913,128,False,False,True,True,True,True,1,4,141620.4,21.87
3226,1158,153,True,True,True,False,True,False,1,1,8000.4,7.67
3227,869,50,False,False,True,False,True,True,0,0,0.0,18.76
3228,568,34,True,True,True,False,False,True,1,4,91375.6,9.82
3229,1107,55,False,False,False,True,True,True,1,1,8968.0,16.2
3230,1253,296,False,True,False,True,True,True,1,1,18643.0,2.36
3231,1262,217,False,False,False,False,False,False,1,1,31483.3,12.78
3232,320,38,True,False,False,True,True,False,1,2,44707.5,9.27
3233,1015,91,True,False,True,True,True,False,1,4,27333.6,11.32
3234,7,124,True,False,True,False,False,True,1,3,44400.6,4.27
3235,858,55,False,False,False,False,False,True,0,0,0.0,20.1
3236,857,256,False,False,False,False,False,False,0,0,0.0,25.84
3237,546,283,False,False,False,True,False,True,0,0,0.0,13.2
3238,1492,74,False,False,False,False,False,True,1,1,4738.4,24.95
3239,1325,5,True,False,True,True,True,True,1,1,5770.65,3.55
3240,58,81,True,False,False,False,False,False,1,2,59634.0,7.68
3241,314,175,True,False,True,False,True,True,1,1,5401.8,1.0
3242,312,243,False,False,True,False,False,False,1,3,109041.0,24.65
3243,1347,102,False,False,True,False,False,True,0,0,0.0,13.81
3244,779,83,True,False,True,True,False,False,1,2,1963.6,10.85
3245,1094,75,True,False,True,False,True,False,1,1,32155.2,5.23
3246,1215,1,False,False,True,False,True,False,0,0,0.0,6.88
3247,1152,5,False,True,False,False,True,False,0,0,0.0,23.96
3248,134,129,True,False,False,True,True,False,1,1,41126.4,5.47
3249,211,186,False,True,True,False,True,True,1,4,116542.2,4.27
3250,593,4,True,True,True,False,True,False,1,2,70680.0,5.84
3251,508,61,False,True,True,False,False,True,0,0,0.0,27.12
3252,1121,273,False,True,False,False,True,True,1,2,42597.0,12.86
3253,235,298,False,False,True,False,False,False,1,1,586.7,23.01
3254,558,193,False,False,True,True,True,True,1,1,15862.4,18.89
3255,355,157,False,True,True,False,False,False,0,0,0.0,21.59
3256,284,175,True,False,False,True,True,True,1,2,10803.6,8.18
3257,260,112,True,False,True,True,False,True,1,2,55270.8,7.61
3258,294,61,True,True,True,True,False,False,1,2,35140.6,2.83
3259,847,113,False,True,True,False,True,True,1,2,52419.5,6.81
3260,616,210,True,True,False,True,True,False,1,4,163244.2,15.43
3261,653,199,True,False,False,False,True,False,0,0,0.0,25.92
3262,720,204,False,False,False,True,False,False,0,0,0.0,19.23
3263,1112,183,False,False,False,False,False,False,0,0,0.0,14.63
3264,1293,19,True,False,False,False,True,False,1,3,82367.85,9.76
3265,790,188,False,False,False,True,False,False,0,0,0.0,13.67
3266,964,265,False,False,False,False,False,False,1,1,24747.2,12.49
3267,1108,195,False,True,True,False,True,True,1,2,35662.5,13.97
3268,1036,174,True,True,True,True,True,True,1,1,11829.6,11.64
3269,202,68,False,False,True,False,False,True,0,0,0.0,19.14
3270,1475,238,True,False,False,False,False,False,0,0,0.0,19.12
3271,248,136,False,True,False,True,False,False,1,1,6785.6,5.47
3272,618,79,False,False,True,False,False,True,0,0,0.0,28.44
3273,979,147,False,False,True,True,True,False,1,3,110529.6,20.57
3274,606,37,False,False,True,False,True,True,1,3,119944.8,19.21
3275,365,278,False,True,False,True,True,True,1,2,47824.0,12.9
3276,1386,211,True,False,True,True,False,False,1,3,57523.8,8.82
3277,108,98,True,False,False,True,False,False,0,0,0.0,30.48
3278,369,239,True,False,False,False,True,False,1,1,6475.0,5.03
3279,1490,17,True,True,False,False,True,False,1,4,44628.0,15.34
3280,1095,116,True,False,False,True,True,True,1,2,29848.0,6.85
3281,131,196,True,True,False,False,True,False,0,0,0.0,23.24
3282,1132,8,True,False,False,False,False,False,0,0,0.0,24.44
3283,1455,213,True,True,False,True,True,False,1,2,35124.0,7.83
3284,147,246,False,False,True,True,True,True,0,0,0.0,19.98
3285,622,179,False,True,False,False,True,False,1,2,27661.5,11.93
3286,703,62,False,True,True,False,False,False,0,0,0.0,22.27
3287,197,225,False,True,False,True,False,True,1,1,13914.2,6.27
3288,301,102,False,True,False,True,False,False,0,0,0.0,24.62
3289,261,221,True,True,True,False,True,False,1,1,10124.1,5.16
3290,279,189,False,False,False,True,True,False,1,3,112228.8,22.23
3291,606,29,True,True,False,True,False,False,1,1,2135.1,8.96
3292,696,30,False,False,False,False,True,True,1,1,28488.6,19.38
3293,357,5,False,True,False,False,False,False,0,0,0.0,21.16
3294,435,22,True,True,True,False,False,False,1,1,12696.35,9.23
3295,289,90,True,True,True,False,True,False,1,1,27710.0,11.38
3296,1195,8,False,False,True,True,True,False,1,3,63030.9,27.63
3297,318,282,False,False,False,False,True,True,1,2,46003.2,19.13
3298,1362,275,True,False,False,True,False,False,1,1,14792.75,8.91
3299,809,52,True,False,True,False,False,False,1,2,41780.4,8.08
3300,1205,94,True,True,True,True,False,True,1,2,31376.5,6.72
3301,955,223,True,True,True,True,True,False,1,2,13518.0,6.32
3302,400,199,False,False,True,False,False,False,0,0,0.0,11.64
3303,903,175,True,False,False,False,True,False,0,0,0.0,17.37
3304,412,297,False,True,True,False,True,False,0,0,0.0,22.39
3305,178,189,True,False,True,False,True,False,0,0,0.0,22.46
3306,383,201,False,False,False,False,False,True,1,4,116085.8,25.76
3307,414,151,False,False,True,False,True,False,1,2,24667.0,20.05
3308,203,158,True,False,False,False,True,False,1,2,4315.2,8.17
3309,36,88,False,False,False,False,True,True,0,0,0.0,7.57
3310,1416,157,False,False,True,True,False,True,0,0,0.0,12.44
3311,771,276,False,True,False,False,True,False,0,0,0.0,5.12
3312,604,114,True,False,True,True,False,False,1,3,133500.3,8.57
3313,1395,40,True,False,False,False,True,True,1,4,28912.8,14.43
3314,338,180,True,False,False,False,True,False,1,1,13726.2,4.36
3315,605,236,False,False,True,False,False,False,0,0,0.0,7.52
3316,1271,288,False,True,False,False,False,False,0,0,0.0,15.45
3317,949,163,False,True,True,False,False,False,0,0,0.0,19.77
3318,599,237,False,False,False,False,True,False,1,1,39765.55,30.42
3319,384,76,False,True,False,False,True,True,0,0,0.0,27.11
3320,53,128,False,False,False,True,False,False,0,0,0.0,24.63
3321,128,126,True,False,True,True,True,False,1,3,86996.7,1.69
3322,243,100,True,False,True,False,False,False,0,0,0.0,27.79
3323,1180,215,True,False,True,False,False,False,0,0,0.0,24.01
3324,959,266,True,False,False,False,True,False,1,2,20710.0,11.59
3325,651,98,True,True,False,True,True,False,1,1,17861.05,6.53
3326,1175,41,False,False,True,True,False,True,0,0,0.0,15.37
3327,242,248,False,False,False,False,False,True,0,0,0.0,2.81
3328,317,255,False,False,False,True,True,False,1,1,29420.55,21.38
3329,590,281,True,False,True,False,True,True,1,2,86634.0,5.95
3330,1377,77,False,False,False,False,False,False,0,0,0.0,13.94
3331,922,216,False,False,True,False,True,False,0,0,0.0,7.22
3332,1277,215,True,False,True,False,False,True,1,4,52701.6,5.04
3333,373,238,False,True,False,True,True,True,1,4,93240.0,4.77
3334,1273,242,True,False,False,True,False,True,1,4,130024.0,2.74
3335,109,286,False,True,True,True,False,False,1,1,38417.3,9.09
3336,342,144,True,True,True,True,False,False,1,1,34152.9,5.98
3337,785,23,True,False,True,True,False,False,1,1,28183.1,7.31
3338,76,58,True,False,False,True,False,True,1,2,58643.0,13.17
3339,1288,266,True,True,True,True,True,True,0,0,0.0,24.09
3340,1302,254,False,True,True,False,False,False,1,2,15713.8,10.44
3341,813,4,False,True,False,True,True,False,1,1,35340.0,9.98
3342,459,111,True,False,False,False,False,True,0,0,0.0,26.0
3343,149,74,False,False,True,True,True,True,1,1,4733.4,20.25
3344,929,97,False,True,False,True,True,True,0,0,0.0,18.67
3345,807,192,True,True,True,False,False,True,1,1,15626.3,7.43
3346,1140,154,True,False,True,True,False,False,1,1,29731.2,5.66
3347,904,145,False,False,True,False,False,False,0,0,0.0,16.17
3348,193,131,False,False,False,False,False,True,0,0,0.0,6.66
3349,183,193,False,False,False,True,True,False,1,1,15862.4,21.24
3350,1172,205,False,False,True,False,False,False,1,2,58445.5,18.79
3351,239,14,False,True,False,True,False,False,0,0,0.0,22.67
3352,1408,42,False,False,False,False,False,False,0,0,0.0,15.0
3353,159,103,True,False,False,True,True,False,1,2,16120.8,12.01
3354,1093,131,False,True,True,False,True,False,0,0,0.0,26.34
3355,1463,299,True,False,True,False,True,False,1,3,3624.6,10.1
3356,662,268,True,False,False,False,False,True,0,0,0.0,27.46
3357,86,195,False,True,False,False,True,False,1,3,53493.75,6.22
3358,1316,11,False,True,False,False,False,False,1,3,56527.65,3.27
3359,281,31,False,False,True,False,True,True,0,0,0.0,16.13
3360,792,138,True,False,True,False,False,True,1,1,5690.6,10.51
3361,1477,177,False,True,False,False,True,True,1,2,63889.0,6.43
3362,1118,199,False,True,True,False,False,False,0,0,0.0,31.76
3363,70,43,True,False,False,False,False,False,1,3,57978.6,5.9
3364,1231,267,False,True,False,False,True,True,1,1,37496.0,3.82
3365,242,148,True,True,True,False,True,False,1,1,25943.4,1.23
3366,1125,179,False,True,False,False,True,False,0,0,0.0,25.5
3367,932,12,True,False,True,False,True,False,0,0,0.0,19.82
3368,432,248,False,False,False,False,True,True,1,3,34423.2,16.81
3369,636,163,True,False,False,False,True,False,1,1,47164.65,11.08
3370,177,67,True,False,True,True,True,True,1,3,60768.0,10.41
3371,1481,96,True,False,True,True,True,False,1,1,692.0,15.81
3372,358,106,False,False,False,False,False,True,0,0,0.0,23.47
3373,464,9,True,True,True,True,False,True,1,2,53113.4,3.66
3374,755,283,False,True,True,False,True,True,1,1,25939.45,12.24
3375,1009,241,False,False,True,False,False,False,0,0,0.0,13.61
3376,758,266,True,False,False,False,True,False,0,0,0.0,34.9
3377,758,107,False,True,False,True,False,True,1,4,3559.2,17.01
3378,874,168,True,False,True,True,False,True,1,1,20043.35,9.28
3379,1287,138,False,True,False,False,True,False,1,1,5685.6,17.89
3380,593,143,True,False,True,False,True,False,1,1,15698.25,4.63
3381,1249,177,False,False,False,False,True,True,1,2,63889.0,19.88
3382,1181,136,False,True,False,True,False,False,1,1,6785.6,7.72
3383,1442,232,False,False,False,True,False,True,0,0,0.0,8.56
3384,1370,18,False,False,True,True,True,True,1,2,70231.5,13.57
3385,1198,58,False,False,True,True,True,True,0,0,0.0,12.65
3386,371,268,True,False,False,True,True,True,1,1,20546.4,9.16
3387,1162,265,True,False,True,False,True,True,1,3,74226.6,7.46
3388,1105,246,False,False,False,False,False,False,0,0,0.0,12.0
3389,435,111,True,False,True,False,True,False,1,1,16590.3,7.48
3390,1017,137,False,False,False,True,False,False,0,0,0.0,19.36
3391,380,8,True,False,True,True,False,False,0,0,0.0,21.24
3392,785,84,True,False,False,False,True,True,1,1,23680.65,8.02
3393,1196,218,False,False,True,False,False,False,1,2,5329.3,21.18
3394,283,103,False,False,True,True,True,True,1,2,16120.8,17.43
3395,506,145,True,False,True,True,True,True,1,1,33627.2,10.18
3396,1193,37,False,True,True,True,True,True,1,2,79963.2,4.79
3397,681,149,True,True,False,False,False,False,1,1,12171.0,11.34
3398,1441,217,False,True,False,False,True,False,1,3,94434.9,5.04
3399,12,172,False,True,True,False,False,False,1,2,61677.2,11.36
3400,1083,168,False,True,False,False,True,False,0,0,0.0,19.25
3401,1222,275,True,False,False,True,False,False,1,1,14792.75,17.29
3402,1377,71,True,False,True,True,True,False,1,4,156899.2,1.0
3403,236,90,False,True,True,False,False,False,0,0,0.0,30.74
3404,1477,187,True,True,False,False,False,False,1,1,17574.5,14.7
3405,589,145,True,False,True,True,True,False,0,0,0.0,22.08
3406,529,294,False,True,True,True,True,False,1,4,60060.0,6.19
3407,534,18,True,False,False,False,True,False,1,4,140463.0,15.56
3408,958,37,True,False,True,False,True,False,1,3,119944.8,1.0
3409,989,103,True,True,False,False,False,True,1,3,24196.2,5.33
3410,711,138,False,True,True,False,False,False,0,0,0.0,19.74
3411,107,268,True,False,False,True,True,True,1,4,82185.6,9.14
3412,1480,149,False,True,False,False,True,False,1,1,12166.0,8.15
3413,334,132,False,False,False,False,True,False,0,0,0.0,22.23
3414,141,51,False,True,True,False,True,False,0,0,0.0,20.86
3415,897,131,False,False,True,True,False,False,1,1,6167.1,20.79
3416,619,160,False,True,True,False,False,True,1,2,36946.0,5.52
3417,924,176,False,False,False,True,True,False,0,0,0.0,13.28
3418,1314,182,True,True,False,False,True,False,1,1,7713.05,5.4
3419,146,129,False,True,True,False,True,True,1,2,82252.8,11.87
3420,427,48,True,False,True,True,True,False,1,1,15689.4,14.13
3421,775,46,True,True,True,False,False,False,1,2,54618.0,4.21
3422,1182,47,False,False,True,True,False,False,0,0,0.0,18.94
3423,901,186,False,True,False,True,False,True,1,4,116562.2,6.52
3424,575,257,False,True,False,True,False,False,0,0,0.0,17.07
3425,916,265,False,True,True,False,True,True,1,1,24742.2,9.41
3426,1470,94,True,False,True,False,True,False,1,3,47049.75,2.94
3427,721,24,True,False,False,True,False,True,1,1,7662.2,3.35
3428,1326,190,True,False,False,False,False,True,0,0,0.0,24.91
3429,1170,12,False,False,True,True,False,True,1,1,20741.8,12.52
3430,452,189,False,True,False,True,True,False,1,1,37409.6,5.05
3431,375,115,True,True,True,False,False,True,1,1,20924.0,6.64
3432,1156,252,True,False,False,False,False,False,1,1,15515.0,4.77
3433,312,188,False,False,False,False,False,False,0,0,0.0,6.85
3434,506,222,True,True,True,False,False,False,1,2,67355.5,2.87
3435,354,122,False,False,True,True,True,True,1,1,3656.25,12.29
3436,910,253,False,False,True,False,True,False,1,2,24648.4,20.6
3437,442,158,True,False,True,False,False,True,1,3,6487.8,15.27
3438,988,188,False,True,False,False,False,False,1,1,20853.0,12.68
3439,1403,109,False,True,False,True,True,True,1,2,52111.5,12.51
3440,1245,135,False,False,True,True,False,True,1,1,36724.1,22.54
3441,1422,253,True,False,False,False,False,False,0,0,0.0,17.0
3442,37,119,False,True,True,False,False,True,1,1,12886.05,8.45
3443,684,7,False,True,False,False,False,False,1,1,566.6,5.98
3444,331,114,False,False,False,True,False,True,0,0,0.0,9.07
3445,1377,118,False,True,False,True,False,False,0,0,0.0,26.7
3446,1068,126,True,False,True,False,True,False,1,1,28998.9,7.01
3447,481,22,True,False,True,False,False,False,1,1,12696.35,6.7
3448,846,39,False,True,True,False,True,False,1,2,61476.8,5.92
3449,909,98,True,True,False,False,False,False,0,0,0.0,23.91
3450,744,128,False,True,True,True,False,False,0,0,0.0,17.64
3451,712,9,False,True,False,False,False,True,1,1,26556.7,5.87
3452,83,117,False,True,False,False,True,False,0,0,0.0,17.44
3453,679,97,False,False,True,True,True,False,1,2,59978.4,19.65
3454,523,11,False,False,True,True,False,False,1,1,18842.55,17.91
3455,1228,76,False,False,False,False,False,True,0,0,0.0,11.24
3456,1298,83,True,True,False,False,True,False,1,1,976.8,8.09
3457,1126,44,False,True,True,False,False,False,0,0,0.0,21.58
3458,47,226,True,False,True,True,True,False,1,2,13602.0,7.15
3459,1262,22,False,True,True,False,False,True,1,4,50785.4,12.07
3460,595,174,True,False,False,True,True,False,0,0,0.0,21.55
3461,625,200,True,False,True,False,True,True,1,1,18340.0,10.02
3462,1418,242,True,False,False,False,False,False,0,0,0.0,24.8
3463,1301,164,True,True,False,False,True,False,1,1,24717.0,6.2
3464,77,163,False,True,False,False,False,False,1,4,188678.6,4.84
3465,540,229,True,True,True,False,True,True,1,3,15570.9,1.0
3466,1125,257,True,False,False,False,True,True,1,2,2341.8,4.2
3467,809,64,False,False,False,False,False,False,1,1,2869.0,15.14
3468,387,239,False,True,True,False,True,False,1,4,25900.0,12.73
3469,788,139,False,False,True,True,True,True,1,2,52885.2,22.06
3470,1300,30,True,False,False,True,False,False,1,4,113974.4,3.81
3471,335,184,True,False,False,True,True,True,1,3,63921.0,5.38
3472,1120,294,True,False,False,False,False,False,1,1,15020.0,9.51
3473,1103,43,False,True,False,False,False,False,0,0,0.0,28.74
3474,1329,5,True,False,False,False,True,True,1,2,11541.3,9.58
3475,447,275,False,False,False,True,False,True,1,1,14792.75,23.84
3476,324,180,True,True,True,False,True,False,1,3,41178.6,2.46
3477,822,66,False,False,True,True,True,True,1,2,5887.8,19.24
3478,797,238,False,False,True,False,False,False,1,1,23315.0,26.21
3479,615,119,True,True,True,False,False,False,0,0,0.0,18.77
3480,1169,100,False,False,True,True,True,False,0,0,0.0,17.01
3481,1199,87,False,False,True,False,False,True,1,3,90493.95,22.45
3482,369,180,True,False,True,True,False,False,1,2,27462.4,8.39
3483,1194,41,True,True,False,True,True,False,0,0,0.0,26.95
3484,347,109,True,True,False,False,False,False,1,4,104243.0,12.3
3485,612,92,True,True,False,True,True,False,1,4,118323.4,6.54
3486,41,19,False,True,False,False,False,False,0,0,0.0,26.43
3487,511,229,False,False,False,False,False,False,0,0,0.0,14.53
3488,1438,3,True,False,False,True,False,True,0,0,0.0,14.73
3489,664,288,False,False,False,True,False,False,0,0,0.0,16.6
3490,1066,29,False,True,True,False,True,False,0,0,0.0,15.61
3491,162,108,True,True,True,False,False,False,1,2,46472.4,1.0
3492,954,30,True,True,True,True,True,False,1,1,28488.6,7.21
3493,558,111,True,False,False,False,False,False,0,0,0.0,17.25
3494,1116,184,True,True,False,False,True,False,1,3,63921.0,13.68
3495,1393,27,True,False,True,False,False,True,1,2,55039.7,5.7
3496,798,158,True,False,True,True,False,False,1,2,4325.2,13.62
3497,155,232,False,False,True,False,False,False,0,0,0.0,11.16
3498,715,137,False,False,True,True,False,False,0,0,0.0,10.83
3499,185,34,False,True,False,False,False,False,1,2,45687.8,11.05
3500,675,208,True,False,False,True,True,True,1,1,915.3,8.0
3501,92,56,False,True,False,False,False,True,1,1,24087.5,8.02
3502,961,6,False,True,False,False,False,False,1,4,9188.0,10.28
3503,466,132,False,False,False,False,True,False,0,0,0.0,8.66
3504,303,82,True,True,True,True,True,True,1,2,32536.3,1.0
3505,26,9,True,False,True,False,False,False,1,2,53113.4,13.04
3506,1333,234,True,False,True,False,False,True,1,2,8466.4,9.93
3507,1256,180,True,False,False,True,False,False,1,4,54924.8,12.83
3508,1218,273,False,True,False,True,False,False,1,1,21303.5,7.9
3509,88,145,True,False,False,False,False,True,1,1,33632.2,6.88
3510,525,132,False,False,True,False,True,False,1,1,30580.8,21.77
3511,1458,253,False,False,False,False,True,True,1,1,12324.2,17.19
3512,868,25,True,True,False,True,True,True,1,2,15532.9,11.89
3513,193,109,True,False,True,False,True,True,1,1,26055.75,2.75
3514,212,240,True,False,False,True,True,False,1,1,13341.3,11.05
3515,395,88,False,False,False,True,False,False,0,0,0.0,14.59
3516,1459,266,True,True,True,True,True,False,1,1,10355.0,9.34
3517,255,86,False,False,True,False,False,False,0,0,0.0,21.34
3518,1355,125,True,False,False,True,False,False,1,1,31047.4,11.91
3519,1018,270,True,False,True,True,False,True,1,2,5920.9,7.65
3520,1383,74,True,True,False,False,False,False,1,1,4738.4,14.45
3521,1240,291,True,False,False,False,False,True,0,0,0.0,24.8
3522,499,14,False,False,True,True,True,True,1,1,17810.6,18.81
3523,1242,80,False,True,False,False,True,True,1,1,5608.3,1.0
3524,254,178,True,False,True,False,False,False,0,0,0.0,28.66
3525,437,179,True,False,False,False,False,False,1,2,27671.5,1.0
3526,318,273,False,True,False,False,True,False,0,0,0.0,23.65
3527,200,288,True,True,True,False,False,True,1,1,33788.2,5.08
3528,136,204,False,True,False,True,False,False,0,0,0.0,19.91
3529,282,198,False,False,True,False,True,False,1,4,121567.0,23.55
3530,181,96,False,False,False,False,False,False,0,0,0.0,18.94
3531,571,242,True,False,False,False,False,False,0,0,0.0,22.24
3532,107,193,True,True,False,False,True,False,1,3,47587.2,3.13
3533,92,8,True,False,True,True,False,False,1,2,42030.6,11.87
3534,1485,250,False,False,True,False,True,True,1,2,78053.4,11.85
3535,132,108,True,False,True,True,False,False,1,4,92944.8,8.11
3536,112,143,False,True,True,False,True,True,1,1,15698.25,2.39
3537,46,146,False,False,True,False,True,False,0,0,0.0,6.7
3538,199,246,False,False,False,True,True,False,1,1,4728.55,17.17
3539,792,81,False,False,False,True,False,False,0,0,0.0,13.76
3540,1241,118,False,True,False,True,True,False,1,1,693.6,10.59
3541,1103,12,True,False,True,False,False,True,1,3,62225.4,15.59
3542,871,105,True,False,False,False,True,False,1,3,21038.4,12.88
3543,128,27,True,False,False,False,False,True,1,3,82559.55,8.99
3544,1162,175,False,False,True,True,False,True,0,0,0.0,15.1
3545,56,268,False,False,False,False,True,False,1,1,20546.4,24.35
3546,947,140,True,False,False,False,True,False,0,0,0.0,23.09
3547,614,274,True,True,True,False,True,False,1,3,4900.8,8.34
3548,1324,294,True,False,False,False,True,False,1,2,30030.0,3.0
3549,462,17,False,True,False,False,False,False,0,0,0.0,25.68
3550,958,155,False,False,False,True,True,False,0,0,0.0,15.77
3551,660,159,False,False,False,True,False,False,1,1,26607.0,19.3
3552,784,116,True,True,True,False,False,False,1,3,44787.0,9.81
3553,1409,250,False,False,False,True,False,True,1,1,39031.7,21.15
3554,1070,119,True,False,False,False,False,False,0,0,0.0,21.2
3555,622,17,False,True,False,False,True,False,0,0,0.0,22.76
3556,672,165,False,False,False,True,True,True,1,2,84139.2,13.58
3557,1057,61,False,False,False,False,False,True,0,0,0.0,18.7
3558,520,107,False,False,True,False,False,True,1,1,889.8,22.22
3559,252,151,False,True,True,False,True,False,1,1,12333.5,10.72
3560,702,217,True,False,True,False,True,False,1,3,94434.9,8.2
3561,103,84,False,False,False,True,False,False,0,0,0.0,16.96
3562,255,115,True,False,True,False,True,False,1,1,20919.0,5.11
3563,632,21,False,True,False,True,True,False,1,2,29908.8,1.75
3564,1195,116,False,True,False,False,False,True,1,1,14929.0,16.5
3565,1173,175,True,False,True,True,True,False,1,1,5401.8,5.74
3566,392,186,True,True,False,False,False,True,1,1,29140.55,7.39
3567,633,88,True,True,False,False,False,False,1,1,20062.4,8.57
3568,231,19,True,False,True,False,False,True,1,1,27460.95,12.63
3569,1133,174,True,True,True,True,True,True,1,2,23659.2,7.13
3570,370,197,False,False,True,False,True,True,1,3,6104.7,19.58
3571,1200,26,True,False,False,False,True,False,1,4,116742.4,12.87
3572,1264,152,True,True,False,False,True,False,1,1,22520.7,1.0
3573,1034,29,True,False,False,False,False,True,1,3,6405.3,8.77
3574,496,136,False,False,True,False,False,False,0,0,0.0,22.62
3575,1430,193,True,False,True,False,False,False,1,4,63469.6,13.78
3576,1030,216,False,True,False,False,True,True,1,3,89736.75,8.62
3577,969,215,True,False,False,False,False,False,0,0,0.0,19.69
3578,1285,228,False,False,False,False,False,True,0,0,0.0,16.29
3579,1323,73,True,True,True,False,True,False,0,0,0.0,23.98
3580,117,254,True,True,False,True,True,True,1,4,31407.6,1.8
3581,1323,105,False,True,True,False,False,False,0,0,0.0,14.15
3582,1148,113,True,True,False,True,True,False,1,1,26209.75,7.51
3583,310,237,True,True,True,True,False,False,1,1,39770.55,9.81
3584,462,99,True,False,False,True,True,True,1,2,36883.2,3.06
3585,1129,23,True,False,False,False,False,True,1,3,84549.3,6.98
3586,325,215,False,False,True,False,False,True,0,0,0.0,22.7
3587,679,199,False,True,False,True,True,True,1,1,18588.0,6.53
3588,1034,175,True,False,False,True,True,False,0,0,0.0,22.28
3589,976,43,False,False,True,True,False,True,1,4,77304.8,20.41
3590,1365,190,False,True,True,True,False,True,1,3,50726.4,9.53
3591,168,60,True,False,False,False,True,True,1,3,74774.7,9.03
3592,443,167,False,True,True,False,True,False,1,1,2503.8,9.72
3593,1478,153,False,False,True,False,False,False,0,0,0.0,22.93
3594,854,232,False,False,False,True,True,False,1,3,102089.25,11.23
3595,374,293,False,True,True,True,True,True,1,2,69431.4,10.07
3596,435,58,True,True,False,True,False,True,1,2,58643.0,6.81
3597,509,35,False,True,True,True,True,False,1,1,21667.8,6.25
3598,832,167,True,True,False,True,False,False,1,1,2508.8,12.58
3599,427,286,True,False,False,False,True,True,1,3,115236.9,7.39
3600,933,48,False,False,False,False,False,False,0,0,0.0,19.08
3601,668,147,False,True,False,False,True,False,1,1,36843.2,8.04
3602,916,123,True,False,False,False,False,True,1,2,46224.0,8.34
3603,233,96,False,False,False,True,True,False,1,1,692.0,19.78
3604,936,200,False,True,False,False,True,True,1,1,18340.0,7.05
3605,1388,89,True,True,False,False,False,True,1,3,18242.7,13.06
3606,203,148,True,False,False,False,False,False,0,0,0.0,18.12
3607,492,254,False,True,False,False,True,True,1,4,31407.6,14.36
3608,1041,114,True,False,False,True,False,False,0,0,0.0,25.09
3609,927,7,False,True,True,True,False,True,1,1,566.6,9.72
3610,1013,266,False,False,True,False,True,True,1,1,10355.0,20.67
3611,840,83,False,True,True,True,True,False,1,2,1953.6,4.09
3612,1024,232,True,True,True,True,False,True,0,0,0.0,16.89
3613,915,229,True,False,True,False,True,False,1,3,15570.9,16.96
3614,112,158,False,False,True,False,False,False,1,3,6487.8,14.4
3615,1127,27,False,True,False,False,False,False,0,0,0.0,16.1
3616,671,286,False,False,True,True,True,False,1,1,38412.3,17.37
3617,78,205,True,True,False,False,False,True,1,3,87668.25,8.84
3618,614,128,False,False,False,False,True,False,0,0,0.0,5.16
3619,653,257,True,False,True,False,False,True,1,1,1175.9,10.61
3620,131,237,True,False,False,False,True,False,1,2,79531.1,7.86
3621,1495,229,True,True,True,False,False,False,1,2,10390.6,9.73
3622,334,51,False,True,False,False,False,False,1,1,22776.0,11.16
3623,496,190,True,True,False,False,True,False,1,2,33807.6,1.23
3624,662,86,True,False,True,True,False,False,0,0,0.0,24.13
3625,1249,24,True,False,False,True,True,False,1,3,22971.6,15.23
3626,1115,102,False,True,True,False,True,True,1,1,10565.9,8.46
3627,1157,32,False,False,False,False,True,False,1,1,31737.6,24.39
3628,356,32,False,True,True,False,True,False,0,0,0.0,11.82
3629,1269,219,True,False,True,False,True,False,1,2,39324.6,11.16
3630,1245,151,True,True,False,False,True,True,1,4,49334.0,11.26
3631,696,120,False,False,False,True,False,False,0,0,0.0,16.46
3632,819,58,False,False,True,True,False,False,1,1,29321.5,17.99
3633,56,232,True,True,False,True,False,False,1,4,136139.0,11.8
3634,1141,191,True,False,True,False,False,False,1,1,23490.5,14.54
3635,1442,176,True,False,True,False,True,False,1,1,2732.8,8.83
3636,709,58,True,True,False,False,True,False,1,1,29316.5,13.13
3637,811,38,True,True,False,True,True,True,1,2,44707.5,1.7
3638,749,38,False,False,False,False,True,True,1,1,22353.75,22.85
3639,124,8,False,False,True,True,False,True,1,2,42030.6,25.23
3640,930,291,False,True,False,True,True,False,1,2,54919.5,4.07
3641,1083,111,True,True,True,False,True,False,1,1,16590.3,6.54
3642,1392,198,False,False,False,False,False,True,0,0,0.0,13.46
3643,1395,295,False,False,False,False,True,True,1,4,93232.0,20.96
3644,738,281,True,False,True,False,True,False,1,2,86634.0,5.08
3645,1439,97,False,False,True,True,True,True,1,4,119956.8,21.98
3646,793,147,True,False,False,False,False,True,0,0,0.0,35.49
3647,964,139,False,True,False,True,True,True,1,2,52885.2,6.02
3648,903,11,True,True,True,False,False,False,1,2,37685.1,9.71
3649,1499,231,False,False,False,False,False,True,0,0,0.0,24.93
3650,1107,173,False,True,False,True,False,False,0,0,0.0,19.22
3651,181,112,False,False,True,False,False,True,0,0,0.0,17.92
3652,108,168,False,False,False,True,False,False,0,0,0.0,24.33
3653,615,221,False,False,True,True,True,False,1,3,30372.3,25.75
3654,774,5,False,True,True,False,True,True,1,3,17311.95,2.23
3655,1003,194,True,False,False,False,False,False,0,0,0.0,21.01
3656,723,259,False,False,False,False,False,True,1,4,3041.6,19.8
3657,772,218,False,True,True,False,False,False,1,2,5329.3,2.51
3658,1383,186,False,False,False,True,False,False,1,3,87421.65,19.43
3659,503,28,True,False,True,False,False,False,1,3,94495.05,1.0
3660,741,224,False,True,False,False,False,True,0,0,0.0,27.05
3661,837,226,False,False,True,True,False,True,1,3,20418.0,12.69
3662,703,149,True,False,False,False,True,False,0,0,0.0,26.46
3663,1453,175,False,True,False,False,False,True,1,4,21627.2,1.95
3664,1444,186,False,True,False,False,True,True,1,4,116542.2,7.44
3665,770,37,True,False,True,False,False,False,1,1,39986.6,10.41
3666,676,78,False,True,False,True,False,False,1,2,11261.2,7.9
3667,884,238,True,False,False,True,True,False,1,1,23310.0,4.59
3668,272,293,True,False,True,False,True,False,1,4,138862.8,8.55
3669,639,82,True,False,False,True,False,True,0,0,0.0,19.63
3670,326,121,False,True,False,False,False,True,1,2,49759.6,10.2
3671,217,275,False,False,True,False,False,False,0,0,0.0,24.31
3672,143,49,True,True,False,True,True,False,1,1,21301.6,18.08
3673,881,79,False,False,True,False,False,False,0,0,0.0,11.84
3674,1,17,True,False,True,True,True,False,1,2,22314.0,2.99
3675,970,71,False,False,False,True,False,False,1,3,117689.4,24.47
3676,648,191,True,True,False,False,False,False,0,0,0.0,24.13
3677,550,105,False,True,True,True,False,True,1,1,7017.8,9.45
3678,1154,296,True,False,False,False,False,True,0,0,0.0,20.27
3679,809,268,True,True,True,False,True,True,1,4,82185.6,6.07
3680,1101,269,False,False,False,False,True,False,1,4,8834.4,20.41
3681,1065,218,True,True,False,False,True,False,0,0,0.0,22.59
3682,49,211,True,False,False,False,True,False,1,2,38339.2,9.66
3683,324,153,False,False,True,False,False,False,0,0,0.0,9.59
3684,855,298,False,True,False,False,True,True,1,1,581.7,10.02
3685,1464,29,False,False,True,True,True,False,1,2,4260.2,20.75
3686,232,217,False,False,False,True,False,True,1,1,31483.3,19.23
3687,159,43,False,False,False,False,False,True,0,0,0.0,19.85
3688,1412,102,True,True,True,True,False,False,0,0,0.0,21.65
3689,1451,77,False,False,False,True,True,False,1,3,33228.0,19.06
3690,252,181,False,False,True,False,True,False,0,0,0.0,20.99
3691,603,237,False,True,False,False,False,False,0,0,0.0,19.44
3692,940,24,False,False,True,False,True,True,1,1,7657.2,25.91
3693,293,181,False,False,False,False,True,False,1,2,45126.0,16.4
3694,490,67,True,True,False,True,True,True,1,2,40512.0,10.42
3695,593,24,False,False,False,False,True,False,0,0,0.0,6.09
3696,963,126,True,False,True,False,True,True,0,0,0.0,23.72
3697,463,175,True,True,True,False,False,False,1,1,5406.8,7.79
3698,619,61,True,False,False,True,False,False,0,0,0.0,20.4
3699,435,117,False,True,True,False,False,False,1,2,12433.6,4.42
3700,1140,287,True,False,True,False,True,False,1,1,32390.25,2.34
3701,230,105,True,False,False,True,True,False,1,2,14025.6,5.01
3702,347,299,False,False,False,False,True,True,1,1,1208.2,27.31
3703,375,251,True,False,True,False,False,False,0,0,0.0,16.39
3704,1359,112,False,False,False,True,True,False,0,0,0.0,11.87
3705,1417,174,False,False,False,False,False,False,0,0,0.0,13.22
3706,751,213,True,True,False,True,True,False,1,1,17562.0,11.17
3707,235,140,False,True,True,True,False,False,1,3,57949.8,1.0
3708,1135,123,False,True,False,False,False,False,0,0,0.0,24.96
3709,739,99,False,True,True,False,True,False,1,3,55324.8,1.24
3710,1275,42,True,False,True,True,False,False,1,1,32328.2,11.74
3711,540,8,False,True,False,True,True,True,1,4,84041.2,7.2
3712,1499,102,True,True,True,False,False,True,1,4,42283.6,8.35
3713,1211,239,False,False,True,True,False,True,1,4,25920.0,15.19
3714,336,71,False,False,True,False,False,True,1,2,78459.6,22.79
3715,1089,54,True,False,True,False,False,False,1,2,78818.2,10.94
3716,431,99,True,False,False,False,True,True,1,1,18441.6,3.06
3717,525,180,True,False,False,False,False,False,1,2,27462.4,1.0
3718,376,65,False,False,True,True,False,True,0,0,0.0,18.73
3719,1024,67,False,False,True,False,True,False,1,1,20256.0,13.63
3720,395,34,True,True,True,False,True,False,1,2,45677.8,11.61
3721,959,100,True,True,True,False,True,True,1,2,10337.6,8.79
3722,874,66,True,False,True,False,False,False,0,0,0.0,17.94
3723,1127,250,True,False,False,False,False,False,1,3,117095.1,11.18
3724,1491,272,False,True,False,False,True,False,1,3,89498.25,8.74
3725,14,112,True,True,True,False,True,False,1,1,27630.4,12.0
3726,1486,26,True,False,True,False,False,False,1,1,29190.6,15.31
3727,165,27,False,False,False,True,True,True,1,1,27514.85,25.97
3728,791,98,True,True,True,False,False,False,1,1,17866.05,9.02
3729,512,140,False,False,True,True,True,True,1,3,57934.8,30.32
3730,959,159,False,False,True,False,True,True,1,2,53204.0,26.97
3731,1083,92,True,False,False,True,True,True,1,2,59161.7,9.54
3732,1290,107,False,False,False,True,True,True,1,3,2654.4,22.25
3733,603,86,False,True,True,False,True,False,0,0,0.0,19.87
3734,1400,156,False,True,False,False,True,False,1,3,15000.75,2.2
3735,484,210,True,True,False,False,False,True,0,0,0.0,24.03
3736,306,14,False,False,False,False,False,True,1,1,17815.6,25.41
3737,569,144,False,False,False,False,True,True,1,1,34147.9,21.09
3738,793,195,False,False,False,False,True,False,0,0,0.0,22.71
3739,1003,202,True,False,True,False,False,False,1,1,8886.8,11.56
3740,1250,170,False,False,True,False,False,True,0,0,0.0,20.88
3741,338,158,False,True,False,False,True,False,1,3,6472.8,5.16
3742,455,205,False,False,False,True,False,False,0,0,0.0,22.41
3743,1409,114,True,False,True,False,True,False,1,1,44495.1,3.47
3744,660,171,False,False,False,False,True,False,1,4,116877.0,18.98
3745,363,96,True,False,True,True,True,True,1,1,692.0,14.84
3746,1479,132,False,True,True,False,True,False,1,1,30580.8,5.5
3747,674,38,False,True,False,True,False,True,1,1,22358.75,9.17
3748,1478,106,False,True,False,True,False,False,0,0,0.0,31.61
3749,1379,43,False,False,True,False,False,False,1,4,77304.8,23.57
3750,1360,68,True,True,False,True,False,False,0,0,0.0,24.93
3751,873,126,True,False,True,True,True,True,1,2,57997.8,13.37
3752,1198,151,False,True,False,False,False,False,0,0,0.0,19.28
3753,1441,283,False,True,True,False,True,False,1,3,77818.35,6.22
3754,404,8,False,True,False,False,True,False,1,4,84041.2,3.15
3755,57,270,True,True,True,False,False,False,1,1,2960.45,1.65
3756,482,99,True,False,True,False,False,True,0,0,0.0,18.03
3757,956,218,False,False,False,False,True,False,0,0,0.0,8.75
3758,821,204,True,False,False,False,False,False,0,0,0.0,19.06
3759,121,292,True,False,True,False,False,False,0,0,0.0,29.65
3760,842,33,True,False,False,False,True,False,0,0,0.0,21.73
3761,262,291,False,False,False,False,True,False,0,0,0.0,24.11
3762,759,19,True,False,False,True,False,False,1,2,54921.9,4.71
3763,864,264,True,False,True,False,True,False,1,4,28144.8,2.02
3764,956,196,True,True,True,False,True,False,1,1,25537.2,5.18
3765,619,145,True,True,False,True,False,False,1,2,67264.4,8.92
3766,613,120,False,True,False,False,True,False,1,1,21084.3,5.11
3767,1018,29,False,False,False,True,False,True,1,1,2135.1,15.17
3768,1124,241,False,False,False,True,True,True,1,2,67455.7,17.71
3769,1212,219,False,False,True,True,True,False,1,3,58986.9,14.89
3770,501,282,False,False,True,False,False,True,1,4,92026.4,18.76
3771,637,220,False,False,True,False,False,False,1,2,53694.4,16.48
3772,497,288,False,True,True,True,False,False,0,0,0.0,26.25
3773,792,267,False,False,True,True,False,False,1,4,150004.0,21.11
3774,191,128,True,False,False,True,True,False,0,0,0.0,26.17
3775,646,212,False,False,False,False,True,True,1,2,55969.2,19.58
3776,284,80,False,False,True,False,False,False,0,0,0.0,9.3
3777,799,239,False,True,False,True,False,True,1,1,6480.0,15.54
3778,1276,183,False,True,True,True,True,True,1,2,91790.9,1.0
3779,1479,133,False,True,False,True,False,False,1,1,12800.3,11.88
3780,670,189,False,False,True,False,True,True,1,3,112228.8,14.97
3781,85,84,True,False,True,True,False,False,0,0,0.0,4.73
3782,342,187,True,False,True,True,False,True,1,1,17574.5,8.27
3783,158,143,False,False,True,True,True,False,0,0,0.0,10.56
3784,1140,97,True,True,False,True,False,False,1,1,29994.2,4.35
3785,1478,293,False,True,True,True,True,True,1,4,138862.8,9.42
3786,831,20,False,False,False,False,False,False,0,0,0.0,15.16
3787,266,228,False,False,False,True,False,False,0,0,0.0,14.82
3788,32,64,False,False,False,True,False,True,1,1,2869.0,19.88
3789,1465,67,True,False,False,True,False,False,0,0,0.0,17.79
3790,475,47,False,False,False,True,False,False,1,1,13238.0,20.49
3791,169,31,False,True,False,True,True,True,1,4,126879.0,4.81
3792,266,38,True,False,True,True,True,False,1,3,67061.25,4.07
3793,383,250,True,False,True,True,False,False,0,0,0.0,21.2
3794,984,278,True,False,True,False,True,True,0,0,0.0,10.75
3795,1338,176,False,False,False,False,True,False,0,0,0.0,19.01
3796,413,5,True,True,False,False,True,True,1,1,5770.65,5.78
3797,1031,260,False,False,False,False,True,True,1,2,56372.0,12.8
3798,98,181,True,False,True,False,True,False,1,1,22563.0,9.63
3799,16,157,True,False,False,False,False,False,1,3,100368.0,8.76
3800,83,285,True,True,False,False,False,True,0,0,0.0,26.96
3801,1385,123,True,True,False,False,False,False,0,0,0.0,27.2
3802,873,109,False,True,True,False,True,False,1,3,78167.25,2.73
3803,1208,234,False,True,False,False,True,True,0,0,0.0,20.33
3804,33,159,True,True,False,True,True,False,0,0,0.0,19.75
3805,34,216,True,True,False,False,True,False,1,1,29912.25,7.08
3806,1274,209,False,True,True,False,False,True,1,2,47503.0,5.94
3807,154,252,True,True,False,False,True,False,1,3,46530.0,16.61
3808,234,96,False,False,False,False,True,True,1,1,692.0,22.72
3809,779,22,False,True,False,False,False,False,1,4,50785.4,8.33
3810,910,144,True,True,True,False,True,True,1,4,136591.6,11.06
3811,344,195,False,False,True,True,True,False,1,1,17831.25,17.51
3812,668,246,False,False,True,False,True,False,1,2,9457.1,21.04
3813,1013,81,False,True,True,False,True,True,1,2,59624.0,4.05
3814,665,224,False,True,False,False,True,False,1,4,20556.8,9.93
3815,574,250,False,False,True,True,True,True,1,2,78053.4,18.16
3816,108,243,False,False,True,False,False,False,0,0,0.0,15.96
3817,678,243,False,True,False,False,False,False,1,3,109041.0,2.2
3818,1205,297,True,True,False,True,False,False,1,1,9908.2,13.56
3819,941,199,True,False,False,False,False,True,1,1,18593.0,11.58
3820,1340,112,True,True,False,False,False,False,0,0,0.0,16.28
3821,190,131,True,True,False,True,False,False,1,1,6167.1,14.8
3822,17,225,False,False,False,False,False,True,1,2,27828.4,15.42
3823,823,71,True,True,False,False,False,True,1,4,156919.2,4.16
3824,268,181,False,False,True,True,True,False,1,3,67689.0,14.82
3825,891,172,True,False,False,True,False,False,1,2,61677.2,11.3
3826,1356,200,False,True,True,False,True,False,1,2,36680.0,11.62
3827,506,127,False,True,True,True,False,False,0,0,0.0,19.82
3828,825,222,False,False,True,True,True,False,1,1,33672.75,21.31
3829,1023,22,False,True,False,True,True,True,0,0,0.0,28.47
3830,226,225,True,False,True,False,False,False,1,2,27828.4,12.81
3831,1347,244,False,True,True,False,False,False,1,1,18523.25,1.0
3832,305,266,False,False,False,False,False,False,0,0,0.0,12.8
3833,1213,277,False,False,True,True,False,True,1,4,80052.0,18.26
3834,990,105,False,False,True,True,False,True,1,2,14035.6,22.7
3835,212,14,True,False,True,True,True,True,1,2,35621.2,10.36
3836,1088,197,False,True,False,False,False,False,0,0,0.0,29.05
3837,295,28,True,True,True,False,True,True,0,0,0.0,22.62
3838,900,85,True,True,False,False,False,True,1,3,45567.0,4.93
3839,1440,211,False,False,False,False,True,False,0,0,0.0,14.41
3840,1430,179,False,True,False,False,True,False,1,4,55323.0,12.97
3841,1307,182,False,True,False,False,False,True,1,2,15436.1,1.0
3842,742,226,False,False,True,False,True,True,1,2,13602.0,19.05
3843,840,50,False,False,True,False,False,False,1,3,32566.2,18.94
3844,451,238,False,True,False,True,False,True,1,2,46630.0,1.95
3845,1382,176,False,False,False,True,False,True,1,3,8213.4,15.81
3846,716,127,False,True,True,False,True,False,1,1,31682.05,11.24
3847,1158,140,False,True,True,True,False,False,1,2,38633.2,4.93
3848,540,153,False,True,False,True,True,False,1,4,32001.6,16.2
3849,1111,166,False,False,False,False,True,True,1,1,4148.9,20.0
3850,337,101,False,True,True,True,False,False,0,0,0.0,21.75
3851,1101,67,False,False,False,False,True,False,0,0,0.0,10.21
3852,69,51,True,True,False,False,False,False,1,1,22776.0,9.5
3853,158,103,True,False,False,False,True,False,1,2,16120.8,6.09
3854,529,79,False,False,True,True,False,False,1,2,40296.4,18.14
3855,724,155,False,False,True,False,False,True,1,1,31137.8,25.07
3856,1068,274,False,True,False,False,False,True,0,0,0.0,21.97
3857,539,33,True,True,False,True,True,False,1,1,12557.6,6.54
3858,28,93,False,False,False,True,False,False,0,0,0.0,12.93
3859,489,15,False,True,False,True,False,True,0,0,0.0,20.82
3860,659,293,True,False,False,False,True,False,0,0,0.0,20.81
3861,816,211,False,True,False,False,True,False,1,1,19169.6,8.15
3862,967,73,False,False,True,False,False,False,0,0,0.0,7.04
3863,372,125,True,False,True,True,True,False,1,1,31042.4,10.41
3864,916,217,True,True,True,False,False,True,1,3,94449.9,8.83
3865,948,288,False,False,True,True,True,False,1,2,67566.4,30.94
3866,1165,173,True,True,True,True,False,True,1,1,44264.0,10.19
3867,784,82,True,True,True,True,True,False,1,1,16268.15,10.24
3868,1216,210,True,False,True,True,False,True,1,1,40816.05,12.27
3869,333,206,False,False,True,True,True,True,1,4,104851.6,22.94
3870,1068,194,False,True,False,False,False,False,0,0,0.0,14.27
3871,69,14,False,False,False,False,True,False,1,2,35621.2,22.83
3872,155,213,False,False,True,True,True,False,1,1,17562.0,21.2
3873,1298,6,True,True,True,False,True,True,1,3,6876.0,1.0
3874,713,272,False,True,False,False,True,False,0,0,0.0,18.89
3875,932,265,False,False,True,False,False,True,1,1,24747.2,20.6
3876,906,170,False,False,False,True,False,False,1,3,100227.75,15.6
3877,1043,194,False,True,True,True,True,False,1,1,16945.15,8.33
3878,369,21,False,False,True,False,False,False,0,0,0.0,11.08
3879,268,263,True,False,False,False,False,True,0,0,0.0,18.46
3880,64,82,True,False,True,False,True,True,1,2,32536.3,6.2
3881,1298,79,True,False,False,True,False,True,0,0,0.0,7.23
3882,336,213,False,False,False,True,False,True,1,4,70268.0,16.36
3883,863,282,False,True,True,False,False,True,1,2,46013.2,9.1
3884,683,149,True,True,False,True,False,True,1,2,24342.0,1.0
3885,244,153,True,True,False,False,False,True,1,1,8005.4,1.0
3886,621,165,True,True,True,False,True,False,1,1,42069.6,8.43
3887,125,88,False,True,False,False,False,False,1,3,60187.2,9.16
3888,266,179,True,True,True,False,True,False,1,2,27661.5,6.29
3889,210,289,True,False,False,False,False,False,0,0,0.0,18.89
3890,1237,115,True,True,False,True,False,True,1,3,62772.0,1.43
3891,852,232,False,True,False,True,False,False,0,0,0.0,19.52
3892,1389,233,True,False,False,False,False,False,1,2,57219.4,1.0
3893,654,256,False,False,True,False,False,False,0,0,0.0,6.17
3894,303,218,False,True,False,True,False,False,0,0,0.0,22.32
3895,913,277,False,False,False,False,True,True,0,0,0.0,16.7
3896,1395,215,True,False,False,True,False,False,1,1,13175.4,9.75
3897,799,293,True,False,True,False,True,True,1,1,34715.7,6.44
3898,27,215,False,False,True,True,False,False,0,0,0.0,12.88
3899,456,252,True,True,True,False,True,True,1,4,62040.0,4.45
3900,1388,268,False,True,True,True,True,False,1,2,41092.8,10.48
3901,778,296,False,False,True,False,False,True,1,2,37296.0,17.54
3902,1428,179,False,True,True,False,False,False,0,0,0.0,15.07
3903,764,214,True,True,True,False,False,False,1,1,33887.1,8.0
3904,19,291,True,False,True,False,True,False,1,3,82379.25,12.15
3905,1310,115,False,False,True,False,False,False,0,0,0.0,17.86
3906,1145,36,True,False,False,False,False,True,0,0,0.0,25.29
3907,1073,266,True,False,False,True,True,False,1,2,20710.0,12.68
3908,1456,190,False,True,True,False,False,False,0,0,0.0,25.25
3909,295,129,False,False,False,True,True,True,0,0,0.0,16.29
3910,1359,216,False,False,False,False,True,False,1,1,29912.25,22.84
3911,349,10,False,False,False,False,False,False,0,0,0.0,12.69
3912,1457,144,True,False,True,False,True,False,1,4,136591.6,7.81
3913,288,80,True,False,False,True,True,False,1,1,5608.3,7.12
3914,826,87,True,False,False,False,True,True,1,4,120638.6,1.38
3915,1185,291,True,False,False,False,True,True,0,0,0.0,28.07
3916,118,166,False,False,True,False,False,False,0,0,0.0,17.01
3917,101,43,True,False,True,False,True,True,1,1,19321.2,10.11
3918,1275,110,False,False,False,False,False,True,1,1,33709.1,16.99
3919,91,73,True,True,True,True,False,True,1,1,1825.0,8.47
3920,921,273,False,True,False,False,True,True,1,1,21298.5,6.94
3921,1408,88,False,False,True,False,False,True,1,2,40124.8,9.93
3922,923,108,True,True,True,False,True,False,1,1,23231.2,17.68
3923,722,101,False,False,True,False,False,False,0,0,0.0,16.1
3924,626,53,False,True,False,False,True,True,1,1,34217.1,11.61
3925,958,235,True,True,False,False,True,False,1,1,39350.75,9.54
3926,858,173,False,False,False,True,True,True,1,2,88518.0,24.02
3927,753,132,False,False,False,False,True,False,0,0,0.0,9.37
3928,231,119,True,False,True,True,False,False,0,0,0.0,18.36
3929,995,201,True,True,True,True,True,True,1,2,58032.9,12.79
3930,1110,29,False,False,True,True,False,False,0,0,0.0,10.85
3931,1064,280,False,False,False,True,True,False,1,1,33782.0,18.16
3932,113,170,False,False,False,True,False,True,0,0,0.0,24.72
3933,1055,69,False,False,True,False,False,False,0,0,0.0,11.78
3934,1095,162,False,True,False,False,True,True,1,1,29368.8,8.01
3935,276,256,False,True,True,False,False,True,0,0,0.0,33.96
3936,1274,52,False,True,True,False,True,False,1,1,20885.2,11.54
3937,786,158,False,False,True,False,True,True,1,2,4315.2,22.16
3938,709,180,True,False,True,False,True,True,1,1,13726.2,7.42
3939,1085,244,True,True,True,False,True,True,1,2,37036.5,12.9
3940,765,171,False,False,True,False,False,True,0,0,0.0,20.77
3941,818,221,False,True,False,False,False,True,0,0,0.0,17.7
3942,469,233,True,True,False,False,True,True,1,2,57209.4,6.34
3943,1392,268,True,False,False,True,True,True,1,2,41092.8,6.31
3944,1455,109,False,True,True,False,False,False,1,2,52121.5,8.84
3945,196,212,True,False,False,False,False,False,0,0,0.0,26.95
3946,1100,75,False,False,True,False,False,False,0,0,0.0,17.28
3947,36,254,True,False,True,False,True,False,1,1,7851.9,13.38
3948,554,286,True,True,False,False,True,True,1,4,153649.2,7.78
3949,1455,89,False,True,False,False,False,True,1,2,12161.8,7.14
3950,263,169,False,False,False,False,True,False,0,0,0.0,15.53
3951,566,247,False,True,False,False,False,True,1,1,28279.4,14.27
3952,330,9,True,False,True,True,True,True,1,1,26551.7,8.88
3953,1093,212,True,False,False,False,False,True,1,3,83968.8,6.46
3954,696,247,True,True,False,True,False,False,1,1,28279.4,8.48
3955,890,262,True,False,True,False,True,False,1,1,24035.4,3.97
3956,1414,60,True,False,False,True,False,False,1,2,49859.8,1.82
3957,782,228,False,False,False,False,True,True,1,4,37683.2,22.27
3958,1102,236,True,False,True,True,True,False,1,2,62028.4,6.08
3959,147,1,False,False,True,True,True,True,0,0,0.0,13.97
3960,323,212,True,False,True,True,False,False,1,1,27989.6,3.7
3961,1421,188,True,True,True,False,True,False,0,0,0.0,26.84
3962,1290,291,False,True,False,False,False,False,0,0,0.0,21.49
3963,986,13,False,False,False,True,True,False,1,4,67408.2,23.54
3964,568,290,False,False,True,False,False,True,1,2,79114.0,18.3
3965,300,172,True,True,True,False,True,False,1,1,30833.6,5.13
3966,1278,83,True,True,True,False,True,True,1,1,976.8,5.35
3967,1178,117,True,True,True,False,False,True,1,2,12433.6,12.58
3968,363,230,True,True,False,True,False,False,1,1,9681.8,5.83
3969,885,299,True,False,True,False,True,False,1,2,2416.4,7.69
3970,928,96,False,True,True,False,False,False,0,0,0.0,23.12
3971,717,296,True,False,True,False,False,False,0,0,0.0,24.63
3972,1391,189,False,False,False,False,True,False,0,0,0.0,18.43
3973,187,58,True,True,False,True,True,True,1,1,29316.5,4.17
3974,387,180,False,False,False,False,False,False,0,0,0.0,16.35
3975,143,241,False,True,True,True,True,True,1,3,101183.55,7.16
3976,1040,17,True,True,False,False,False,False,0,0,0.0,22.13
3977,967,24,False,True,True,False,False,False,1,1,7662.2,1.3
3978,1481,2,False,False,False,False,True,True,1,1,13640.4,18.31
3979,814,172,False,True,True,True,False,False,0,0,0.0,22.92
3980,226,18,False,False,False,False,True,True,1,2,70231.5,13.12
3981,677,280,False,False,True,True,True,False,1,1,33782.0,30.83
3982,133,39,True,False,True,False,False,True,1,1,30743.4,13.16
3983,1007,22,True,True,True,False,False,False,0,0,0.0,26.36
3984,1012,78,False,True,True,True,True,False,1,1,5625.6,7.86
3985,1287,229,True,False,False,True,True,False,0,0,0.0,18.7
3986,510,273,True,False,True,False,True,False,1,1,21298.5,5.24
3987,466,76,True,False,True,False,False,True,1,2,56734.0,12.13
3988,107,156,True,False,False,False,True,True,1,2,10000.5,3.43
3989,623,233,True,True,False,False,True,False,1,1,28604.7,7.46
3990,713,240,True,True,False,True,False,True,1,1,13346.3,9.53
3991,1132,46,False,True,False,False,True,True,1,1,27304.0,7.1
3992,1131,252,True,False,True,True,False,True,1,4,62060.0,6.97
3993,211,261,False,False,True,False,False,True,0,0,0.0,9.25
3994,428,221,True,False,False,False,False,True,0,0,0.0,27.3
3995,768,159,False,False,True,False,False,False,0,0,0.0,6.83
3996,503,118,True,True,True,False,False,True,1,3,2095.8,9.23
3997,39,267,True,False,False,False,False,True,1,1,37501.0,10.27
3998,1269,260,False,True,True,True,True,True,1,2,56372.0,15.09
3999,1097,156,True,False,False,False,True,False,1,1,5000.25,10.99
4000,781,223,True,False,True,False,True,False,1,3,20277.0,5.21
4001,477,120,True,False,True,True,False,False,1,3,63267.9,12.35
4002,1265,223,True,False,False,False,True,True,1,1,6759.0,5.3
4003,53,27,True,True,False,True,False,False,0,0,0.0,24.63
4004,670,271,True,False,False,True,False,True,1,2,46003.0,7.75
4005,1202,155,False,False,True,True,False,True,1,2,62275.6,19.47
4006,1430,180,False,False,True,False,False,False,0,0,0.0,18.06
4007,378,57,True,False,True,False,False,True,1,2,44876.6,8.76
4008,977,159,True,True,True,False,True,True,0,0,0.0,21.25
4009,285,1,True,False,False,False,False,False,0,0,0.0,16.83
4010,174,268,False,True,False,False,True,True,1,2,41092.8,16.03
4011,530,225,False,True,False,False,True,True,1,3,41727.6,9.65
4012,1328,137,False,False,False,True,True,False,0,0,0.0,9.81
4013,1035,251,True,False,False,False,False,False,1,1,8308.2,6.33
4014,734,244,True,False,True,True,True,False,1,3,55554.75,6.02
4015,425,36,True,False,False,True,True,True,1,2,11604.2,10.78
4016,213,17,True,True,True,False,False,False,1,2,22324.0,10.31
4017,407,77,True,False,True,False,False,False,1,2,22162.0,13.47
4018,230,1,True,True,False,True,True,False,0,0,0.0,47.04
4019,281,172,False,False,False,False,True,True,1,2,61667.2,23.89
4020,1032,159,True,False,True,True,False,True,1,1,26607.0,18.08
4021,200,162,True,True,False,False,False,True,1,2,58747.6,8.38
4022,72,23,False,True,True,False,True,True,1,2,56356.2,12.62
4023,814,276,False,False,False,True,True,False,0,0,0.0,20.23
4024,430,293,False,False,False,True,False,False,1,3,104162.1,12.78
4025,683,178,True,True,True,True,False,False,1,1,42140.0,7.92
4026,210,2,False,True,False,True,True,True,0,0,0.0,24.81
4027,315,119,False,False,True,True,True,False,1,1,12881.05,18.32
4028,662,216,False,True,True,False,False,True,1,4,119669.0,4.51
4029,1036,225,True,False,False,False,True,True,1,1,13909.2,7.12
4030,622,74,False,True,True,True,True,True,0,0,0.0,21.03
4031,813,247,True,False,False,False,False,False,0,0,0.0,22.14
4032,783,291,False,False,True,False,True,True,1,3,82379.25,19.23
4033,404,153,False,False,True,False,True,True,1,2,16000.8,19.5
4034,420,115,True,False,False,True,False,True,1,2,41848.0,6.28
4035,639,158,True,True,False,False,True,False,1,1,2157.6,1.04
4036,49,9,False,True,False,False,False,False,1,1,26556.7,8.26
4037,1029,158,False,False,False,False,False,True,0,0,0.0,16.71
4038,922,9,False,False,False,False,False,True,0,0,0.0,2.38
4039,460,11,False,False,True,True,False,False,0,0,0.0,12.95
4040,561,167,True,False,True,True,True,True,1,1,2503.8,2.45
4041,494,154,False,False,False,False,False,True,1,4,118924.8,25.75
4042,978,297,False,True,False,True,False,True,1,1,9908.2,10.79
4043,1140,153,False,True,False,True,True,False,1,4,32001.6,3.34
4044,164,294,False,False,True,True,False,False,1,1,15020.0,23.96
4045,620,243,False,True,True,True,False,False,1,4,145388.0,7.73
4046,21,102,True,False,True,False,False,True,1,1,10570.9,7.5
4047,679,278,False,True,True,True,True,False,1,4,95648.0,5.08
4048,373,145,False,False,True,False,True,False,0,0,0.0,14.4
4049,504,179,False,True,False,False,False,False,0,0,0.0,23.81
4050,685,31,True,False,True,False,False,True,1,3,95174.25,12.65
4051,486,64,True,True,False,False,False,True,1,2,5738.0,5.23
4052,592,157,False,False,False,False,True,False,1,1,33451.0,30.34
4053,1148,82,True,True,False,False,True,False,1,1,16268.15,6.81
4054,1216,180,False,False,True,False,False,True,1,1,13731.2,18.82
4055,9,24,False,False,True,True,False,True,1,4,30648.8,22.64
4056,567,76,True,False,True,True,True,False,1,2,56724.0,6.93
4057,1271,200,False,False,True,True,True,False,1,3,55020.0,19.7
4058,796,184,False,False,True,False,False,False,0,0,0.0,13.05
4059,308,296,False,True,False,True,True,True,1,4,74572.0,6.47
4060,891,270,True,False,True,False,False,False,1,2,5920.9,14.72
4061,218,244,False,True,True,True,False,False,1,2,37046.5,1.83
4062,33,1,True,False,False,False,False,False,0,0,0.0,19.46
4063,949,181,False,False,True,True,True,False,1,3,67689.0,25.04
4064,773,69,False,False,True,True,False,False,1,3,52326.75,16.03
4065,1135,81,False,True,True,False,False,True,0,0,0.0,14.42
4066,518,63,True,False,False,False,False,False,1,4,124929.2,8.73
4067,1282,137,False,True,True,True,False,False,1,2,41221.0,8.99
4068,632,38,False,False,True,True,False,False,1,2,44717.5,22.6
4069,1108,160,False,False,True,True,True,False,1,1,18468.0,19.53
4070,151,50,True,False,True,False,False,True,1,2,21710.8,13.3
4071,146,151,True,True,True,True,True,False,1,4,49334.0,8.59
4072,1175,188,False,True,True,False,True,False,1,2,41696.0,7.65
4073,1251,54,True,False,False,False,False,False,1,1,39409.1,1.46
4074,1414,31,True,False,False,False,True,True,1,1,31719.75,12.49
4075,487,242,True,False,False,False,True,True,1,1,32501.0,3.0
4076,34,222,True,True,True,True,False,False,1,1,33677.75,7.09
4077,1470,79,False,False,False,True,False,False,1,3,60444.6,20.59
4078,903,267,False,False,False,True,True,False,1,2,74992.0,17.13
4079,371,67,False,True,False,False,True,True,1,1,20256.0,7.12
4080,1146,278,False,False,False,False,True,False,1,3,71736.0,23.19
4081,1356,34,True,False,True,False,True,True,1,3,68516.7,5.03
4082,428,199,False,False,False,True,True,False,1,1,18588.0,20.33
4083,1155,6,False,True,False,True,False,False,0,0,0.0,23.47
4084,1182,60,True,False,True,False,False,False,1,4,99719.6,1.0
4085,753,122,False,True,False,False,False,False,1,3,10983.75,1.29
4086,949,26,False,True,False,True,True,False,1,4,116742.4,11.86
4087,405,138,False,False,False,False,True,False,1,4,22742.4,23.81
4088,1394,70,False,True,True,False,False,False,1,1,30415.8,6.71
4089,1475,30,False,False,True,False,True,True,1,4,113954.4,16.2
4090,1472,289,False,False,True,True,False,True,0,0,0.0,17.54
4091,1106,295,False,False,False,True,False,True,0,0,0.0,18.0
4092,64,289,True,True,False,False,False,False,0,0,0.0,13.11
4093,550,47,False,False,True,True,False,True,1,3,39714.0,19.04
4094,668,115,True,False,True,True,True,False,1,4,83676.0,2.41
4095,1440,99,True,False,False,True,False,True,1,1,18446.6,2.5
4096,821,98,False,False,False,False,True,False,0,0,0.0,16.31
4097,805,125,True,False,True,False,True,False,1,2,62084.8,11.68
4098,221,154,False,False,False,False,True,False,0,0,0.0,18.71
4099,1191,146,True,True,True,False,True,False,1,1,17493.0,6.67
4100,505,88,False,False,True,True,True,False,0,0,0.0,15.76
4101,138,294,False,False,True,False,False,False,0,0,0.0,14.24
4102,1482,294,False,False,False,False,True,False,1,2,30030.0,17.03
4103,286,100,True,False,True,False,True,False,1,3,15506.4,9.96
4104,25,67,True,True,False,False,True,False,1,2,40512.0,12.76
4105,117,160,False,False,True,True,True,False,1,1,18468.0,17.83
4106,679,111,False,False,False,True,False,False,1,2,33190.6,20.72
4107,155,297,False,False,True,False,False,False,0,0,0.0,14.97
4108,1264,129,False,False,True,True,False,False,1,1,41131.4,21.95
4109,769,12,True,False,True,True,False,True,0,0,0.0,20.96
4110,486,38,True,False,True,True,True,False,1,2,44707.5,13.99
4111,5,23,True,True,False,False,True,True,1,4,112712.4,13.1
4112,720,115,True,False,True,False,True,False,1,2,41838.0,12.21
4113,227,95,False,False,True,True,True,True,1,1,2169.0,11.34
4114,1468,258,False,False,False,False,True,True,1,1,6255.9,20.96
4115,437,268,False,True,False,True,True,True,1,1,20546.4,11.56
4116,713,43,False,False,True,True,False,True,1,1,19326.2,22.66
4117,28,284,True,False,True,False,True,False,1,3,9014.55,8.08
4118,197,176,False,True,False,True,True,False,1,1,2732.8,9.94
4119,312,93,False,True,True,False,False,False,0,0,0.0,16.27
4120,78,122,True,False,False,False,True,True,1,1,3656.25,7.37
4121,1089,133,False,True,False,True,False,False,1,2,25600.6,14.14
4122,1419,52,True,False,False,False,True,True,1,4,83540.8,4.55
4123,1479,261,False,False,True,False,False,True,1,4,90743.2,21.22
4124,399,4,False,True,True,False,True,False,1,4,141360.0,7.14
4125,1184,21,True,False,True,True,True,False,1,1,14954.4,10.31
4126,757,83,True,False,True,False,False,False,0,0,0.0,20.04
4127,69,44,True,True,False,False,False,False,1,4,154845.8,6.3
4128,137,19,False,False,False,True,False,False,0,0,0.0,14.57
4129,822,116,False,False,True,True,True,False,1,3,44772.0,22.27
4130,636,114,False,True,False,False,True,True,1,2,88990.2,5.01
4131,13,38,False,False,True,False,True,False,1,1,22353.75,24.98
4132,1396,244,True,False,False,False,False,False,0,0,0.0,19.24
4133,1096,265,False,True,True,False,True,False,0,0,0.0,21.45
4134,754,216,False,True,True,True,False,False,0,0,0.0,27.19
4135,1481,157,True,False,False,False,True,False,0,0,0.0,24.57
4136,1457,285,True,True,True,False,False,False,1,2,49872.0,8.32
4137,1461,106,False,False,True,False,True,False,1,1,34710.2,20.48
4138,389,129,False,True,False,False,True,False,1,1,41126.4,8.65
4139,1322,5,True,False,True,True,False,False,1,4,23102.6,7.27
4140,757,213,False,False,False,False,True,False,0,0,0.0,20.75
4141,1090,28,False,True,True,False,False,True,1,4,125993.4,10.49
4142,1290,200,False,True,False,False,False,False,1,4,73380.0,6.86
4143,245,235,False,True,False,False,True,False,1,2,78701.5,13.35
4144,673,66,True,False,False,False,True,False,1,1,2943.9,9.66
4145,194,184,False,False,True,True,True,True,1,2,42614.0,16.21
4146,420,92,True,True,True,False,True,True,1,2,59161.7,8.28
4147,621,120,False,True,True,False,True,False,0,0,0.0,16.11
4148,1284,159,False,False,True,True,False,False,0,0,0.0,15.73
4149,1294,75,False,False,True,False,False,False,0,0,0.0,16.71
4150,585,239,False,False,True,False,True,True,1,1,6475.0,18.81
4151,494,119,True,True,False,False,False,False,1,1,12886.05,8.26
4152,797,139,False,False,False,False,True,False,0,0,0.0,22.68
4153,1368,245,False,False,True,True,False,False,1,1,33368.0,15.5
4154,1465,69,True,False,False,False,True,True,1,1,17437.25,6.96
4155,341,136,True,True,True,False,True,False,1,4,27122.4,4.33
4156,280,299,False,True,True,True,False,False,1,4,4852.8,4.85
4157,1061,120,False,False,True,False,True,False,0,0,0.0,19.04
4158,453,35,True,True,False,False,False,True,1,2,43345.6,10.05
4159,300,86,True,True,False,True,True,True,1,4,37706.4,7.73
4160,47,287,False,True,True,True,True,False,1,3,97170.75,4.31
4161,605,228,False,False,True,False,False,False,1,1,9425.8,16.47
4162,588,243,False,False,False,False,True,True,1,1,36342.0,24.3
4163,845,77,False,False,True,False,True,False,1,1,11076.0,14.9
4164,301,252,False,False,True,True,False,False,1,1,15515.0,20.96
4165,1072,119,False,False,True,False,False,True,0,0,0.0,7.2
4166,1021,239,True,False,False,False,False,False,0,0,0.0,18.78
4167,694,265,True,True,True,False,False,True,1,3,74241.6,9.45
4168,272,63,False,True,True,True,False,False,0,0,0.0,16.82
4169,761,282,False,False,True,True,True,False,0,0,0.0,9.01
4170,1013,190,False,False,False,False,True,True,1,2,33807.6,27.01
4171,560,220,False,False,False,True,True,False,0,0,0.0,19.73
4172,396,228,False,False,True,False,False,False,0,0,0.0,9.85
4173,760,51,False,True,True,False,True,True,1,3,68313.0,9.44
4174,533,224,True,False,True,True,False,False,1,3,15432.6,7.96
4175,601,64,True,True,False,False,False,False,1,1,2869.0,10.67
4176,524,82,False,False,False,True,False,True,0,0,0.0,15.47
4177,456,35,False,True,False,True,True,True,1,1,21667.8,8.57
4178,1076,55,True,False,True,False,True,True,1,2,17936.0,8.78
4179,691,294,False,True,False,True,False,True,0,0,0.0,20.54
4180,700,99,False,True,False,True,True,True,1,1,18441.6,9.1
4181,980,117,False,False,False,True,False,False,1,1,6216.8,20.0
4182,542,144,True,False,False,False,True,False,1,3,102443.7,8.88
4183,152,214,True,False,False,False,True,False,1,1,33882.1,4.55
4184,1279,173,False,False,True,True,True,True,1,1,44259.0,18.7
4185,84,161,False,True,False,False,True,False,1,2,57067.2,4.77
4186,858,252,False,False,True,False,False,True,1,4,62060.0,14.27
4187,399,149,False,False,True,False,True,False,1,2,24332.0,26.1
4188,321,231,False,True,False,False,False,True,0,0,0.0,25.99
4189,63,274,True,False,True,False,False,True,1,2,3277.2,12.15
4190,1351,203,True,False,True,False,False,True,1,1,2437.0,1.05
4191,644,11,True,True,True,False,True,False,0,0,0.0,24.96
4192,514,80,False,True,False,True,False,True,0,0,0.0,22.34
4193,1112,186,False,True,True,False,True,False,0,0,0.0,24.24
4194,59,144,True,False,False,False,False,False,0,0,0.0,22.17
4195,847,86,False,False,False,False,True,True,1,2,18853.2,19.19
4196,742,101,True,True,False,True,True,True,1,3,67824.0,3.14
4197,831,24,True,True,False,True,True,False,1,2,15314.4,7.73
4198,186,71,False,False,False,False,False,True,1,4,156919.2,21.34
4199,1429,235,False,True,True,False,True,False,1,1,39350.75,4.83
4200,358,4,True,False,True,False,False,False,0,0,0.0,34.82
4201,1018,252,True,False,True,False,False,False,1,4,62060.0,9.4
4202,1121,102,True,False,False,False,True,False,1,1,10565.9,3.32
4203,516,243,False,False,True,False,True,False,1,2,72684.0,16.39
4204,197,77,False,False,True,False,True,True,1,1,11076.0,23.77
4205,446,249,False,True,True,False,False,True,1,1,4943.75,7.57
4206,1211,172,False,False,True,True,False,True,1,4,123354.4,21.22
4207,1360,256,True,False,True,False,False,False,1,1,43192.95,12.46
4208,1406,19,True,False,False,False,True,True,0,0,0.0,35.93
4209,340,240,False,True,True,False,True,False,1,1,13341.3,2.09
4210,910,82,True,True,True,False,False,False,0,0,0.0,29.85
4211,227,108,False,True,True,False,False,False,1,2,46472.4,7.44
4212,1066,14,False,False,True,True,False,True,1,4,71262.4,17.77
4213,624,287,False,False,True,False,True,True,1,2,64780.5,21.94
4214,1071,193,True,False,True,True,False,True,1,1,15867.4,5.2
4215,1028,295,False,True,True,False,False,False,1,1,23313.0,2.95
4216,1490,171,True,False,False,True,True,True,1,2,58438.5,12.04
4217,733,48,False,False,True,True,True,False,0,0,0.0,19.44
4218,513,102,False,True,False,True,True,False,0,0,0.0,20.69
4219,791,132,True,False,False,True,True,False,1,1,30580.8,8.96
4220,245,45,False,False,False,False,False,True,0,0,0.0,21.71
4221,168,280,False,True,False,False,False,False,0,0,0.0,14.59
4222,779,288,True,False,True,False,True,False,1,1,33783.2,14.25
4223,1239,170,False,False,False,True,False,True,0,0,0.0,15.01
4224,800,176,True,True,True,False,True,False,1,4,10931.2,2.85
4225,1173,212,False,True,False,False,True,True,1,2,55969.2,10.15
4226,267,204,True,False,False,False,False,True,1,1,28483.7,13.22
4227,675,19,False,False,False,False,True,True,1,1,27455.95,19.89
4228,920,160,True,True,False,False,True,False,1,3,55404.0,10.75
4229,522,234,False,False,False,False,True,True,1,4,16912.8,15.87
4230,22,242,False,True,True,False,True,False,1,1,32501.0,4.63
4231,111,179,False,False,True,False,True,False,1,2,27661.5,18.58
4232,1392,269,False,True,True,False,True,False,1,1,2208.6,6.9
4233,908,176,False,False,False,False,True,True,0,0,0.0,14.73
4234,397,115,False,False,True,True,False,True,1,1,20924.0,18.8
4235,389,133,False,True,False,False,False,True,1,1,12800.3,6.88
4236,60,208,True,True,False,False,False,False,1,2,1840.6,1.8
4237,1418,266,True,False,True,False,True,True,1,4,41420.0,10.19
4238,163,69,True,False,True,True,True,False,1,1,17437.25,5.12
4239,1140,89,False,True,False,False,False,True,0,0,0.0,23.57
4240,361,196,True,False,True,False,False,False,1,2,51084.4,10.7
4241,504,230,False,False,True,True,True,True,1,4,38707.2,21.29
4242,411,120,False,False,False,False,False,False,0,0,0.0,17.48
4243,1237,193,False,False,False,True,False,False,0,0,0.0,23.48
4244,50,3,False,True,False,True,False,False,1,3,49892.85,5.13
4245,529,88,False,False,False,False,True,True,1,1,20057.4,25.58
4246,420,287,False,True,True,True,True,True,0,0,0.0,25.43
4247,410,173,False,False,True,False,False,True,1,2,88528.0,21.41
4248,290,261,True,False,True,False,False,False,1,3,68057.4,5.82
4249,1369,66,False,False,False,False,True,False,0,0,0.0,14.83
4250,568,88,True,False,False,False,False,False,1,2,40124.8,8.32
4251,628,293,False,False,False,True,False,False,1,2,69441.4,22.0
4252,578,300,True,True,True,False,True,True,1,1,14805.6,9.13
4253,1471,264,False,False,True,False,True,True,0,0,0.0,19.69
4254,509,96,True,False,True,False,False,True,1,1,697.0,7.94
4255,513,241,False,True,False,True,True,True,1,1,33727.85,9.14
4256,492,138,False,False,False,False,True,False,1,1,5685.6,17.76
4257,491,254,False,False,False,False,False,False,0,0,0.0,17.43
4258,135,256,True,True,False,False,True,True,1,1,43187.95,5.91
4259,907,131,True,False,False,False,False,False,0,0,0.0,10.04
4260,38,92,False,False,True,False,True,False,0,0,0.0,4.4
4261,339,293,True,False,True,False,False,True,1,4,138882.8,9.75
4262,304,136,False,True,True,True,True,True,1,1,6780.6,4.76
4263,438,130,False,True,True,True,False,False,1,2,19507.6,12.28
4264,1135,200,True,False,True,True,False,False,1,2,36690.0,11.36
4265,900,282,True,False,True,False,False,True,1,2,46013.2,10.05
4266,1487,40,True,False,True,True,False,True,1,1,7233.2,5.16
4267,527,296,False,False,True,False,True,False,0,0,0.0,14.02
4268,1393,127,False,False,False,False,False,True,0,0,0.0,14.57
4269,68,8,False,False,True,True,True,False,1,1,21010.3,12.65
4270,757,93,True,True,False,False,True,False,1,4,105075.2,14.85
4271,1199,139,True,False,False,True,True,True,1,2,52885.2,5.74
4272,798,204,False,True,False,False,False,False,0,0,0.0,28.52
4273,1400,170,True,True,True,True,True,False,1,1,33404.25,7.85
4274,472,41,True,False,False,True,True,True,1,3,124810.05,10.05
4275,50,147,True,True,False,False,True,True,1,1,36843.2,7.13
4276,1161,70,False,True,False,True,True,False,0,0,0.0,20.81
4277,103,81,True,False,False,True,True,False,1,2,59624.0,8.27
4278,1148,214,True,False,False,False,True,True,1,2,67764.2,3.72
4279,1101,241,True,False,True,False,False,False,1,3,101198.55,7.25
4280,1267,47,False,False,True,False,True,False,1,1,13233.0,18.92
4281,719,181,False,False,False,False,False,False,1,1,22568.0,15.17
4282,1344,127,True,False,True,False,False,False,0,0,0.0,29.04
4283,255,101,True,True,False,False,True,True,1,4,90432.0,10.95
4284,652,214,True,False,True,False,False,True,1,4,135548.4,4.58
4285,183,75,False,True,True,True,True,False,1,4,128620.8,8.56
4286,1151,230,False,False,True,False,False,False,1,4,38727.2,14.1
4287,1072,121,True,False,False,True,True,False,1,1,24874.8,11.15
4288,1210,29,False,True,False,False,False,False,1,1,2135.1,14.93
4289,1147,238,False,False,True,False,True,False,0,0,0.0,19.11
4290,463,256,False,True,False,False,False,False,0,0,0.0,21.77
4291,103,169,True,False,True,False,False,False,1,1,13230.0,11.91
4292,1394,218,False,True,False,False,False,False,0,0,0.0,22.08
4293,740,45,False,False,False,True,False,False,0,0,0.0,17.11
4294,142,102,False,True,True,False,False,True,1,1,10570.9,9.47
4295,1391,105,False,False,False,True,False,False,0,0,0.0,12.34
4296,1492,230,True,False,False,False,False,True,1,1,9681.8,1.8
4297,669,106,True,True,True,True,False,False,1,1,34715.2,17.37
4298,1156,219,True,False,True,False,True,False,1,4,78649.2,9.64
4299,55,93,False,True,False,False,False,True,0,0,0.0,26.19
4300,140,181,False,True,True,False,False,False,1,1,22568.0,12.41
4301,415,63,False,False,True,False,True,False,1,4,124909.2,22.35
4302,985,168,False,False,False,True,True,False,1,4,80153.4,18.59
4303,201,25,False,False,True,False,False,True,0,0,0.0,20.2
4304,52,221,True,True,True,False,False,True,1,1,10129.1,10.7
4305,1004,9,True,False,True,False,True,True,1,3,79655.1,10.41
4306,1156,300,False,True,False,False,False,False,1,2,29621.2,7.57
4307,1109,252,False,False,False,False,False,False,0,0,0.0,12.08
4308,1199,174,True,False,False,True,False,True,1,1,11834.6,14.5
4309,1205,273,True,False,False,True,True,True,1,1,21298.5,13.75
4310,904,243,True,False,False,False,False,True,1,3,109041.0,9.14
4311,780,43,True,False,True,False,False,False,0,0,0.0,27.47
4312,1286,224,False,False,True,True,True,False,1,2,10278.4,22.48
4313,523,114,False,False,True,False,False,False,0,0,0.0,14.13
4314,147,257,False,False,True,False,True,False,0,0,0.0,9.68
4315,1128,260,True,False,True,False,True,False,1,1,28186.0,5.18
4316,414,287,False,False,False,True,False,True,0,0,0.0,19.2
4317,1469,136,False,False,False,True,False,False,0,0,0.0,19.0
4318,622,58,True,False,True,False,True,False,1,4,117266.0,4.47
4319,1278,38,True,True,False,True,True,False,1,1,22353.75,1.0
4320,64,50,False,False,False,False,True,False,0,0,0.0,18.12
4321,989,298,False,False,True,False,True,False,0,0,0.0,9.45
4322,673,176,True,True,True,False,False,True,1,2,5475.6,10.45
4323,694,106,True,True,True,True,True,False,1,3,104130.6,8.55
4324,398,135,False,False,True,True,True,False,0,0,0.0,17.3
4325,1457,52,True,True,True,False,False,False,1,2,41780.4,1.0
4326,590,172,False,False,False,False,False,False,0,0,0.0,10.28
4327,1276,128,True,True,False,False,True,False,1,1,35405.1,7.5
4328,638,240,True,False,False,True,True,False,0,0,0.0,33.08
4329,73,7,True,True,True,False,True,True,1,4,2246.4,6.98
4330,1320,280,False,False,True,True,False,False,1,1,33787.0,12.88
4331,278,19,True,True,False,False,True,False,1,1,27455.95,9.12
4332,406,126,False,False,False,False,False,False,1,3,87011.7,28.05
4333,1292,103,False,False,True,False,False,False,1,1,8065.4,21.88
4334,1341,216,True,False,False,True,True,False,1,1,29912.25,2.24
4335,1376,198,True,False,True,False,False,False,1,4,121587.0,11.13
4336,639,60,True,True,False,False,False,True,1,2,49859.8,4.07
4337,1136,148,True,False,False,True,False,True,1,2,51896.8,11.95
4338,492,161,False,True,True,True,False,True,1,2,57077.2,6.17
4339,1111,140,False,True,False,False,True,False,0,0,0.0,10.71
4340,754,7,False,True,False,False,False,False,0,0,0.0,32.25
4341,78,54,False,False,False,False,True,True,1,1,39404.1,21.37
4342,627,152,True,False,False,False,False,False,0,0,0.0,20.63
4343,702,79,False,False,True,False,True,True,0,0,0.0,19.9
4344,387,164,True,False,True,False,True,False,1,2,49434.0,1.96
4345,562,50,False,True,True,True,True,False,1,1,10850.4,6.93
4346,755,221,False,True,True,False,True,True,1,1,10124.1,11.23
4347,75,57,False,True,True,True,False,False,1,2,44876.6,7.97
4348,228,195,False,False,True,False,False,True,1,1,17836.25,23.0
4349,1151,251,True,True,True,False,True,True,1,2,16606.4,11.38
4350,528,108,True,False,True,False,True,False,1,3,69693.6,3.59
4351,913,42,True,True,False,False,False,False,1,2,64656.4,6.91
4352,849,2,False,False,True,False,False,True,1,3,40936.2,23.42
4353,827,109,True,True,True,True,False,True,1,1,26060.75,4.65
4354,621,35,False,False,False,False,False,True,1,1,21672.8,19.17
4355,725,265,True,True,True,True,True,True,1,2,49484.4,12.36
4356,1236,292,False,False,True,False,False,False,1,4,121344.8,19.13
4357,1448,295,False,False,True,True,True,False,1,1,23308.0,17.4
4358,386,277,True,False,False,False,False,False,1,1,20013.0,4.22
4359,1005,177,False,False,True,False,False,True,1,4,127798.0,15.12
4360,1455,98,False,False,True,False,True,True,0,0,0.0,8.15
4361,12,134,False,False,True,True,True,False,0,0,0.0,15.42
4362,1178,78,True,False,True,False,True,False,1,3,16876.8,9.64
4363,746,253,True,False,False,True,True,True,1,1,12324.2,9.81
4364,1452,131,True,False,True,False,False,True,1,2,12334.2,3.66
4365,868,116,True,True,True,True,True,True,1,2,29848.0,7.22
4366,1258,207,True,False,False,False,True,True,1,1,20544.7,10.2
4367,250,113,False,False,True,False,False,True,0,0,0.0,6.45
4368,214,108,False,False,True,False,False,True,1,3,69708.6,22.72
4369,1390,69,True,False,False,False,True,False,1,4,69749.0,10.7
4370,790,21,True,False,False,False,False,True,1,4,59837.6,10.01
4371,838,12,False,True,True,False,True,True,0,0,0.0,10.76
4372,255,121,True,True,True,True,True,True,1,3,74624.4,8.03
4373,341,299,True,False,True,False,True,True,1,1,1208.2,9.57
4374,1228,79,False,False,False,False,True,False,0,0,0.0,9.81
4375,455,193,False,False,False,False,False,False,0,0,0.0,9.18
4376,877,98,True,False,False,True,False,False,1,1,17866.05,5.28
4377,475,91,False,True,False,True,False,False,0,0,0.0,25.78
4378,396,49,False,False,True,False,False,True,0,0,0.0,15.69
4379,250,170,False,False,True,True,False,False,1,1,33409.25,18.21
4380,1395,198,True,False,True,True,False,False,1,2,60793.5,8.95
4381,1411,106,False,False,True,False,False,True,1,3,104145.6,21.76
4382,173,158,True,False,False,False,False,False,0,0,0.0,27.19
4383,530,143,False,False,False,False,True,True,1,3,47094.75,17.04
4384,846,82,True,True,True,True,False,False,1,2,32546.3,10.48
4385,575,208,False,False,False,False,True,False,0,0,0.0,25.41
4386,1082,167,True,False,True,False,False,True,1,3,7526.4,7.09
4387,391,20,False,False,True,False,True,True,1,1,12977.0,17.06
4388,89,148,True,False,False,False,True,True,1,3,77830.2,6.1
4389,506,117,True,True,True,True,True,False,1,1,6211.8,9.54
4390,897,239,False,False,False,True,False,False,1,1,6480.0,22.22
4391,271,92,False,False,True,True,False,True,1,3,88757.55,22.78
4392,1224,287,True,True,True,True,False,False,1,2,64790.5,2.83
4393,19,185,True,True,False,False,True,False,1,1,1006.4,10.18
4394,102,40,False,False,False,False,True,False,0,0,0.0,3.34
4395,764,122,False,False,False,True,True,True,1,3,10968.75,20.05
4396,769,266,False,True,True,True,True,False,1,1,10355.0,11.49
4397,443,77,False,True,False,False,False,False,0,0,0.0,32.87
4398,388,212,False,False,True,False,False,False,0,0,0.0,12.41
4399,105,236,False,False,False,False,True,False,1,4,124056.8,26.03
4400,995,208,False,True,False,True,True,True,1,4,3661.2,7.45
4401,569,28,False,False,False,False,False,True,0,0,0.0,17.29
4402,179,113,False,False,True,False,True,False,0,0,0.0,10.73
4403,600,105,False,True,True,False,True,True,1,3,21038.4,9.79
4404,1406,104,True,True,False,False,True,False,1,1,2141.3,12.65
4405,392,264,True,True,False,False,True,False,1,1,7036.2,7.28
4406,1343,2,False,True,False,False,False,False,0,0,0.0,23.03
4407,389,162,True,False,True,False,True,False,1,3,88106.4,3.7
4408,279,295,True,False,True,True,True,True,1,1,23308.0,5.54
4409,391,263,True,False,False,False,False,False,1,3,70966.5,5.99
4410,485,182,False,True,True,False,True,True,1,4,30852.2,1.05
4411,181,300,False,False,True,False,True,True,0,0,0.0,5.53
4412,882,121,True,True,False,False,True,True,1,1,24874.8,3.05
4413,501,184,True,False,True,True,True,False,1,1,21307.0,10.43
4414,1078,164,False,True,False,False,True,True,1,2,49434.0,9.81
4415,737,15,True,True,True,False,False,True,1,4,19335.4,11.9
4416,664,13,False,True,False,False,True,True,1,1,16852.05,9.53
4417,707,270,False,False,False,False,False,False,0,0,0.0,16.77
4418,235,53,True,False,False,True,False,True,1,1,34222.1,21.69
4419,1070,107,False,False,True,False,False,True,1,4,3559.2,23.94
4420,157,188,False,True,False,True,False,True,0,0,0.0,20.63
4421,1083,173,True,True,False,False,False,False,0,0,0.0,25.44
4422,1500,155,False,True,False,False,True,True,0,0,0.0,23.53
4423,1146,294,False,False,True,False,True,False,1,1,15015.0,13.44
4424,684,237,False,False,True,False,False,False,0,0,0.0,17.58
4425,472,283,True,True,True,True,True,True,1,3,77818.35,12.2
4426,1309,198,True,False,False,False,False,True,1,1,30396.75,6.81
4427,386,294,False,False,False,True,True,False,0,0,0.0,20.38
4428,724,181,True,True,True,False,True,False,1,1,22563.0,5.34
4429,1157,163,False,False,False,False,False,True,1,1,47169.65,20.95
4430,1384,245,False,True,False,True,False,False,0,0,0.0,14.94
4431,1382,261,True,True,False,True,False,False,1,3,68057.4,1.38
4432,132,21,False,True,False,False,True,False,1,1,14954.4,11.37
4433,1348,274,True,False,False,True,False,False,1,3,4915.8,7.76
4434,172,208,False,False,True,False,False,True,1,2,1840.6,15.44
4435,877,270,False,True,True,False,True,False,1,2,5910.9,7.19
4436,1395,215,False,False,False,True,False,True,0,0,0.0,25.95
4437,983,279,True,True,False,False,False,False,0,0,0.0,22.96
4438,1422,83,False,False,False,True,False,True,0,0,0.0,11.74
4439,517,57,False,False,True,False,True,True,1,1,22433.3,17.75
4440,473,59,True,False,True,True,True,True,1,4,121012.8,5.34
4441,490,76,True,True,False,True,True,False,1,4,113448.0,9.72
4442,533,65,False,False,True,False,True,False,1,2,46712.4,22.84
4443,1025,133,False,True,False,False,True,False,0,0,0.0,27.45
4444,679,60,False,False,False,False,False,True,0,0,0.0,10.49
4445,1107,48,True,False,True,False,True,False,1,3,47068.2,5.65
4446,625,158,False,False,False,False,False,True,1,3,6487.8,27.25
4447,462,239,False,True,True,False,False,False,0,0,0.0,20.42
4448,286,41,True,True,True,False,False,True,1,1,41608.35,9.74
4449,827,154,False,False,True,False,True,False,1,2,59452.4,22.46
4450,1348,198,True,True,True,True,False,True,1,1,30396.75,6.73
4451,1289,212,True,True,False,False,False,False,0,0,0.0,19.11
4452,380,32,False,False,False,False,True,False,1,2,63475.2,13.34
4453,717,221,False,True,False,False,True,True,1,4,40496.4,5.25
4454,1058,9,False,True,False,True,False,False,0,0,0.0,15.26
4455,919,72,False,True,False,True,True,False,1,2,10478.5,5.7
4456,101,96,False,False,True,False,False,True,0,0,0.0,22.27
4457,887,256,True,True,False,False,False,False,0,0,0.0,20.4
4458,59,58,True,False,False,True,False,True,1,3,87964.5,18.7
4459,175,235,True,False,False,True,True,False,1,4,157403.0,8.37
4460,981,297,True,False,False,False,True,False,1,1,9903.2,6.03
4461,154,288,False,True,True,False,True,False,1,1,33783.2,9.72
4462,509,91,True,False,True,False,False,True,1,1,6838.4,9.66
4463,883,29,False,True,False,True,False,False,0,0,0.0,17.88
4464,984,67,True,True,True,False,True,True,1,1,20256.0,7.53
4465,669,231,False,True,True,False,False,False,1,1,40767.6,10.12
4466,142,60,False,False,False,False,False,False,1,4,99719.6,20.81
4467,1199,194,False,True,True,False,False,False,1,1,16950.15,5.08
4468,1425,113,True,True,False,False,False,True,1,4,104859.0,18.05
4469,1334,231,False,False,False,False,True,True,0,0,0.0,22.33
4470,1123,182,False,True,False,False,True,False,1,2,15426.1,7.67
4471,604,176,False,True,False,True,False,False,0,0,0.0,12.31
4472,1315,235,True,False,True,False,True,False,1,1,39350.75,8.01
4473,733,287,True,False,False,True,True,False,1,4,129561.0,8.36
4474,205,110,True,True,True,True,True,True,1,1,33704.1,9.78
4475,1276,159,True,True,False,False,False,True,0,0,0.0,16.81
4476,481,188,True,True,True,True,True,True,1,1,20848.0,13.89
4477,1409,247,True,True,False,False,False,False,1,2,56558.8,6.35
4478,553,145,True,False,False,False,True,False,1,1,33627.2,9.41
4479,1305,113,False,True,False,False,False,True,0,0,0.0,19.38
4480,806,254,True,True,False,True,False,False,1,1,7856.9,10.13
4481,702,286,True,False,False,True,False,True,1,3,115251.9,2.42
4482,446,171,True,False,True,True,False,True,1,1,29224.25,6.84
4483,1254,32,True,True,True,False,True,True,0,0,0.0,31.77
4484,91,87,True,False,False,False,True,False,1,1,30159.65,12.32
4485,704,139,False,False,False,True,True,False,1,1,26442.6,17.52
4486,554,212,False,False,True,True,False,False,0,0,0.0,9.57
4487,816,201,False,True,False,True,True,True,1,2,58032.9,1.0
4488,382,247,False,False,True,False,True,False,0,0,0.0,10.37
4489,997,9,False,False,False,False,False,True,0,0,0.0,18.73
4490,579,140,True,True,True,True,True,False,1,4,77246.4,5.58
4491,283,211,True,True,True,False,False,False,1,2,38349.2,2.28
4492,296,297,True,True,False,False,False,False,0,0,0.0,30.34
4493,1045,43,False,False,False,False,False,True,0,0,0.0,16.13
4494,393,264,False,False,True,False,False,True,0,0,0.0,14.53
4495,461,3,False,False,True,True,True,False,1,2,33251.9,19.54
4496,941,60,False,False,False,False,False,False,0,0,0.0,16.39
4497,495,255,True,True,False,False,False,True,1,2,58851.1,7.73
4498,583,237,True,False,True,False,True,True,1,1,39765.55,5.9
4499,367,292,True,False,False,True,False,True,1,4,121344.8,3.61
4500,519,181,False,False,True,False,True,True,1,1,22563.0,21.76
4501,1040,185,True,False,False,False,True,True,1,2,2012.8,9.14
4502,801,161,False,True,False,True,False,True,1,1,28538.6,9.81
4503,1497,154,False,True,True,False,False,True,1,4,118924.8,6.21
4504,1158,155,True,True,True,True,False,False,1,3,93413.4,4.95
4505,26,88,True,True,False,False,False,True,1,1,20062.4,4.36
4506,569,257,False,False,True,False,True,True,0,0,0.0,8.13
4507,435,107,False,True,True,False,False,False,0,0,0.0,25.3
4508,882,184,False,True,True,False,False,True,0,0,0.0,23.4
4509,399,201,False,False,False,True,False,True,0,0,0.0,16.32
4510,1450,162,True,False,True,False,False,True,1,2,58747.6,10.52
4511,450,184,True,True,True,True,True,False,1,2,42614.0,4.72
4512,783,15,True,False,True,True,False,False,0,0,0.0,18.1
4513,185,95,True,False,False,False,False,False,1,2,4348.0,6.16
4514,1365,135,False,False,True,False,True,False,1,1,36719.1,19.19
4515,1368,119,False,True,False,False,True,True,1,2,25762.1,13.93
4516,1191,273,True,True,True,False,False,True,1,2,42607.0,5.19
4517,528,270,True,True,True,True,True,False,1,2,5910.9,4.67
4518,89,214,True,False,False,False,False,False,1,3,101661.3,4.52
4519,1067,106,False,False,True,True,True,True,1,1,34710.2,18.68
4520,644,16,False,False,False,True,True,False,0,0,0.0,10.34
4521,1486,227,False,True,True,False,False,True,1,1,39300.8,8.21
4522,1048,266,True,False,True,True,True,True,1,2,20710.0,8.12
4523,808,147,False,True,False,False,True,True,1,1,36843.2,2.97
4524,1481,249,False,True,True,True,True,True,1,4,19755.0,10.01
4525,1201,280,True,False,False,False,True,True,1,1,33782.0,4.93
4526,688,165,False,False,True,True,False,True,0,0,0.0,18.71
4527,29,63,False,True,True,False,True,False,1,4,124909.2,9.86
4528,140,7,False,True,True,True,False,False,1,2,1133.2,16.17
4529,666,228,False,False,True,True,False,False,1,1,9425.8,19.3
4530,844,169,True,False,False,False,True,True,1,1,13225.0,8.77
4531,46,47,False,False,False,False,True,False,1,3,39699.0,18.26
4532,190,17,False,True,True,False,False,False,1,2,22324.0,18.37
4533,1057,291,False,True,False,True,False,True,0,0,0.0,18.98
4534,1128,97,False,True,True,True,False,False,1,1,29994.2,4.31
4535,45,99,False,True,False,False,True,True,1,1,18441.6,9.52
4536,762,189,True,True,False,True,True,False,1,1,37409.6,8.11
4537,122,110,False,False,True,False,True,False,1,2,67408.2,17.42
4538,1086,274,True,True,False,False,False,True,1,3,4915.8,4.79
4539,1252,205,False,True,False,True,True,False,0,0,0.0,21.01
4540,1305,108,False,True,True,False,False,True,1,2,46472.4,7.56
4541,898,80,False,False,False,False,True,False,0,0,0.0,16.47
4542,944,259,True,True,False,True,False,True,0,0,0.0,22.55
4543,1390,178,False,False,True,True,False,False,0,0,0.0,11.39
4544,919,276,True,False,False,False,False,True,1,4,3975.2,8.63
4545,670,104,True,True,True,True,True,False,1,1,2141.3,9.72
4546,1132,7,False,False,True,True,True,False,1,2,1123.2,18.13
4547,887,270,True,False,False,False,False,False,1,1,2960.45,6.12
4548,1264,72,True,False,False,False,False,True,1,1,5244.25,12.31
4549,788,254,False,True,True,True,True,True,1,1,7851.9,9.13
4550,1304,213,True,True,True,False,False,False,1,1,17567.0,8.01
4551,68,70,False,False,True,False,False,False,0,0,0.0,12.0
4552,55,228,False,False,False,False,False,True,0,0,0.0,7.62
4553,149,25,False,False,False,False,True,False,1,3,23299.35,26.57
4554,835,118,True,False,True,False,False,False,0,0,0.0,23.69
4555,1064,107,True,False,True,False,True,True,1,1,884.8,1.0
4556,325,198,True,True,True,False,False,False,0,0,0.0,30.51
4557,234,161,True,False,True,False,True,False,1,3,85600.8,2.77
4558,1291,184,True,False,False,False,False,False,1,2,42624.0,13.78
4559,1126,143,True,True,True,False,False,True,1,1,15703.25,12.75
4560,973,222,False,True,True,False,False,False,0,0,0.0,14.06
4561,733,49,False,True,True,True,True,False,1,2,42603.2,6.28
4562,631,216,True,False,True,True,True,False,1,2,59824.5,4.63
4563,31,16,False,False,True,True,False,False,0,0,0.0,18.37
4564,283,26,True,False,False,False,True,True,1,2,58371.2,12.04
4565,1346,218,False,False,False,True,False,True,1,2,5329.3,24.34
4566,509,48,False,False,True,False,False,False,1,2,31388.8,16.18
4567,1057,232,True,False,True,False,False,False,1,1,34034.75,8.09
4568,1056,40,False,False,False,False,True,False,0,0,0.0,13.89
4569,465,45,False,False,False,True,False,False,0,0,0.0,7.79
4570,307,280,False,True,False,False,False,True,1,3,101361.0,11.43
4571,1038,54,True,False,True,True,True,True,1,3,118212.3,5.07
4572,141,275,False,False,True,False,False,False,0,0,0.0,8.43
4573,743,105,True,True,False,True,False,False,1,4,28071.2,3.59
4574,1333,240,False,True,False,True,True,False,1,2,26682.6,11.93
4575,1067,282,True,False,False,True,True,False,1,2,46003.2,5.52
4576,1147,36,True,True,False,False,True,False,1,2,11604.2,10.5
4577,125,100,True,False,False,True,False,False,0,0,0.0,26.93
4578,300,173,False,True,False,True,False,False,0,0,0.0,17.04
4579,413,260,False,False,False,True,False,False,0,0,0.0,14.75
4580,439,57,False,False,False,True,False,True,0,0,0.0,13.47
4581,292,57,True,False,False,False,False,True,1,3,67314.9,7.21
4582,1459,111,False,False,False,False,False,True,0,0,0.0,17.34
4583,248,62,False,True,True,False,True,False,1,2,31115.0,7.0
4584,1063,81,False,True,True,False,False,False,1,1,29817.0,7.47
4585,881,39,True,True,True,False,False,False,1,3,92230.2,4.1
4586,916,249,False,False,True,False,True,False,1,1,4938.75,15.67
4587,322,240,True,True,False,False,True,False,1,4,53365.2,13.17
4588,462,44,False,False,True,True,False,False,0,0,0.0,11.68
4589,910,162,False,False,False,True,True,True,1,1,29368.8,18.11
4590,449,194,False,False,True,False,False,False,1,4,67800.6,23.26
4591,1042,189,False,False,False,False,True,False,0,0,0.0,12.4
4592,60,296,True,True,True,True,True,True,1,2,37286.0,12.02
4593,110,193,False,True,False,False,True,False,1,4,63449.6,4.91
4594,1093,207,True,True,True,False,True,False,1,2,41089.4,12.69
4595,926,10,False,False,False,False,False,True,0,0,0.0,14.69
4596,65,24,True,True,False,False,True,True,1,1,7657.2,11.55
4597,1349,186,False,False,False,False,False,False,0,0,0.0,19.52
4598,8,273,True,False,False,True,False,True,1,1,21303.5,9.64
4599,1434,120,False,False,True,True,True,False,1,2,42168.6,23.0
4600,1095,193,False,True,False,False,False,False,1,1,15867.4,8.69
4601,1483,64,True,True,False,False,True,True,1,1,2864.0,14.34
4602,1424,137,True,False,False,False,False,False,0,0,0.0,16.45
4603,470,226,False,False,False,False,True,False,1,1,6801.0,19.37
4604,1135,198,False,False,False,False,True,False,0,0,0.0,18.71
4605,317,35,False,True,True,True,False,False,1,1,21672.8,9.61
4606,708,264,False,False,True,False,True,True,1,1,7036.2,13.79
4607,361,279,False,True,True,False,False,False,1,2,30239.2,2.21
4608,730,144,False,True,True,False,False,False,1,1,34152.9,13.63
4609,1309,103,False,False,True,False,False,True,1,1,8065.4,18.15
4610,655,160,False,False,True,True,True,False,0,0,0.0,10.89
4611,139,241,True,False,True,True,False,False,0,0,0.0,25.71
4612,487,136,False,False,False,False,False,True,0,0,0.0,10.55
4613,1180,10,True,False,True,True,True,False,1,4,124693.2,7.99
4614,783,22,True,True,False,False,False,False,0,0,0.0,19.19
4615,841,244,False,False,True,True,False,False,0,0,0.0,15.81
4616,647,237,False,True,True,True,False,False,1,2,79541.1,3.47
4617,440,232,False,False,False,False,True,False,1,3,102089.25,24.32
4618,898,38,False,False,True,False,False,False,0,0,0.0,4.2
4619,950,52,False,False,False,False,True,False,1,1,20885.2,21.27
4620,1348,119,False,True,False,False,False,True,1,4,51544.2,13.98
4621,927,70,False,False,False,False,False,False,1,2,60831.6,19.27
4622,1493,117,True,False,False,True,True,False,1,2,12423.6,11.43
4623,1240,168,False,False,True,False,False,False,0,0,0.0,25.43
4624,119,85,True,False,True,False,False,True,1,1,15189.0,2.19
4625,589,38,True,False,True,True,True,True,1,4,89415.0,7.21
4626,578,121,True,True,True,True,True,False,1,1,24874.8,15.03
4627,5,217,False,False,True,False,False,False,1,4,125933.2,15.22
4628,272,186,True,False,False,False,False,True,1,3,87421.65,6.87
4629,1144,97,False,False,True,True,False,True,1,4,119976.8,26.06
4630,529,94,False,True,True,True,True,False,1,4,62733.0,7.59
4631,222,176,True,True,False,True,True,False,0,0,0.0,26.16
4632,432,52,True,False,True,False,True,True,1,2,41770.4,4.0
4633,413,251,False,False,True,False,True,False,1,1,8303.2,34.49
4634,262,261,True,False,True,False,True,False,0,0,0.0,19.04
4635,152,8,False,True,False,True,True,False,1,2,42020.6,2.9
4636,1147,292,False,False,False,False,False,False,0,0,0.0,18.72
4637,1237,8,False,True,False,False,True,False,0,0,0.0,21.5
4638,745,138,False,True,False,True,True,False,0,0,0.0,30.29
4639,924,201,False,False,False,False,True,False,0,0,0.0,14.3
4640,1379,99,True,False,True,True,True,False,0,0,0.0,6.26
4641,1264,62,False,False,True,False,True,False,1,1,15557.5,20.12
4642,49,15,False,False,False,False,True,False,1,4,19315.4,18.99
4643,1430,219,True,False,False,True,False,False,1,3,59001.9,5.95
4644,101,12,False,False,True,False,False,False,0,0,0.0,14.55
4645,40,146,False,False,True,False,True,False,1,1,17493.0,24.74
4646,605,118,False,False,True,True,False,True,0,0,0.0,13.54
4647,1119,291,False,True,True,False,True,False,1,3,82379.25,11.49
4648,121,280,False,False,False,True,True,True,1,4,135128.0,23.49
4649,440,246,False,False,True,True,True,False,1,2,9457.1,17.91
4650,395,220,True,False,True,True,True,False,1,3,80526.6,9.59
4651,597,163,False,True,False,False,False,False,1,2,94339.3,5.49
4652,1480,105,False,False,True,False,False,False,1,2,14035.6,16.02
4653,498,50,True,True,True,False,False,False,1,4,43421.6,9.38
4654,314,291,True,True,False,False,True,False,0,0,0.0,19.35
4655,184,116,True,False,True,True,True,True,1,4,59696.0,7.36
4656,298,129,True,True,False,False,False,True,1,1,41131.4,17.85
4657,200,43,True,False,False,False,True,True,1,2,38642.4,14.18
4658,861,84,True,True,True,False,False,True,1,2,47371.3,10.54
4659,631,191,False,False,False,False,False,True,0,0,0.0,15.17
4660,747,128,True,True,False,False,False,True,1,2,70820.2,10.23
4661,1249,176,True,True,False,False,True,True,1,1,2732.8,10.69
4662,871,64,False,False,True,True,True,False,0,0,0.0,21.62
4663,233,25,False,False,False,False,False,False,0,0,0.0,1.02
4664,566,266,True,False,False,False,True,True,1,4,41420.0,16.13
4665,469,130,True,False,False,False,True,False,1,3,29246.4,7.9
4666,1241,109,False,True,True,False,False,False,0,0,0.0,21.41
4667,461,86,True,False,True,False,True,False,1,2,18853.2,3.82
4668,208,198,True,True,False,False,False,False,0,0,0.0,21.28
4669,1105,169,True,True,False,True,True,True,1,2,26450.0,13.29
4670,643,117,True,False,True,True,True,True,1,1,6211.8,7.92
4671,144,280,True,True,False,False,False,False,1,2,67574.0,7.02
4672,1035,271,False,False,False,False,False,True,1,2,46003.0,19.81
4673,316,60,True,True,True,False,False,True,1,1,24929.9,7.04
4674,1303,193,True,True,True,True,True,False,1,3,47587.2,8.07
4675,1249,291,True,False,False,False,False,True,1,4,109859.0,7.4
4676,555,147,True,True,True,False,False,False,1,2,73696.4,2.98
4677,834,10,False,False,True,False,False,False,1,3,93534.9,20.04
4678,852,40,False,False,False,True,False,False,0,0,0.0,16.57
4679,981,201,False,False,False,False,True,False,0,0,0.0,19.85
4680,104,271,True,False,True,False,False,False,1,1,23001.5,3.13
4681,488,39,True,True,True,False,False,False,1,1,30743.4,8.15
4682,256,165,False,False,True,False,False,False,0,0,0.0,10.98
4683,1047,150,False,True,False,False,False,False,1,1,23288.0,14.62
4684,104,86,False,False,True,False,True,False,0,0,0.0,11.13
4685,776,190,True,True,False,False,False,False,1,1,16908.8,11.0
4686,1092,264,True,True,True,True,True,True,1,3,21108.6,10.31
4687,1423,72,True,True,False,False,True,False,0,0,0.0,23.9
4688,433,17,False,True,True,False,False,False,1,3,33486.0,7.21
4689,12,108,True,False,True,True,False,True,1,2,46472.4,7.79
4690,1086,95,True,True,False,False,False,False,1,1,2174.0,4.55
4691,3,219,True,True,False,True,True,True,1,2,39324.6,5.12
4692,100,162,True,True,True,True,True,False,0,0,0.0,17.98
4693,1486,6,True,False,True,True,True,False,1,3,6876.0,4.24
4694,1294,102,False,True,False,False,True,True,0,0,0.0,21.98
4695,1062,221,True,True,False,False,False,True,1,2,20258.2,11.05
4696,1254,144,False,False,True,False,True,False,1,1,34147.9,26.15
4697,114,169,True,True,False,False,True,False,1,3,39675.0,6.43
4698,134,80,True,False,False,False,True,False,1,1,5608.3,5.72
4699,452,96,True,False,False,False,False,False,0,0,0.0,23.14
4700,36,40,True,True,False,True,True,False,1,1,7228.2,8.49
4701,1333,25,True,False,False,True,True,True,1,4,31065.8,8.5
4702,85,12,False,False,True,False,False,False,0,0,0.0,10.95
4703,817,188,False,True,True,True,True,True,1,1,20848.0,4.4
4704,1281,48,True,False,False,False,False,True,1,1,15694.4,16.13
4705,1103,173,False,False,True,False,True,False,0,0,0.0,10.62
4706,353,286,False,False,False,False,True,True,0,0,0.0,25.76
4707,706,210,True,False,True,False,False,False,1,4,163264.2,13.95
4708,823,173,True,False,True,False,False,False,0,0,0.0,24.14
4709,1152,36,True,False,False,False,False,False,0,0,0.0,21.63
4710,640,147,True,False,True,False,True,True,1,1,36843.2,1.0
4711,428,268,False,False,False,True,False,True,0,0,0.0,18.5
4712,1194,116,False,True,True,False,False,True,1,2,29858.0,10.47
4713,1330,248,True,True,True,False,False,True,1,1,11479.4,11.41
4714,734,213,False,True,True,False,True,True,1,4,70248.0,11.54
4715,43,81,False,False,False,False,True,False,0,0,0.0,13.0
4716,751,43,True,False,False,True,False,False,1,1,19326.2,6.23
4717,1334,6,True,True,False,False,True,False,1,2,4584.0,13.61
4718,1484,83,False,False,False,False,True,True,1,4,3907.2,19.36
4719,602,100,False,False,True,False,True,False,1,3,15506.4,23.05
4720,226,197,True,False,False,False,False,False,1,1,2039.9,9.86
4721,859,172,True,False,True,True,True,False,1,1,30833.6,4.99
4722,1247,144,True,True,True,False,True,False,1,2,68295.8,4.24
4723,1418,217,False,False,False,True,True,True,0,0,0.0,13.27
4724,78,232,False,False,False,False,True,False,0,0,0.0,16.94
4725,436,215,True,True,True,False,False,False,1,1,13175.4,10.18
4726,717,270,False,False,False,False,True,False,0,0,0.0,5.22
4727,148,108,False,True,False,True,True,False,1,2,46462.4,4.41
4728,1330,248,False,False,True,False,False,True,0,0,0.0,8.16
4729,169,127,False,False,False,False,True,False,1,2,63364.1,25.09
4730,998,56,False,False,False,False,True,True,0,0,0.0,22.49
4731,1378,44,False,False,False,False,True,True,0,0,0.0,22.5
4732,1028,28,True,False,False,False,False,True,1,3,94495.05,8.18
4733,1145,287,True,False,True,False,False,False,1,2,64790.5,6.74
4734,395,51,False,True,True,False,True,False,1,4,91084.0,6.84
4735,1242,251,True,False,False,False,True,False,0,0,0.0,18.89
4736,628,236,True,True,True,False,False,False,1,4,124076.8,12.66
4737,92,132,False,False,False,True,False,True,1,2,61171.6,20.71
4738,550,275,False,True,False,True,False,True,1,1,14792.75,8.51
4739,525,273,False,False,False,False,True,True,1,4,85194.0,18.59
4740,783,278,False,False,False,False,True,False,0,0,0.0,18.42
4741,398,150,False,True,False,True,False,False,1,3,69864.0,5.92
4742,694,90,True,True,False,False,True,False,1,3,83130.0,13.48
4743,642,14,False,True,False,False,True,True,1,3,53431.8,2.78
4744,491,253,True,False,False,False,True,False,1,4,49296.8,7.75
4745,1045,262,True,True,False,False,False,False,1,1,24040.4,7.9
4746,459,161,True,True,False,True,False,False,1,2,57077.2,1.84
4747,1149,22,False,False,False,True,False,False,0,0,0.0,1.0
4748,377,247,False,False,False,False,False,False,1,1,28279.4,20.17
4749,1298,90,False,False,False,False,True,False,0,0,0.0,16.98
4750,548,165,False,True,False,False,False,True,1,4,168298.4,1.68
4751,62,198,False,False,False,False,False,True,1,2,60793.5,14.94
4752,225,44,False,False,True,False,True,True,1,3,116119.35,19.13
4753,1210,19,False,False,True,False,True,True,1,4,109823.8,22.0
4754,1309,24,False,False,False,False,True,False,1,2,15314.4,21.15
4755,318,288,True,True,False,True,True,False,1,1,33783.2,9.13
4756,904,288,False,False,False,False,True,False,0,0,0.0,14.46
4757,862,129,True,False,True,False,False,False,0,0,0.0,18.19
4758,201,128,True,False,True,True,True,False,1,1,35405.1,10.51
4759,678,123,False,False,False,True,True,False,0,0,0.0,19.28
4760,1041,106,False,False,True,False,True,False,0,0,0.0,18.96
4761,1451,164,False,True,False,False,True,True,1,1,24717.0,6.45
4762,1272,107,False,False,True,False,False,False,1,1,889.8,21.28
4763,147,185,False,False,False,True,True,False,0,0,0.0,11.54
4764,357,114,True,False,False,False,True,False,1,2,88990.2,13.23
4765,656,189,False,False,True,True,False,False,1,2,74829.2,21.26
4766,226,284,False,True,False,False,True,True,1,2,6009.7,8.25
4767,857,62,False,True,False,False,True,True,1,3,46672.5,3.2
4768,13,19,True,True,False,True,False,True,0,0,0.0,22.63
4769,171,158,False,True,True,True,False,False,1,4,8650.4,5.9
4770,71,36,False,False,False,False,False,False,1,4,23228.4,19.51
4771,444,70,False,True,True,True,False,True,0,0,0.0,26.1
4772,1144,237,True,True,True,True,True,True,1,2,79531.1,11.63
4773,266,126,False,False,True,False,True,False,0,0,0.0,17.57
4774,1481,165,False,False,True,False,True,True,1,1,42069.6,18.14
4775,405,233,True,True,False,True,True,True,1,1,28604.7,9.84
4776,68,39,False,False,False,True,True,True,1,1,30738.4,19.17
4777,504,144,True,False,True,True,False,False,1,1,34152.9,11.85
4778,1123,11,False,True,True,False,True,False,0,0,0.0,20.57
4779,160,150,False,False,True,True,True,False,1,4,93132.0,24.22
4780,108,68,True,True,False,False,False,False,0,0,0.0,22.24
4781,1275,274,True,False,True,False,True,False,1,2,3267.2,4.9
4782,889,79,False,False,True,False,False,False,0,0,0.0,13.35
4783,515,61,False,True,True,False,False,True,1,4,70281.2,7.83
4784,1135,5,True,False,False,False,False,False,1,2,11551.3,2.19
4785,1267,40,True,True,False,False,True,False,0,0,0.0,22.0
4786,539,65,True,False,True,True,False,False,1,2,46722.4,9.19
4787,842,69,True,True,False,False,True,False,1,1,17437.25,12.78
4788,17,222,True,True,True,True,True,True,1,4,134691.0,17.33
4789,460,267,True,True,True,False,False,True,1,4,150004.0,6.56
4790,893,257,True,True,True,False,False,True,1,4,4703.6,4.43
4791,296,287,True,False,True,False,True,False,1,1,32390.25,9.7
4792,1487,270,False,True,True,False,True,False,1,4,11821.8,5.78
4793,1457,137,True,False,True,False,False,True,1,1,20610.5,2.5
4794,387,117,True,False,False,True,False,True,1,4,24867.2,8.48
4795,595,195,True,False,True,False,False,True,1,1,17836.25,5.8
4796,285,96,False,False,True,False,True,False,0,0,0.0,7.05
4797,756,182,False,False,False,False,True,False,0,0,0.0,21.75
4798,186,300,False,False,False,False,True,False,1,4,59222.4,14.38
4799,587,60,False,False,True,False,True,True,1,2,49849.8,21.2
4800,833,231,False,True,True,True,True,False,1,4,163050.4,9.09
4801,918,281,False,False,False,True,True,True,0,0,0.0,17.64
4802,895,162,True,True,True,True,True,True,1,1,29368.8,8.21
4803,333,107,True,False,False,False,True,False,1,1,884.8,10.97
4804,1189,77,False,True,False,False,False,False,1,2,22162.0,7.49
4805,1038,51,True,False,False,True,False,True,0,0,0.0,25.24
4806,1130,97,False,False,False,False,False,False,0,0,0.0,12.18
4807,702,224,False,False,True,True,True,True,1,1,5139.2,23.51
4808,1339,155,True,False,True,False,False,True,1,1,31137.8,4.63
4809,585,67,True,False,True,False,False,True,1,3,60783.0,1.0
4810,1209,163,True,False,True,True,False,False,1,3,141508.95,7.15
4811,306,243,False,True,False,False,False,True,0,0,0.0,21.49
4812,371,5,False,True,False,False,False,True,0,0,0.0,27.75
4813,791,7,True,False,False,False,True,False,1,2,1123.2,1.78
4814,834,288,False,False,True,False,True,True,1,1,33783.2,22.05
4815,1120,225,True,False,True,True,False,False,1,1,13914.2,16.83
4816,447,173,False,False,True,True,True,False,1,1,44259.0,27.66
4817,1309,272,True,True,True,False,False,False,1,1,29837.75,7.0
4818,495,177,True,False,True,False,False,True,1,4,127798.0,8.55
4819,802,157,False,True,True,False,True,False,1,2,66902.0,4.15
4820,1398,64,True,False,True,True,True,False,1,1,2864.0,11.67
4821,810,244,True,False,True,False,True,False,1,3,55554.75,7.7
4822,1023,230,True,True,True,False,False,True,1,1,9681.8,2.37
4823,1363,89,False,True,False,False,True,False,1,4,24303.6,6.48
4824,1462,222,False,False,False,False,True,False,0,0,0.0,15.27
4825,750,219,True,False,True,False,False,False,0,0,0.0,12.79
4826,626,29,True,True,False,False,False,False,1,2,4270.2,10.16
4827,296,49,False,True,False,False,True,True,1,1,21301.6,13.1
4828,807,179,False,False,True,False,True,False,1,2,27661.5,25.74
4829,1378,188,False,False,False,False,False,True,0,0,0.0,8.18
4830,731,198,False,False,True,True,False,True,1,4,121587.0,11.49
4831,523,112,False,True,False,False,True,False,1,1,27630.4,1.0
4832,161,251,True,True,True,False,False,False,1,3,24924.6,11.32
4833,585,134,False,True,True,False,True,True,1,2,26678.1,10.19
4834,356,62,True,False,False,False,False,False,1,2,31125.0,10.22
4835,1466,35,True,True,False,False,True,True,1,2,43335.6,8.26
4836,792,264,True,False,True,False,True,False,1,3,21108.6,9.95
4837,206,213,False,True,True,False,False,False,1,4,70268.0,7.35
4838,102,139,False,True,True,True,True,False,1,2,52885.2,17.31
4839,1277,63,False,False,False,True,True,False,1,1,31227.3,15.97
4840,1398,29,False,True,False,False,False,False,1,1,2135.1,8.8
4841,1145,46,False,False,False,False,False,False,0,0,0.0,20.31
4842,186,32,True,True,True,False,True,False,1,4,126950.4,4.1
4843,148,159,True,True,False,False,False,True,1,1,26607.0,6.22
4844,297,60,False,True,True,False,True,False,0,0,0.0,18.61
4845,1127,39,False,False,False,False,True,False,0,0,0.0,12.28
4846,1148,85,False,False,False,False,True,True,1,1,15184.0,23.95
4847,1257,210,True,True,True,False,False,False,1,1,40816.05,10.35
4848,146,149,False,True,True,False,True,True,1,3,36498.0,1.84
4849,230,47,False,True,True,False,False,False,1,2,26476.0,9.0
4850,1351,225,False,False,False,True,False,True,0,0,0.0,10.23
4851,1394,147,True,True,True,True,True,False,1,1,36843.2,6.25
4852,1089,57,True,False,True,False,False,True,1,1,22438.3,2.71
4853,160,208,True,True,False,False,True,False,1,1,915.3,1.55
4854,103,298,True,True,True,False,False,False,0,0,0.0,19.24
4855,84,163,False,True,True,True,True,True,1,1,47164.65,8.13
4856,1038,49,True,False,True,True,True,True,1,1,21301.6,5.14
4857,1269,93,False,False,False,True,True,False,0,0,0.0,23.04
4858,948,180,False,False,True,False,True,False,1,1,13726.2,22.36
4859,394,300,True,False,True,False,False,True,1,1,14810.6,8.01
4860,1137,279,False,True,True,False,False,True,0,0,0.0,11.62
4861,89,280,False,False,True,True,True,False,1,4,135128.0,24.18
4862,1243,250,False,False,True,True,True,True,0,0,0.0,12.19
4863,1338,173,False,True,False,True,True,False,0,0,0.0,17.83
4864,1078,195,True,False,False,True,False,True,0,0,0.0,18.99
4865,1319,221,True,False,False,False,False,False,0,0,0.0,13.93
4866,880,215,False,False,False,False,True,False,0,0,0.0,20.28
4867,703,192,False,False,False,True,True,True,1,2,31242.6,24.21
4868,484,41,False,False,False,False,False,False,0,0,0.0,17.91
4869,1383,264,False,False,False,True,True,True,1,2,14072.4,23.51
4870,1046,3,False,False,True,False,True,True,0,0,0.0,11.43
4871,286,128,True,False,True,True,False,False,1,1,35410.1,6.76
4872,1436,131,False,False,False,False,True,False,1,2,12324.2,17.3
4873,89,299,False,False,True,False,True,False,1,1,1208.2,20.1
4874,882,27,True,False,True,False,False,True,1,1,27519.85,5.5
4875,286,143,False,True,True,False,False,False,0,0,0.0,19.88
4876,997,108,False,True,False,False,True,False,1,1,23231.2,8.35
4877,619,30,False,False,True,True,True,False,1,1,28488.6,15.84
4878,656,68,False,False,True,False,False,False,0,0,0.0,18.9
4879,1008,127,False,True,False,True,False,False,1,2,63374.1,6.15
4880,1135,275,True,False,True,False,True,True,1,1,14787.75,12.05
4881,571,117,False,False,False,False,True,False,1,2,12423.6,18.88
4882,1497,265,False,True,True,True,True,True,1,1,24742.2,11.16
4883,748,221,False,False,False,False,True,False,0,0,0.0,16.4
4884,241,246,True,False,True,True,False,False,0,0,0.0,27.13
4885,10,257,False,False,False,False,True,False,0,0,0.0,15.96
4886,304,215,False,False,False,True,True,False,0,0,0.0,16.81
4887,1037,221,False,False,True,True,True,False,0,0,0.0,23.58
4888,810,47,False,False,True,False,True,False,0,0,0.0,11.99
4889,507,216,True,False,True,True,False,True,1,1,29917.25,18.97
4890,723,15,True,False,True,True,False,False,1,4,19335.4,6.82
4891,1258,222,False,False,False,False,True,True,1,1,33672.75,18.35
4892,858,197,True,True,True,True,False,False,1,2,4079.8,7.32
4893,88,228,False,False,False,True,True,False,1,4,37683.2,22.44
4894,74,193,True,False,True,True,True,True,1,3,47587.2,7.58
4895,724,111,False,False,False,False,False,False,0,0,0.0,12.42
4896,607,111,False,True,True,False,True,True,1,1,16590.3,8.11
4897,1276,179,True,False,True,False,False,False,0,0,0.0,18.06
4898,875,142,True,True,False,False,True,False,1,1,15459.6,1.0
4899,1136,103,False,True,True,True,True,False,1,1,8060.4,9.45
4900,878,147,True,True,True,False,False,False,1,4,147392.8,7.78
4901,518,161,True,False,True,True,True,False,1,2,57067.2,7.26
4902,987,72,True,True,True,True,False,True,1,1,5244.25,12.06
4903,933,192,True,False,True,True,True,False,1,1,15621.3,6.77
4904,1081,95,False,False,False,False,True,True,1,1,2169.0,15.71
4905,284,81,False,False,True,False,True,False,1,3,89436.0,28.65
4906,963,126,True,False,False,False,False,True,1,2,58007.8,1.0
4907,429,31,True,False,False,True,True,False,1,4,126879.0,1.89
4908,1186,181,True,True,False,False,True,True,1,1,22563.0,9.74
4909,1198,221,False,False,False,False,False,True,1,1,10129.1,18.05
4910,938,287,False,False,True,True,False,True,0,0,0.0,13.02
4911,1421,86,False,False,False,True,False,False,0,0,0.0,17.87
4912,807,162,True,False,True,False,True,True,1,1,29368.8,3.56
4913,38,152,False,True,True,False,False,True,1,2,45051.4,6.64
4914,910,220,True,False,True,True,False,False,1,1,26847.2,1.0
4915,1167,188,False,False,True,False,False,False,0,0,0.0,15.61
4916,152,243,False,False,True,True,False,False,0,0,0.0,15.26
4917,157,256,True,False,True,True,False,False,1,4,172771.8,2.2
4918,410,35,False,False,True,False,True,False,1,1,21667.8,13.17
4919,1267,107,False,True,False,False,False,False,1,4,3559.2,9.11
4920,792,196,False,False,False,True,True,True,1,3,76611.6,14.62
4921,1465,164,True,False,False,False,False,False,0,0,0.0,15.62
4922,1310,145,False,True,False,False,True,True,0,0,0.0,10.53
4923,833,52,False,True,True,True,False,True,1,1,20890.2,2.93
4924,1019,172,False,False,True,True,False,True,1,2,61677.2,18.57
4925,497,223,True,True,False,False,False,False,1,1,6764.0,12.62
4926,136,12,True,True,False,False,True,True,1,1,20736.8,5.39
4927,599,178,False,True,True,True,True,False,1,1,42135.0,7.74
4928,889,272,False,False,False,False,False,False,0,0,0.0,8.27
4929,274,173,True,False,False,False,False,False,1,4,177056.0,14.62
4930,333,286,False,True,True,True,False,False,0,0,0.0,24.56
4931,23,106,False,True,False,False,False,True,0,0,0.0,22.91
4932,1102,2,False,False,True,False,True,False,1,1,13640.4,23.89
4933,1350,205,True,False,False,False,False,False,1,2,58445.5,3.85
4934,1242,64,False,True,True,True,False,True,1,2,5738.0,9.81
4935,570,3,False,False,True,False,False,False,1,3,49892.85,13.36
4936,891,55,False,False,False,False,True,False,1,2,17936.0,18.68
4937,1442,281,True,True,True,False,False,False,1,1,43322.0,6.12
4938,888,235,True,False,False,False,False,True,1,1,39355.75,5.81
4939,444,83,False,False,True,False,False,False,1,4,3927.2,18.79
4940,508,180,True,True,True,False,True,False,1,2,27452.4,4.17
4941,1091,102,True,False,False,True,False,True,1,1,10570.9,7.15
4942,670,54,True,False,True,False,True,True,0,0,0.0,13.63
4943,1256,297,False,False,False,True,False,True,0,0,0.0,14.67
4944,1297,245,False,True,True,False,True,True,1,4,133452.0,5.87
4945,54,110,False,False,True,False,True,True,1,1,33704.1,17.04
4946,1085,107,True,True,False,True,True,False,1,1,884.8,12.16
4947,555,245,True,False,False,True,True,False,1,2,66726.0,10.7
4948,780,139,False,False,True,False,False,False,0,0,0.0,15.2
4949,398,114,True,True,False,True,False,True,1,2,89000.2,7.75
4950,553,117,False,True,False,False,False,False,1,1,6216.8,6.93
4951,496,135,True,False,True,False,True,True,1,1,36719.1,7.61
4952,76,157,False,False,False,False,False,False,0,0,0.0,20.99
4953,1175,13,True,True,False,False,True,False,0,0,0.0,17.48
4954,215,145,True,True,False,True,True,True,1,3,100881.6,8.35
4955,564,132,False,False,False,True,True,False,0,0,0.0,15.81
4956,290,83,False,False,True,False,True,False,1,2,1953.6,25.1
4957,241,107,True,False,True,False,False,False,1,2,1779.6,1.16
4958,561,128,False,True,True,False,True,False,1,2,70810.2,7.84
4959,1379,110,False,True,True,False,False,False,1,1,33709.1,9.77
4960,1417,273,False,False,False,True,True,True,1,2,42597.0,20.96
4961,573,159,False,False,False,True,True,False,0,0,0.0,18.1
4962,758,151,False,False,True,True,True,False,1,1,12333.5,18.88
4963,1479,79,False,False,True,True,True,False,0,0,0.0,17.48
4964,353,275,False,True,False,True,True,True,1,2,29575.5,10.71
4965,1418,7,True,False,True,False,True,False,1,1,561.6,7.88
4966,159,166,False,True,True,False,False,False,1,3,12461.7,6.77
4967,339,51,False,True,False,True,True,False,0,0,0.0,26.39
4968,508,231,True,True,True,False,True,False,1,3,122287.8,9.12
4969,56,114,True,True,True,True,True,True,1,1,44495.1,14.79
4970,1224,89,True,True,True,False,True,True,1,3,18227.7,4.64
4971,1284,18,False,False,True,True,False,False,1,3,105362.25,31.85
4972,576,238,False,True,False,False,False,False,1,1,23315.0,8.03
4973,1255,119,True,False,False,False,True,True,1,2,25762.1,15.91
4974,1159,80,False,True,False,True,False,False,1,2,11226.6,3.98
4975,1203,254,True,False,False,False,True,True,1,1,7851.9,8.65
4976,1205,6,True,False,True,True,False,False,1,2,4594.0,4.81
4977,861,141,False,False,False,False,True,True,1,3,78138.9,17.36
4978,167,49,False,False,False,False,False,True,0,0,0.0,17.14
4979,1386,39,True,True,False,True,False,False,1,1,30743.4,11.46
4980,913,7,False,True,False,False,False,False,0,0,0.0,24.58
4981,1352,57,False,True,True,False,True,False,0,0,0.0,16.74
4982,1439,285,True,False,False,False,True,True,1,1,24931.0,9.1
4983,281,134,True,True,True,False,False,False,1,2,26688.1,9.24
4984,604,300,True,True,False,True,True,False,0,0,0.0,17.44
4985,289,81,True,False,True,True,False,False,1,1,29817.0,8.58
4986,77,229,False,True,False,True,True,True,1,3,15570.9,6.22
4987,1450,27,True,True,False,False,False,False,0,0,0.0,15.89
4988,1385,33,True,False,True,False,False,True,1,2,25125.2,4.7
4989,1398,5,True,False,True,True,True,False,1,1,5770.65,9.22
4990,1326,270,False,True,False,False,True,True,1,2,5910.9,3.28
4991,974,202,False,True,False,False,True,False,0,0,0.0,12.09
4992,784,224,False,False,False,False,True,True,1,1,5139.2,23.45
4993,1488,279,False,False,True,False,False,False,0,0,0.0,13.79
4994,829,100,False,True,False,False,False,False,0,0,0.0,26.77
4995,964,217,False,False,False,False,False,True,0,0,0.0,13.78
4996,318,151,False,False,True,True,False,True,0,0,0.0,15.97
4997,1121,163,False,False,True,False,False,False,0,0,0.0,12.85
4998,1230,199,True,True,False,False,True,True,1,1,18588.0,11.8
4999,1018,141,False,False,True,True,False,False,1,2,52102.6,25.56
5000,748,8,False,False,True,False,False,True,0,0,0.0,6.11
5001,297,23,True,False,True,False,False,True,1,1,28183.1,11.98
5002,51,151,False,False,True,False,False,False,1,1,12338.5,23.39
5003,941,171,True,False,False,False,False,False,0,0,0.0,18.48
5004,1025,220,False,False,False,True,False,False,1,1,26847.2,16.31
5005,1159,172,False,True,True,False,True,True,1,2,61667.2,1.0
5006,1426,57,False,False,False,True,True,False,1,2,44866.6,23.91
5007,747,111,False,False,False,False,True,True,1,2,33180.6,19.53
5008,1244,134,True,False,False,False,False,True,0,0,0.0,25.18
5009,1075,296,False,False,True,False,False,False,0,0,0.0,13.89
5010,416,160,False,False,False,False,False,False,0,0,0.0,22.44
5011,1268,191,True,False,True,True,False,False,1,2,46981.0,7.03
5012,80,221,False,True,True,True,True,False,1,3,30372.3,8.94
5013,899,109,False,True,False,False,True,False,1,2,52111.5,1.0
5014,1411,290,False,True,True,False,False,True,1,2,79114.0,14.44
5015,989,203,False,False,False,True,False,False,0,0,0.0,6.22
5016,1406,255,False,False,False,False,False,False,0,0,0.0,14.65
5017,85,225,True,False,False,False,True,False,1,2,27818.4,6.56
5018,799,187,False,True,False,False,False,False,0,0,0.0,21.31
5019,1171,10,True,True,False,True,False,True,1,2,62356.6,8.31
5020,964,176,False,True,False,False,True,False,1,1,2732.8,7.22
5021,1321,39,False,False,True,True,True,False,1,2,61476.8,22.36
5022,694,181,False,False,False,False,False,False,1,4,90272.0,15.83
5023,1024,211,False,False,False,False,False,True,1,3,57523.8,22.27
5024,630,164,False,True,False,False,True,True,0,0,0.0,23.54
5025,1309,93,False,True,True,False,True,True,1,2,52537.6,5.04
5026,180,18,True,False,False,False,False,True,1,2,70241.5,1.55
5027,382,202,True,True,True,False,True,False,1,3,26645.4,9.03
5028,146,210,True,True,False,False,False,False,0,0,0.0,24.37
5029,1054,144,False,True,False,False,False,True,1,2,68305.8,10.99
5030,350,215,False,True,True,True,False,False,1,2,26350.8,9.63
5031,476,234,False,False,False,False,False,True,1,1,4233.2,22.21
5032,1255,154,True,True,False,False,True,False,1,1,29726.2,8.5
5033,541,15,False,True,False,True,True,True,1,1,4828.85,13.83
5034,219,262,True,False,True,True,True,True,1,1,24035.4,6.95
5035,32,141,False,False,True,True,True,True,1,2,52092.6,19.22
5036,341,202,False,True,False,False,True,True,1,1,8881.8,16.78
5037,1373,274,False,False,False,True,False,False,0,0,0.0,26.43
5038,823,109,True,False,False,False,True,False,1,4,104223.0,8.81
5039,1493,187,True,False,True,True,True,True,1,1,17569.5,9.27
5040,323,6,True,False,True,False,False,True,1,2,4594.0,13.71
5041,528,266,False,True,True,False,True,False,1,2,20710.0,6.75
5042,245,18,True,True,False,False,False,True,1,1,35120.75,3.32
5043,598,163,False,False,True,False,True,False,0,0,0.0,25.35
5044,845,106,False,False,True,False,False,True,0,0,0.0,11.52
5045,1213,11,True,True,True,True,False,False,1,2,37685.1,7.99
5046,553,139,False,False,True,True,False,True,0,0,0.0,12.47
5047,1158,281,True,False,True,False,False,False,1,2,86644.0,5.64
5048,940,51,False,True,True,False,True,False,0,0,0.0,29.07
5049,438,88,False,False,True,True,False,False,0,0,0.0,10.34
5050,1369,57,True,True,True,False,False,False,1,3,67314.9,1.0
5051,652,38,True,True,True,False,False,False,1,3,67076.25,8.22
5052,227,70,True,True,False,False,False,True,1,1,30415.8,13.42
5053,1445,172,False,True,True,False,False,True,1,2,61677.2,8.65
5054,1371,235,False,True,False,True,True,True,1,3,118052.25,6.89
5055,75,208,True,True,True,False,True,True,1,2,1830.6,5.76
5056,1354,232,True,False,True,True,True,True,1,1,34029.75,1.0
5057,1422,215,True,True,False,False,False,False,1,1,13175.4,2.7
5058,1244,115,True,False,False,True,True,True,1,1,20919.0,11.03
5059,383,271,True,False,False,False,False,False,0,0,0.0,21.96
5060,947,52,False,False,False,False,False,False,0,0,0.0,9.53
5061,808,210,False,False,True,False,True,False,0,0,0.0,10.88
5062,931,34,False,False,False,False,False,True,1,3,68531.7,18.02
5063,925,230,True,False,False,True,False,True,1,1,9681.8,9.95
5064,959,27,False,False,True,True,False,False,0,0,0.0,18.78
5065,772,65,False,False,False,False,True,False,1,1,23356.2,21.59
5066,1036,118,False,True,True,False,False,False,1,1,698.6,12.62
5067,790,209,False,False,False,False,True,False,0,0,0.0,16.99
5068,25,14,False,False,False,True,True,True,0,0,0.0,20.17
5069,53,78,True,False,True,True,True,False,1,3,16876.8,4.28
5070,1438,101,False,False,True,False,False,False,0,0,0.0,12.33
5071,1364,220,False,True,False,False,True,False,1,3,80526.6,11.32
5072,879,289,True,False,True,False,False,False,0,0,0.0,24.87
5073,262,185,True,False,False,False,False,False,1,1,1011.4,12.77
5074,1173,153,True,True,True,False,False,False,1,4,32021.6,9.87
5075,215,101,True,False,False,False,False,True,1,4,90452.0,3.34
5076,566,247,True,False,False,False,False,False,1,1,28279.4,7.66
5077,495,33,False,True,True,True,True,True,0,0,0.0,20.25
5078,19,39,True,True,False,False,False,True,1,1,30743.4,12.06
5079,1211,61,True,False,True,False,False,False,0,0,0.0,26.3
5080,765,81,True,True,False,False,False,False,0,0,0.0,29.43
5081,475,139,False,False,True,False,True,False,0,0,0.0,10.65
5082,761,284,False,True,False,True,True,False,1,2,6009.7,7.07
5083,1,196,False,False,False,False,True,True,1,1,25537.2,20.69
5084,656,116,True,False,True,True,True,True,1,2,29848.0,9.51
5085,780,64,False,False,True,True,False,False,0,0,0.0,8.32
5086,510,195,True,False,True,True,False,False,0,0,0.0,24.43
5087,1246,76,False,True,True,False,False,False,0,0,0.0,23.03
5088,375,293,True,True,False,False,False,True,1,4,138882.8,3.8
5089,207,144,False,True,False,False,False,True,1,1,34152.9,7.29
5090,792,166,True,True,False,False,False,True,1,1,4153.9,6.61
5091,1331,272,False,False,True,True,True,True,1,4,119331.0,10.35
5092,563,92,True,True,False,False,True,False,1,1,29580.85,8.69
5093,70,142,False,False,True,False,False,False,1,3,46393.8,23.39
5094,1455,160,True,True,True,False,True,False,1,1,18468.0,6.23
5095,667,82,False,False,False,False,True,False,0,0,0.0,23.86
5096,260,17,False,False,False,False,False,True,0,0,0.0,16.09
5097,924,86,False,True,True,False,True,False,1,1,9426.6,3.8
5098,480,34,False,False,False,False,False,False,0,0,0.0,21.57
5099,1407,203,True,False,True,True,True,False,1,2,4864.0,8.09
5100,441,3,True,True,False,False,False,False,1,3,49892.85,4.94
5101,826,95,False,True,True,False,False,False,1,1,2174.0,9.58
5102,815,266,False,True,True,True,False,True,1,1,10360.0,6.58
5103,364,171,False,True,False,False,True,True,1,3,87657.75,9.94
5104,749,202,True,False,False,False,True,False,1,4,35527.2,1.5
5105,164,201,True,True,True,False,True,False,1,4,116065.8,9.41
5106,966,90,True,True,True,False,False,False,0,0,0.0,33.63
5107,1138,190,True,True,False,True,True,False,1,4,67615.2,8.4
5108,1426,67,False,True,False,True,True,False,0,0,0.0,16.57
5109,489,191,True,False,False,False,True,True,1,3,70456.5,11.32
5110,428,205,True,True,True,False,False,False,1,4,116891.0,3.73
5111,824,263,False,True,False,False,True,False,1,3,70951.5,8.96
5112,1040,276,False,False,False,False,True,False,0,0,0.0,15.94
5113,1489,8,False,False,False,False,False,False,0,0,0.0,7.11
5114,38,90,True,False,False,False,True,False,0,0,0.0,18.24
5115,358,165,False,False,True,False,False,True,1,1,42074.6,14.58
5116,394,97,True,False,False,True,True,False,0,0,0.0,19.24
5117,384,186,True,True,False,False,False,True,1,1,29140.55,4.12
5118,696,257,False,True,True,False,False,False,1,2,2351.8,10.98
5119,1310,78,True,False,True,False,False,False,1,2,11261.2,13.17
5120,47,269,True,True,False,False,True,False,1,1,2208.6,7.22
5121,1224,265,False,True,True,True,True,False,1,1,24742.2,7.34
5122,927,275,True,True,False,True,True,False,1,2,29575.5,8.66
5123,923,23,False,True,False,False,False,True,0,0,0.0,24.51
5124,1018,88,True,True,False,False,False,False,1,3,60187.2,3.83
5125,174,38,False,False,False,False,False,False,0,0,0.0,6.5
5126,1121,37,True,True,False,False,False,False,1,1,39986.6,7.93
5127,373,16,True,False,False,True,True,False,0,0,0.0,24.63
5128,775,132,True,False,False,True,True,True,0,0,0.0,28.99
5129,1016,27,True,True,False,False,False,True,0,0,0.0,17.82
5130,906,89,True,False,True,False,True,False,1,3,18227.7,6.11
5131,485,295,True,False,False,False,False,False,1,1,23313.0,6.78
5132,595,266,False,True,True,False,True,True,1,1,10355.0,14.71
5133,715,282,True,False,True,True,False,False,1,2,46013.2,10.24
5134,62,11,False,True,True,True,True,False,1,1,18837.55,14.65
5135,1090,199,True,False,True,True,True,True,1,1,18588.0,4.94
5136,150,191,False,False,False,False,True,True,1,1,23485.5,15.6
5137,688,40,False,True,False,True,True,False,0,0,0.0,9.26
5138,983,272,False,True,False,False,True,False,1,1,29832.75,14.39
5139,121,122,False,False,True,False,False,True,1,1,3661.25,19.8
5140,1494,294,False,False,False,False,True,True,1,2,30030.0,15.1
5141,566,35,True,True,False,True,True,False,1,1,21667.8,7.11
5142,24,196,False,False,False,True,True,False,1,3,76611.6,17.77
5143,988,40,False,False,False,True,True,False,0,0,0.0,18.84
5144,837,285,True,False,True,False,True,True,1,2,49862.0,5.96
5145,961,183,True,False,False,True,True,True,1,1,45895.45,9.9
5146,1127,23,False,False,True,False,True,False,0,0,0.0,12.34
5147,714,65,False,False,True,False,True,True,1,1,23356.2,17.21
5148,1241,108,True,True,True,False,True,False,1,1,23231.2,15.68
5149,556,4,False,True,True,False,False,False,1,1,35345.0,8.1
5150,818,3,True,False,True,True,False,True,1,1,16630.95,4.85
5151,238,278,False,True,False,False,False,True,0,0,0.0,22.83
5152,930,295,False,False,True,False,True,True,1,2,46616.0,21.09
5153,393,161,False,False,False,False,False,False,0,0,0.0,16.65
5154,1046,271,False,False,False,True,False,False,1,2,46003.0,17.83
5155,1202,197,True,False,True,False,False,True,1,4,8159.6,9.3
5156,1289,9,True,False,False,False,False,False,1,1,26556.7,7.02
5157,1394,215,False,False,False,True,True,False,0,0,0.0,18.44
5158,184,6,False,False,False,False,False,False,1,2,4594.0,20.1
5159,207,245,False,True,True,False,False,False,1,1,33368.0,2.78
5160,1390,111,True,False,True,True,True,False,0,0,0.0,22.94
5161,572,43,False,True,True,False,False,True,1,1,19326.2,2.35
5162,40,78,True,False,True,False,False,False,1,2,11261.2,2.86
5163,431,206,False,True,False,False,False,True,1,1,26217.9,17.29
5164,1255,255,True,False,False,True,False,True,1,2,58851.1,11.16
5165,533,172,True,False,False,True,True,True,1,1,30833.6,6.08
5166,116,49,False,False,False,False,False,False,1,1,21306.6,21.8
5167,1084,271,False,False,False,False,True,False,0,0,0.0,16.46
5168,292,238,False,False,True,False,False,False,1,1,23315.0,13.99
5169,530,123,True,True,True,False,True,False,0,0,0.0,10.2
5170,6,167,False,False,False,True,True,True,0,0,0.0,13.59
5171,903,290,True,False,False,True,False,False,1,4,158228.0,7.28
5172,668,114,True,True,False,False,False,True,1,2,89000.2,6.19
5173,1301,8,True,False,True,True,False,True,1,1,21015.3,6.77
5174,502,44,False,True,True,False,False,True,0,0,0.0,21.1
5175,307,181,False,True,True,False,True,True,1,2,45126.0,8.62
5176,249,300,True,True,False,True,False,False,1,4,59242.4,8.45
5177,301,222,False,True,False,False,False,False,1,3,101033.25,10.81
5178,677,186,True,False,False,False,True,True,1,1,29135.55,11.99
5179,131,97,False,False,True,False,True,False,1,3,89967.6,16.66
5180,604,132,False,True,False,True,False,True,1,1,30585.8,7.21
5181,1283,12,True,True,True,True,False,False,1,3,62225.4,8.12
5182,1152,112,False,False,True,False,True,True,1,2,55260.8,18.86
5183,956,188,False,True,True,False,True,True,1,2,41696.0,6.39
5184,1340,272,False,False,True,True,True,True,1,1,29832.75,22.05
5185,1171,277,False,True,False,False,True,True,1,1,20008.0,10.48
5186,979,247,True,False,False,False,True,False,1,1,28274.4,9.9
5187,1295,7,True,False,True,True,False,True,1,1,566.6,8.88
5188,187,244,True,True,True,False,False,False,1,4,74093.0,4.93
5189,1228,66,False,True,False,False,False,False,0,0,0.0,21.25
5190,444,185,True,False,False,False,False,True,1,1,1011.4,12.53
5191,1100,284,True,False,True,True,False,False,1,2,6019.7,1.65
5192,1370,267,True,False,False,False,True,False,1,2,74992.0,17.14
5193,745,200,True,True,False,True,True,True,1,2,36680.0,9.75
5194,134,90,True,False,False,True,True,False,1,2,55420.0,10.2
5195,556,157,True,True,True,False,True,True,1,4,133804.0,12.81
5196,611,212,True,False,True,False,False,False,0,0,0.0,26.75
5197,1406,155,True,True,False,False,False,True,1,1,31137.8,4.97
5198,1414,122,False,False,False,True,False,True,0,0,0.0,19.29
5199,853,121,False,True,True,False,False,False,1,3,74639.4,12.73
5200,1426,180,True,True,True,True,False,True,1,1,13731.2,11.22
5201,655,11,False,False,False,False,True,True,0,0,0.0,8.13
5202,617,300,False,True,False,False,True,False,1,3,44416.8,6.27
5203,1255,31,True,True,False,True,True,False,1,1,31719.75,5.38
5204,1002,296,False,False,True,True,False,False,0,0,0.0,16.83
5205,784,11,False,False,True,False,True,False,0,0,0.0,24.92
5206,686,154,False,False,False,True,False,False,1,3,89193.6,23.48
5207,1059,126,False,False,False,False,False,True,0,0,0.0,15.17
5208,1131,173,False,False,False,False,False,True,0,0,0.0,19.63
5209,736,131,False,False,True,True,False,True,1,2,12334.2,23.69
5210,48,270,False,True,False,False,False,True,0,0,0.0,25.38
5211,153,5,True,True,False,False,False,False,1,2,11551.3,6.49
5212,217,296,True,False,False,True,True,True,1,1,18643.0,5.82
5213,694,207,True,True,True,False,False,False,1,1,20549.7,9.28
5214,922,234,False,False,False,False,False,False,0,0,0.0,23.73
5215,1206,42,False,False,False,True,False,False,1,2,64656.4,21.89
5216,349,20,True,False,True,False,False,False,1,2,25964.0,9.06
5217,1180,120,False,True,False,False,False,True,1,4,84357.2,13.52
5218,1000,97,False,False,False,False,True,False,1,1,29989.2,17.96
5219,78,235,False,False,True,True,False,False,1,1,39355.75,22.67
5220,527,269,False,False,True,False,True,False,0,0,0.0,15.6
5221,454,129,False,True,False,True,False,False,0,0,0.0,20.04
5222,1330,231,True,True,True,True,True,False,1,2,81525.2,12.04
5223,1382,18,True,False,False,False,True,True,1,1,35115.75,1.0
5224,1229,223,True,False,True,False,True,True,1,2,13518.0,9.39
5225,793,30,True,False,True,True,True,False,1,1,28488.6,11.8
5226,740,201,True,True,True,False,True,True,0,0,0.0,27.79
5227,468,115,False,False,True,False,True,False,0,0,0.0,6.38
5228,1160,125,False,True,False,True,True,True,1,3,93127.2,6.96
5229,130,83,False,False,True,False,False,True,1,1,981.8,20.14
5230,407,121,False,False,False,True,False,False,0,0,0.0,20.19
5231,203,263,True,False,True,True,True,False,1,2,47301.0,9.23
5232,742,243,False,True,True,True,True,True,1,2,72684.0,5.54
5233,450,103,False,True,False,True,True,False,0,0,0.0,9.97
5234,297,89,False,False,True,False,True,True,1,1,6075.9,21.43
5235,565,153,True,True,True,False,False,False,0,0,0.0,25.46
5236,1292,206,True,True,False,True,True,False,1,1,26212.9,3.23
5237,838,55,False,False,False,False,True,False,1,1,8968.0,20.66
5238,1235,218,True,False,False,True,True,False,1,4,10638.6,11.54
5239,1371,285,True,False,True,False,False,False,1,1,24936.0,7.91
5240,1354,254,False,False,False,False,False,False,0,0,0.0,20.25
5241,527,165,False,False,True,False,True,False,0,0,0.0,12.89
5242,1317,96,True,False,True,False,False,False,1,4,2788.0,8.34
5243,1365,98,False,True,False,False,True,True,1,2,35722.1,12.92
5244,1440,223,True,False,False,False,False,False,1,1,6764.0,6.21
5245,527,137,False,False,True,False,False,False,0,0,0.0,22.37
5246,343,32,False,True,False,False,True,False,1,1,31737.6,5.69
5247,877,204,True,False,True,False,False,False,0,0,0.0,19.31
5248,1398,42,False,False,True,True,False,True,1,4,129312.8,24.05
5249,1351,297,True,True,True,True,False,True,0,0,0.0,22.33
5250,857,126,True,False,True,False,True,False,1,1,28998.9,3.39
5251,224,103,True,False,False,False,True,False,1,1,8060.4,9.51
5252,634,17,True,False,True,False,False,True,1,1,11162.0,9.19
5253,1072,51,True,False,False,True,False,False,0,0,0.0,22.85
5254,841,285,True,False,True,True,True,False,1,2,49862.0,10.98
5255,519,162,False,False,True,False,False,False,1,1,29373.8,11.7
5256,514,271,False,True,False,True,False,True,1,3,69004.5,18.03
5257,90,287,False,False,True,False,False,False,0,0,0.0,17.28
5258,433,15,False,True,True,False,True,True,1,1,4828.85,9.32
5259,1005,115,False,True,True,True,False,False,0,0,0.0,23.84
5260,362,252,False,True,False,False,False,False,0,0,0.0,22.56
5261,1491,149,False,True,True,False,True,False,1,2,24332.0,10.61
5262,124,153,True,True,True,False,True,True,1,1,8000.4,9.01
5263,884,172,False,False,True,False,False,True,0,0,0.0,18.51
5264,745,211,True,False,False,False,False,False,0,0,0.0,24.47
5265,1250,282,False,False,True,True,False,True,0,0,0.0,13.75
5266,1332,267,True,True,True,True,True,False,1,1,37496.0,7.85
5267,816,188,True,True,False,False,True,True,1,1,20848.0,18.24
5268,946,174,False,True,False,False,True,True,1,2,23659.2,11.06
5269,1049,109,False,True,False,True,False,False,1,2,52121.5,7.16
5270,782,35,False,True,False,True,True,False,1,3,65003.4,10.89
5271,278,213,False,True,False,False,True,False,0,0,0.0,20.48
5272,643,1,False,True,False,True,True,False,0,0,0.0,20.31
5273,363,210,True,False,False,False,False,True,1,4,163264.2,7.57
5274,697,150,True,False,False,False,False,True,1,1,23288.0,8.31
5275,923,236,False,False,True,True,True,False,1,1,31014.2,22.95
5276,314,285,False,True,True,False,True,False,1,3,74793.0,15.12
5277,375,166,False,True,True,True,True,False,1,3,12446.7,13.55
5278,1235,172,False,False,False,False,True,True,1,1,30833.6,26.57
5279,567,147,True,False,True,False,True,True,1,1,36843.2,10.98
5280,298,112,False,True,True,True,True,False,1,4,110521.6,12.26
5281,1070,27,False,True,True,True,True,True,1,1,27514.85,5.2
5282,1075,10,True,False,True,False,False,False,1,1,31178.3,5.08
5283,1240,217,False,False,False,False,False,True,0,0,0.0,10.82
5284,1140,275,False,True,False,True,False,False,1,2,29585.5,9.88
5285,1488,17,False,True,False,False,True,False,1,1,11157.0,5.48
5286,863,99,False,False,True,False,False,False,1,1,18446.6,21.73
5287,431,183,True,True,False,False,True,True,1,1,45895.45,9.11
5288,1295,212,True,False,True,True,False,False,1,1,27989.6,7.72
5289,398,221,True,True,True,False,False,False,1,1,10129.1,9.08
5290,437,209,True,False,True,False,True,False,1,1,23746.5,6.26
5291,1243,26,False,False,True,False,True,True,1,1,29185.6,14.07
5292,1323,77,True,True,True,False,False,False,1,1,11081.0,7.32
5293,510,141,True,True,True,False,False,False,1,3,78153.9,1.1
5294,1095,20,False,False,True,False,True,False,0,0,0.0,21.11
5295,1384,103,True,False,True,False,False,True,1,2,16130.8,10.59
5296,1199,116,True,False,False,False,False,False,1,2,29858.0,3.5
5297,8,294,False,False,False,False,False,False,0,0,0.0,11.61
5298,997,96,False,True,True,True,False,False,0,0,0.0,19.76
5299,255,292,True,True,True,True,False,False,1,3,91008.6,18.38
5300,1270,211,True,False,True,True,True,True,1,2,38339.2,15.17
5301,101,208,True,False,True,True,False,False,1,3,2760.9,8.41
5302,1490,246,True,False,True,False,True,False,1,2,9457.1,9.96
5303,266,253,True,True,True,False,False,False,1,3,36987.6,10.07
5304,631,67,True,False,True,False,False,False,1,1,20261.0,4.24
5305,352,127,True,True,False,False,False,False,1,2,63374.1,4.61
5306,1221,159,False,False,True,False,False,False,1,2,53214.0,20.09
5307,591,294,False,True,True,True,True,False,1,2,30030.0,2.82
5308,1117,13,False,True,True,False,False,False,1,4,67428.2,11.1
5309,101,144,True,False,True,True,False,True,1,2,68305.8,11.53
5310,680,65,False,True,True,False,True,True,1,1,23356.2,7.62
5311,1367,63,True,True,True,False,True,True,1,1,31227.3,12.56
5312,1391,229,True,True,False,False,True,False,1,3,15570.9,7.2
5313,314,61,True,False,False,False,False,False,0,0,0.0,24.5
5314,592,239,False,False,False,True,True,True,1,2,12950.0,20.37
5315,614,299,True,False,True,False,False,True,0,0,0.0,18.07
5316,849,233,True,True,True,False,False,False,1,2,57219.4,9.44
5317,807,51,True,True,False,True,True,False,1,1,22771.0,12.4
5318,159,43,True,False,False,False,False,False,1,4,77304.8,10.05
5319,1145,132,True,False,False,False,False,True,1,3,91757.4,5.24
5320,339,166,False,False,True,False,True,False,1,3,12446.7,19.41
5321,473,234,False,False,False,False,False,False,0,0,0.0,19.03
5322,1262,127,False,False,False,False,True,False,0,0,0.0,15.86
5323,1035,51,False,True,True,True,False,False,0,0,0.0,10.18
5324,595,298,False,True,True,False,False,False,1,3,1760.1,9.45
5325,1369,272,True,True,False,False,True,True,1,1,29832.75,2.54
5326,592,197,True,False,True,True,True,False,1,2,4069.8,10.5
5327,849,209,True,False,False,False,False,False,0,0,0.0,20.95
5328,369,281,True,False,True,False,False,False,1,2,86644.0,6.61
5329,275,143,False,False,False,False,False,True,0,0,0.0,19.08
5330,738,44,False,True,True,True,False,True,1,3,116134.35,5.4
5331,845,182,False,True,False,True,False,False,1,1,7718.05,1.0
5332,1209,136,False,False,False,False,True,True,1,1,6780.6,16.68
5333,587,240,True,True,False,False,False,False,1,4,53385.2,1.51
5334,1343,232,False,False,False,False,False,True,1,2,68069.5,17.33
5335,912,142,True,False,True,False,False,True,1,1,15464.6,4.49
5336,106,111,False,False,False,False,False,True,0,0,0.0,12.91
5337,1109,127,True,True,True,False,False,False,1,1,31687.05,1.0
5338,863,190,False,True,True,False,False,False,1,1,16908.8,8.78
5339,585,192,False,False,True,False,False,True,0,0,0.0,20.6
5340,701,154,True,True,True,False,False,True,1,3,89193.6,7.58
5341,453,160,False,True,False,True,False,False,0,0,0.0,21.55
5342,922,298,False,False,False,False,True,True,1,4,2326.8,11.16
5343,851,77,False,False,False,False,True,False,0,0,0.0,10.8
5344,671,53,True,True,False,False,False,False,0,0,0.0,21.61
5345,428,240,False,True,True,False,False,True,1,1,13346.3,6.82
5346,598,281,True,False,False,True,True,True,1,4,173268.0,10.11
5347,747,183,True,False,True,True,True,True,1,1,45895.45,12.37
5348,708,121,True,True,False,True,False,False,1,3,74639.4,14.84
5349,464,105,True,False,True,True,False,True,1,2,14035.6,4.99
5350,873,141,True,False,True,False,False,True,1,2,52102.6,15.71
5351,340,16,False,False,False,False,False,False,0,0,0.0,8.11
5352,752,159,True,False,False,False,True,True,1,1,26602.0,3.98
5353,183,81,True,True,True,False,False,True,1,1,29817.0,2.11
5354,709,80,False,False,True,True,False,True,0,0,0.0,20.34
5355,1176,169,True,False,False,False,True,True,1,1,13225.0,15.93
5356,1227,290,True,False,True,False,True,False,1,2,79104.0,13.26
5357,1043,62,True,True,True,True,False,False,1,3,46687.5,9.19
5358,1119,274,False,False,False,False,False,False,0,0,0.0,14.07
5359,99,156,False,True,False,False,True,False,1,4,20001.0,7.18
5360,513,292,True,True,False,False,True,True,1,1,30331.2,8.23
5361,982,115,False,False,True,False,True,False,1,1,20919.0,21.25
5362,1201,300,False,False,True,True,True,False,1,2,29611.2,23.13
5363,875,198,False,False,False,False,True,False,1,4,121567.0,21.53
5364,1281,201,False,True,False,False,False,False,1,1,29021.45,6.07
5365,410,169,False,False,True,False,True,False,1,3,39675.0,22.21
5366,231,136,True,False,False,False,True,False,1,2,13561.2,1.84
5367,130,158,True,False,True,True,False,True,1,1,2162.6,5.26
5368,875,256,False,False,False,False,False,False,0,0,0.0,21.43
5369,998,238,True,True,False,True,True,False,1,1,23310.0,6.86
5370,428,8,False,False,False,False,False,False,0,0,0.0,14.43
5371,1176,209,True,False,False,True,True,True,1,1,23746.5,7.31
5372,1109,251,False,False,False,False,True,True,0,0,0.0,14.23
5373,541,224,False,False,False,False,True,True,0,0,0.0,13.45
5374,359,150,True,False,False,False,False,True,1,1,23288.0,1.0
5375,1114,101,True,True,True,False,True,False,1,1,22608.0,8.44
5376,1008,202,False,False,True,True,False,True,1,3,26660.4,20.88
5377,257,200,False,False,False,True,True,False,0,0,0.0,14.9
5378,383,113,False,False,False,True,True,False,0,0,0.0,15.5
5379,729,122,True,False,True,True,True,False,1,2,7312.5,7.92
5380,767,111,True,False,False,False,True,False,0,0,0.0,22.75
5381,249,14,False,False,True,False,False,False,1,4,71262.4,22.05
5382,1423,10,True,False,True,True,True,False,1,3,93519.9,8.15
5383,583,25,True,False,False,False,False,True,0,0,0.0,23.24
5384,572,128,True,False,True,False,True,False,1,1,35405.1,11.14
5385,91,154,True,True,True,False,True,False,1,3,89178.6,4.57
5386,1314,123,False,False,False,True,True,False,0,0,0.0,14.04
5387,353,287,False,True,False,True,False,True,1,1,32395.25,4.84
5388,1481,68,True,True,False,False,True,True,1,1,35605.65,11.49
5389,745,118,True,False,True,True,False,False,0,0,0.0,25.5
5390,1313,75,False,False,True,True,False,True,1,3,96480.6,18.02
5391,269,90,True,True,True,False,False,False,1,1,27715.0,11.73
5392,249,176,True,False,False,False,False,True,1,1,2737.8,8.05
5393,1202,93,False,True,False,False,False,False,1,1,26273.8,5.14
5394,1230,96,False,True,False,True,False,True,1,1,697.0,11.13
5395,815,202,False,False,True,False,False,True,1,3,26660.4,16.23
5396,49,250,False,False,True,False,True,True,1,1,39026.7,27.2
5397,1416,64,False,False,True,True,False,False,1,1,2869.0,16.72
5398,590,34,True,True,False,False,True,False,1,1,22838.9,13.83
5399,1404,72,False,True,False,False,False,False,1,2,10488.5,10.12
5400,1307,174,True,True,True,False,True,False,1,1,11829.6,14.81
5401,1278,288,False,True,True,True,True,False,1,1,33783.2,4.83
5402,1034,49,False,False,False,True,True,True,1,3,63904.8,15.88
5403,1010,13,False,True,False,True,True,False,0,0,0.0,20.57
5404,800,159,True,False,True,True,False,True,1,2,53214.0,11.29
5405,38,298,False,True,True,False,False,False,1,3,1760.1,6.19
5406,582,166,True,True,True,False,True,True,1,1,4148.9,8.48
5407,1096,278,False,False,False,False,True,False,1,1,23912.0,21.37
5408,1219,193,True,False,False,False,False,False,0,0,0.0,25.15
5409,840,10,True,False,True,False,True,False,1,1,31173.3,11.77
5410,1065,129,False,False,False,True,True,False,1,3,123379.2,20.68
5411,33,232,True,False,True,False,True,True,1,1,34029.75,7.33
5412,703,153,True,False,True,False,False,True,1,1,8005.4,11.89
5413,762,59,True,False,False,True,True,False,1,2,60506.4,14.77
5414,1339,55,False,False,True,False,False,False,0,0,0.0,8.71
5415,467,200,False,False,True,False,False,True,1,1,18345.0,8.77
5416,345,139,False,True,True,False,False,False,1,2,52895.2,6.61
5417,529,173,True,True,True,False,False,False,1,2,88528.0,13.55
5418,256,112,True,True,False,True,False,True,1,3,82906.2,6.21
5419,838,102,True,False,True,True,True,False,1,1,10565.9,1.88
5420,965,200,False,True,False,False,True,True,1,1,18340.0,7.42
5421,1202,3,False,False,False,True,True,False,1,1,16625.95,31.09
5422,1458,131,False,False,True,False,False,False,0,0,0.0,15.96
5423,111,112,False,False,False,True,True,False,0,0,0.0,12.98
5424,371,234,False,True,False,False,True,True,1,3,12684.6,7.13
5425,452,219,False,False,True,False,False,False,0,0,0.0,11.75
5426,375,128,False,True,False,False,True,True,0,0,0.0,15.92
5427,1241,79,True,False,True,False,False,False,1,1,20148.2,7.93
5428,210,71,True,False,True,True,False,False,1,4,156919.2,10.55
5429,45,64,False,True,True,True,False,True,1,2,5738.0,9.94
5430,1291,83,True,False,True,False,True,False,1,4,3907.2,16.46
5431,1443,229,False,True,False,False,True,False,1,4,20761.2,1.0
5432,340,14,True,True,False,False,True,True,1,2,35621.2,1.93
5433,500,8,False,False,True,False,False,False,0,0,0.0,15.06
5434,755,162,True,True,True,False,False,False,1,2,58747.6,8.88
5435,789,68,False,False,False,True,True,True,1,1,35605.65,18.43
5436,1487,250,True,False,True,False,True,False,0,0,0.0,34.46
5437,607,226,False,False,False,False,False,False,0,0,0.0,8.66
5438,19,231,True,False,True,False,False,True,1,1,40767.6,1.0
5439,635,138,False,True,False,False,False,True,1,3,17071.8,1.0
5440,835,132,True,False,False,True,False,False,0,0,0.0,21.91
5441,776,128,False,False,False,True,True,False,1,1,35405.1,20.15
5442,769,59,True,True,False,True,False,True,1,1,30258.2,7.37
5443,1384,171,True,False,False,False,True,False,0,0,0.0,28.78
5444,1212,260,False,False,False,False,True,False,1,4,112744.0,21.6
5445,378,77,False,False,False,False,False,True,0,0,0.0,9.19
5446,533,18,False,False,False,False,False,True,0,0,0.0,14.94
5447,1002,170,False,False,True,False,False,True,0,0,0.0,20.51
5448,616,120,True,False,True,True,True,False,1,4,84337.2,16.45
5449,643,240,True,False,True,True,False,False,1,4,53385.2,5.42
5450,252,257,False,False,False,False,False,False,0,0,0.0,18.7
5451,382,286,True,False,True,False,True,True,1,2,76824.6,4.39
5452,1112,118,True,True,False,False,False,False,1,1,698.6,4.53
5453,1265,271,True,False,True,False,True,False,1,2,45993.0,1.25
5454,1178,36,False,True,True,False,True,True,1,3,17406.3,1.0
5455,462,112,False,False,True,False,True,False,1,1,27630.4,16.1
5456,205,80,False,False,True,True,True,False,1,3,16824.9,20.5
5457,240,277,True,True,True,False,True,True,1,2,40016.0,8.85
5458,591,181,False,False,False,False,False,False,0,0,0.0,9.82
5459,777,110,True,False,False,True,False,False,1,2,67418.2,10.58
5460,1340,46,False,True,False,True,False,False,0,0,0.0,15.57
5461,1349,235,False,False,False,True,True,True,1,4,157403.0,16.38
5462,5,197,True,False,True,True,False,True,1,2,4079.8,8.18
5463,1062,256,True,False,False,False,False,False,1,3,129578.85,14.6
5464,449,132,False,True,False,False,False,True,1,4,122343.2,4.49
5465,297,45,False,True,False,True,False,False,1,4,62631.2,7.29
5466,833,101,False,True,True,False,True,True,1,1,22608.0,10.92
5467,51,187,True,True,False,True,True,False,1,1,17569.5,16.72
5468,502,73,True,False,False,False,True,True,0,0,0.0,19.21
5469,829,22,True,False,True,False,True,True,1,1,12691.35,16.55
5470,409,247,True,False,False,False,False,False,0,0,0.0,18.2
5471,891,160,True,False,False,False,True,False,1,1,18468.0,5.33
5472,691,120,False,False,False,True,False,True,0,0,0.0,12.76
5473,1200,166,True,True,True,True,True,False,1,1,4148.9,5.95
5474,273,222,False,True,True,True,True,False,1,2,67345.5,3.19
5475,86,1,False,False,True,False,True,False,1,1,11067.6,7.27
5476,795,133,False,False,False,True,False,True,1,2,25600.6,20.09
5477,386,77,True,False,True,False,False,True,1,2,22162.0,10.99
5478,1061,28,True,False,True,False,False,True,1,4,125993.4,2.46
5479,140,11,True,True,True,False,False,False,1,3,56527.65,18.29
5480,863,133,True,False,True,True,True,False,1,2,25590.6,8.95
5481,1485,164,False,False,False,False,False,False,1,2,49444.0,13.15
5482,140,153,False,False,True,False,True,False,0,0,0.0,11.58
5483,453,235,False,True,True,True,False,False,1,4,157423.0,1.95
5484,1267,138,True,False,True,False,False,False,0,0,0.0,14.24
5485,801,177,False,False,True,False,False,False,1,3,95848.5,12.83
5486,263,245,True,False,True,False,True,True,1,2,66726.0,5.68
5487,320,198,True,False,True,False,False,True,1,1,30396.75,4.46
5488,1148,274,True,False,True,True,True,False,1,1,1633.6,7.22
5489,1292,67,True,True,False,False,False,False,0,0,0.0,14.5
5490,541,237,True,True,False,False,False,False,1,3,119311.65,9.31
5491,711,210,True,True,False,False,False,False,0,0,0.0,22.84
5492,1175,175,True,False,False,True,True,False,0,0,0.0,23.18
5493,266,2,True,False,True,False,True,True,1,2,27280.8,1.0
5494,310,163,True,False,True,False,True,False,1,2,94329.3,5.07
5495,1162,258,True,False,True,True,False,True,0,0,0.0,20.22
5496,280,194,True,True,True,False,False,False,1,1,16950.15,15.39
5497,1157,2,False,False,True,True,True,False,1,3,40921.2,14.43
5498,746,87,True,True,False,True,False,False,1,1,30164.65,4.08
5499,1486,171,True,False,True,True,True,False,1,2,58438.5,10.94
5500,50,244,True,True,True,False,False,False,1,2,37046.5,11.79
5501,1419,134,True,False,True,False,False,True,1,4,53376.2,6.53
5502,338,258,True,True,False,False,False,False,0,0,0.0,22.57
5503,53,239,True,False,True,False,False,False,1,1,6480.0,1.0
5504,1087,81,True,True,True,True,True,True,1,4,119248.0,14.96
5505,799,59,False,False,False,True,True,False,1,2,60506.4,21.52
5506,1257,271,True,False,True,False,False,False,1,2,46003.0,3.2
5507,163,177,False,False,False,True,True,False,0,0,0.0,19.2
5508,122,255,False,False,False,False,False,True,1,2,58851.1,24.24
5509,851,277,False,False,True,True,True,True,1,1,20008.0,17.47
5510,1324,128,False,True,False,False,True,True,1,1,35405.1,2.7
5511,609,14,False,False,True,False,True,False,0,0,0.0,23.42
5512,1197,273,False,True,False,False,True,False,1,2,42597.0,9.27
5513,1360,176,False,False,False,True,True,True,1,1,2732.8,23.14
5514,1305,37,True,True,True,False,True,False,1,2,79963.2,1.0
5515,764,159,True,True,True,False,False,False,1,2,53214.0,10.97
5516,1048,9,False,True,True,True,True,False,0,0,0.0,14.31
5517,789,87,True,True,True,False,True,True,1,2,60319.3,9.57
5518,1012,105,False,False,False,True,True,False,0,0,0.0,16.89
5519,851,137,False,False,False,True,False,False,1,2,41221.0,16.91
5520,788,170,False,False,False,False,True,False,0,0,0.0,11.31
5521,656,252,False,True,True,False,False,False,1,2,31030.0,11.66
5522,980,106,False,False,True,False,False,True,1,1,34715.2,22.54
5523,1127,221,False,False,True,False,True,False,0,0,0.0,14.81
5524,1379,283,False,False,False,False,False,False,0,0,0.0,13.38
5525,920,225,False,False,True,True,True,True,0,0,0.0,18.57
5526,151,77,False,False,False,True,False,True,1,1,11081.0,19.66
5527,882,204,True,True,True,False,True,True,1,1,28478.7,15.18
5528,474,85,True,False,False,False,False,True,1,2,30378.0,6.21
5529,41,144,True,False,False,False,True,True,1,1,34147.9,9.37
5530,109,191,True,False,False,True,True,False,1,3,70456.5,5.55
5531,887,88,False,False,True,False,True,True,1,1,20057.4,22.52
5532,1418,2,False,False,True,False,False,False,1,3,40936.2,26.53
5533,759,252,False,False,True,False,True,True,0,0,0.0,14.67
5534,668,219,True,False,True,False,False,False,1,1,19667.3,6.67
5535,133,37,False,True,True,False,False,False,1,3,119959.8,9.44
5536,1014,114,True,True,True,False,True,False,1,4,177980.4,13.87
5537,84,79,True,True,True,True,True,True,1,1,20143.2,7.99
5538,1262,294,True,True,False,False,False,True,1,2,30040.0,1.55
5539,1225,283,True,True,False,False,True,False,1,1,25939.45,1.0
5540,1487,208,False,True,False,False,False,False,0,0,0.0,18.17
5541,427,133,False,False,True,False,False,True,0,0,0.0,14.57
5542,243,16,False,False,False,False,True,False,0,0,0.0,7.6
5543,450,75,True,True,False,True,False,False,1,3,96480.6,12.17
5544,1200,28,False,False,False,True,True,True,1,3,94480.05,19.43
5545,329,237,True,True,False,True,True,False,1,4,159062.2,1.0
5546,1332,27,True,True,True,False,True,False,1,1,27514.85,4.15
5547,232,204,True,False,False,True,True,False,1,3,85436.1,2.68
5548,74,286,True,False,False,True,True,False,1,3,115236.9,3.27
5549,330,93,True,False,True,False,True,False,1,1,26268.8,9.14
5550,1132,206,False,True,True,True,True,True,1,1,26212.9,2.57
5551,904,264,False,False,True,False,False,False,0,0,0.0,11.89
5552,533,129,False,False,False,True,True,False,0,0,0.0,19.23
5553,985,135,True,False,True,False,True,True,1,1,36719.1,7.7
5554,973,61,True,False,False,False,True,False,1,1,17565.3,7.76
5555,833,129,True,True,True,True,True,True,1,2,82252.8,6.97
5556,772,263,True,False,True,True,True,False,1,1,23650.5,8.42
5557,153,200,True,False,False,True,True,False,1,1,18340.0,5.43
5558,390,61,False,True,False,True,True,False,0,0,0.0,28.15
5559,792,158,True,True,False,False,False,False,1,3,6487.8,4.12
5560,203,213,True,True,True,False,True,False,1,1,17562.0,3.26
5561,714,24,True,False,False,False,True,False,1,4,30628.8,13.76
5562,176,229,True,True,True,False,True,False,0,0,0.0,16.01
5563,1181,61,True,True,True,False,True,False,1,2,35130.6,2.98
5564,155,89,True,False,False,True,False,False,1,2,12161.8,9.03
5565,139,125,False,False,False,False,True,False,0,0,0.0,12.69
5566,957,152,True,False,True,False,True,False,1,1,22520.7,5.46
5567,331,275,False,False,False,True,False,False,0,0,0.0,9.42
5568,528,67,False,False,True,True,False,True,1,4,81044.0,22.33
5569,472,77,True,False,True,False,True,False,1,2,22152.0,4.89
5570,325,114,True,False,True,True,True,False,0,0,0.0,23.6
5571,1143,258,True,True,True,True,False,True,1,1,6260.9,2.07
5572,1038,290,True,True,False,False,False,True,1,1,39557.0,5.85
5573,359,137,False,False,False,True,False,False,0,0,0.0,24.88
5574,1031,208,True,True,True,False,True,False,1,4,3661.2,10.25
5575,1071,276,True,True,False,True,True,False,1,1,988.8,2.95
5576,809,254,False,False,False,False,True,False,1,1,7851.9,18.24
5577,868,205,True,True,False,False,False,False,1,1,29222.75,3.92
5578,1403,163,False,False,True,False,False,False,0,0,0.0,9.42
5579,681,296,False,True,False,True,True,False,1,1,18643.0,6.29
5580,579,72,False,False,True,False,True,False,0,0,0.0,10.96
5581,809,109,False,False,False,False,False,False,0,0,0.0,7.21
5582,1254,214,False,False,True,True,False,True,1,4,135548.4,26.3
5583,1065,7,True,False,True,False,False,False,1,2,1133.2,9.7
5584,113,151,False,False,True,False,True,True,1,1,12333.5,13.1
5585,689,257,True,False,True,True,True,False,1,4,4683.6,9.41
5586,1110,54,False,True,False,True,True,False,1,4,157616.4,9.28
5587,336,241,False,False,True,False,False,False,1,2,67465.7,14.51
5588,1483,124,False,True,True,False,False,False,0,0,0.0,15.02
5589,1213,259,True,True,True,False,False,True,1,1,760.4,7.96
5590,1270,191,False,True,False,False,False,True,1,2,46981.0,10.76
5591,123,48,False,True,True,True,False,False,0,0,0.0,22.28
5592,870,221,False,False,True,False,False,False,1,4,40516.4,25.83
5593,792,17,False,False,True,False,True,True,1,2,22314.0,20.99
5594,941,73,True,True,False,False,True,False,0,0,0.0,21.16
5595,1276,267,False,True,True,True,True,True,0,0,0.0,31.44
5596,530,263,True,True,True,False,False,False,1,2,47311.0,12.64
5597,801,14,False,False,True,False,True,True,1,1,17810.6,23.64
5598,1020,114,False,False,True,False,True,True,1,1,44495.1,16.63
5599,1130,29,True,False,False,False,True,False,0,0,0.0,22.11
5600,1156,82,False,False,False,False,False,False,0,0,0.0,20.46
5601,506,291,False,True,False,False,False,True,0,0,0.0,20.14
5602,1498,59,False,False,True,True,True,True,1,1,30253.2,19.92
5603,15,193,False,True,False,False,True,False,0,0,0.0,23.63
5604,739,242,True,False,True,True,True,False,0,0,0.0,12.82
5605,914,265,False,True,False,False,True,True,1,4,98968.8,8.15
5606,92,107,False,True,True,True,False,False,1,1,889.8,7.72
5607,677,210,False,False,False,False,True,False,0,0,0.0,11.73
5608,894,146,False,True,False,True,False,False,1,4,69992.0,8.3
5609,912,33,True,False,True,False,True,False,1,2,25115.2,13.63
5610,179,67,False,False,False,True,False,False,0,0,0.0,20.35
5611,417,225,False,False,True,False,True,False,1,2,27818.4,23.8
5612,368,206,True,False,False,False,False,True,1,2,52435.8,13.55
5613,960,157,False,True,True,True,True,False,1,4,133804.0,9.62
5614,494,235,True,True,False,False,False,True,1,2,78711.5,5.43
5615,858,208,False,False,True,False,True,False,0,0,0.0,17.68
5616,1097,102,False,True,True,True,True,False,1,3,31697.7,6.45
5617,1196,89,True,True,True,False,True,False,1,2,12151.8,3.11
5618,276,284,True,False,False,True,False,False,0,0,0.0,31.87
5619,1356,292,True,False,True,False,True,True,1,1,30331.2,9.96
5620,249,10,False,False,True,True,False,False,0,0,0.0,5.82
5621,33,238,False,False,False,False,True,True,0,0,0.0,17.02
5622,68,40,False,True,True,False,False,False,0,0,0.0,20.27
5623,302,259,False,True,False,False,False,False,0,0,0.0,22.33
5624,1310,177,False,False,True,False,False,False,1,4,127798.0,15.33
5625,312,207,False,False,True,False,False,True,1,2,41099.4,16.12
5626,1041,211,False,True,False,False,True,True,1,1,19169.6,1.0
5627,628,182,False,True,False,False,False,False,0,0,0.0,26.6
5628,60,76,False,False,True,False,False,True,0,0,0.0,14.97
5629,667,243,False,False,False,True,True,True,1,3,109026.0,19.81
5630,43,167,False,False,True,False,False,False,1,1,2508.8,21.8
5631,715,164,False,True,True,False,True,True,1,4,98868.0,9.23
5632,839,96,True,True,True,False,False,True,1,4,2788.0,13.2
5633,783,4,True,True,False,False,True,True,1,1,35340.0,7.33
5634,424,167,True,False,True,False,False,False,1,1,2508.8,16.48
5635,1150,104,False,True,True,True,True,False,0,0,0.0,25.12
5636,896,198,True,False,True,False,True,False,1,1,30391.75,12.12
5637,383,110,False,False,False,False,False,False,0,0,0.0,10.71
5638,652,292,False,False,False,True,True,False,1,4,121324.8,17.39
5639,163,205,False,True,True,False,True,False,1,2,58435.5,10.98
5640,1385,137,True,False,True,False,False,False,0,0,0.0,20.84
5641,1130,213,False,False,False,False,False,False,0,0,0.0,13.03
5642,432,195,False,True,False,False,False,True,1,1,17836.25,3.75
5643,1013,187,False,True,True,False,True,True,1,1,17569.5,4.9
5644,1019,174,False,False,True,True,True,True,1,4,47318.4,19.3
5645,915,280,False,True,False,True,True,True,0,0,0.0,22.34
5646,82,96,True,True,False,False,True,True,1,3,2076.0,13.09
5647,1318,130,True,False,True,False,True,False,0,0,0.0,27.39
5648,1434,76,True,False,True,False,True,True,1,2,56724.0,11.3
5649,1462,171,False,False,True,True,True,False,0,0,0.0,4.65
5650,1472,297,False,True,True,False,True,False,1,4,39612.8,8.23
5651,1394,183,True,False,False,True,False,False,1,2,91800.9,7.5
5652,1109,63,False,True,False,False,True,True,1,1,31227.3,9.17
5653,86,277,False,False,True,False,True,False,0,0,0.0,2.77
5654,698,238,True,False,True,False,True,False,1,1,23310.0,10.96
5655,368,133,True,False,False,False,True,True,1,2,25590.6,2.5
5656,330,44,False,True,False,False,True,True,1,2,77412.9,9.17
5657,1246,121,True,False,False,False,False,True,0,0,0.0,14.22
5658,1219,242,False,False,False,True,False,False,1,4,130024.0,20.77
5659,784,174,True,False,False,False,False,False,0,0,0.0,21.89
5660,1105,56,False,True,True,False,True,True,1,1,24082.5,12.26
5661,195,48,False,False,False,False,False,True,0,0,0.0,14.07
5662,333,291,False,True,False,False,True,False,1,2,54919.5,9.84
5663,1291,135,True,True,True,False,True,True,1,1,36719.1,7.29
5664,677,206,False,False,False,False,False,False,1,2,52435.8,21.1
5665,820,109,True,True,True,False,False,True,1,3,78182.25,13.46
5666,695,28,True,False,True,False,True,False,1,1,31493.35,9.17
5667,304,124,False,False,False,False,True,False,0,0,0.0,11.12
5668,1240,208,True,True,True,False,False,True,1,3,2760.9,8.7
5669,1138,101,False,True,False,True,False,True,1,1,22613.0,7.51
5670,1026,182,True,False,False,True,False,False,0,0,0.0,28.28
5671,530,132,False,False,False,True,True,True,1,2,61161.6,16.27
5672,965,102,False,False,True,False,False,True,1,1,10570.9,13.2
5673,1430,77,False,False,False,False,False,False,0,0,0.0,18.67
5674,975,79,False,True,False,False,False,True,1,3,60444.6,9.97
5675,742,77,False,True,False,True,False,True,1,1,11081.0,10.44
5676,406,216,False,True,True,True,False,False,1,2,59834.5,5.42
5677,785,102,True,False,False,False,True,False,1,1,10565.9,15.2
5678,558,223,False,False,False,True,True,False,1,1,6759.0,26.56
5679,917,94,True,False,False,True,True,True,1,1,15683.25,9.35
5680,69,99,False,False,True,False,True,True,0,0,0.0,16.45
5681,286,278,False,True,False,False,False,False,1,1,23917.0,4.77
5682,1181,263,True,True,False,False,True,False,1,2,47301.0,2.02
5683,572,121,False,True,False,False,False,False,1,4,99519.2,1.0
5684,650,81,False,True,True,False,False,False,0,0,0.0,21.51
5685,816,215,False,True,False,False,False,False,0,0,0.0,27.53
5686,658,21,False,True,False,False,True,True,1,1,14954.4,3.05
5687,1138,137,False,False,True,True,True,False,1,2,41211.0,22.88
5688,369,180,False,False,True,False,True,True,1,1,13726.2,25.5
5689,1138,203,False,False,True,False,True,False,1,3,7296.0,15.74
5690,315,33,True,True,False,True,True,False,1,1,12557.6,13.92
5691,556,1,False,False,True,True,False,True,1,1,11072.6,19.68
5692,882,83,False,True,True,False,True,True,1,1,976.8,6.91
5693,1329,36,True,False,True,False,False,False,0,0,0.0,12.22
5694,349,153,True,False,False,False,False,False,1,3,24016.2,1.0
5695,882,276,True,False,False,False,True,False,1,3,2966.4,1.63
5696,97,86,True,False,True,False,True,False,1,1,9426.6,9.57
5697,114,137,True,False,False,False,True,False,1,1,20605.5,7.74
5698,1152,65,True,False,True,False,False,False,0,0,0.0,18.28
5699,1079,14,True,False,True,True,True,False,0,0,0.0,18.72
5700,565,211,False,False,False,False,False,True,0,0,0.0,14.43
5701,935,77,True,False,True,True,True,True,1,1,11076.0,6.0
5702,571,165,False,True,False,False,False,True,0,0,0.0,28.13
5703,416,205,False,True,True,True,False,True,1,1,29222.75,12.12
5704,647,252,False,False,False,False,False,True,0,0,0.0,8.6
5705,468,56,False,False,False,False,False,False,0,0,0.0,17.01
5706,1223,175,True,False,True,False,False,False,0,0,0.0,24.24
5707,618,274,False,True,False,False,True,False,1,1,1633.6,12.22
5708,482,146,True,True,False,True,False,False,1,1,17498.0,13.67
5709,805,13,False,False,False,False,True,False,1,4,67408.2,35.04
5710,1138,79,False,True,False,False,False,True,1,1,20148.2,17.62
5711,411,239,True,False,True,False,True,False,1,1,6475.0,4.88
5712,1410,238,True,True,False,False,True,True,1,1,23310.0,3.65
5713,696,95,False,True,False,False,False,True,1,2,4348.0,5.87
5714,992,60,False,True,True,False,True,True,1,2,49849.8,14.9
5715,1436,88,True,True,True,True,True,False,1,4,80229.6,1.54
5716,648,73,False,False,False,False,False,False,1,3,5475.0,19.67
5717,300,223,True,False,False,True,True,False,1,4,27036.0,10.31
5718,1122,253,False,False,False,False,False,True,1,3,36987.6,31.31
5719,10,14,False,False,False,True,True,True,0,0,0.0,6.2
5720,687,223,False,True,True,True,False,True,1,1,6764.0,12.9
5721,1470,226,True,False,False,False,False,True,0,0,0.0,15.41
5722,622,184,True,True,False,True,True,True,1,1,21307.0,7.93
5723,1027,262,False,False,False,False,False,False,0,0,0.0,13.24
5724,788,12,False,False,False,False,False,False,0,0,0.0,16.79
5725,323,210,False,True,True,False,True,True,1,3,122433.15,12.59
5726,477,39,True,True,True,True,True,False,1,2,61476.8,15.12
5727,786,270,False,True,True,False,True,False,0,0,0.0,28.04
5728,157,150,True,False,True,False,True,False,1,2,46566.0,7.51
5729,623,28,False,False,True,False,False,False,0,0,0.0,20.67
5730,623,224,True,True,True,False,True,False,1,4,20556.8,7.45
5731,1253,225,False,False,False,True,False,True,1,1,13914.2,22.84
5732,186,140,False,False,False,False,False,False,0,0,0.0,16.14
5733,1265,94,False,True,True,False,True,True,1,1,15683.25,5.99
5734,616,6,True,True,False,False,True,True,0,0,0.0,25.57
5735,978,273,False,False,True,True,True,False,0,0,0.0,18.6
5736,836,56,True,False,False,True,True,False,1,4,96330.0,10.29
5737,450,253,True,False,False,False,False,True,1,4,49316.8,16.82
5738,1397,177,True,True,True,False,False,True,1,1,31949.5,10.81
5739,337,206,False,True,False,False,False,False,1,1,26217.9,7.7
5740,55,209,False,False,False,False,True,True,0,0,0.0,17.32
5741,1126,258,True,False,True,False,True,True,1,1,6255.9,6.48
5742,933,11,False,False,True,True,True,False,0,0,0.0,21.68
5743,1336,298,False,True,True,False,True,False,0,0,0.0,31.16
5744,687,13,True,True,True,False,True,True,1,2,33704.1,11.22
5745,26,300,False,False,False,False,True,False,0,0,0.0,19.39
5746,31,79,False,False,True,False,False,False,0,0,0.0,6.53
5747,650,254,True,False,False,False,False,True,1,3,23570.7,13.08
5748,375,26,True,False,False,False,False,True,0,0,0.0,21.79
5749,1384,139,True,True,False,True,True,False,1,1,26442.6,8.24
5750,178,163,True,True,True,False,True,False,1,3,141493.95,6.75
5751,1322,287,False,True,True,False,False,False,1,2,64790.5,2.83
5752,326,38,False,False,False,False,False,False,1,3,67076.25,20.15
5753,180,11,False,False,False,True,True,True,1,3,56512.65,23.05
5754,412,195,True,False,False,False,False,True,0,0,0.0,21.77
5755,217,15,True,False,False,True,True,False,1,1,4828.85,7.34
5756,602,234,True,False,False,False,False,True,1,1,4233.2,15.74
5757,496,12,True,False,False,True,False,False,1,1,20741.8,1.0
5758,794,292,False,False,False,False,False,True,0,0,0.0,18.25
5759,806,160,False,False,True,False,True,True,1,2,36936.0,18.5
5760,2,285,True,False,False,False,False,False,1,2,49872.0,11.54
5761,188,38,False,False,False,False,False,False,1,2,44717.5,20.13
5762,243,83,False,False,False,False,False,True,1,1,981.8,11.37
5763,293,137,False,False,True,False,False,True,1,4,82442.0,22.33
5764,141,9,False,True,True,False,False,False,0,0,0.0,18.81
5765,472,31,False,False,False,False,True,False,1,3,95159.25,26.32
5766,825,99,True,False,False,False,False,False,1,3,55339.8,13.51
5767,464,222,False,False,False,False,False,True,0,0,0.0,27.22
5768,494,213,True,True,False,False,False,False,1,1,17567.0,3.88
5769,705,27,False,True,False,False,False,True,0,0,0.0,22.17
5770,823,18,False,True,True,False,False,False,0,0,0.0,16.34
5771,497,197,False,True,True,True,True,False,1,3,6104.7,1.0
5772,333,108,False,True,False,False,True,False,1,1,23231.2,9.65
5773,615,238,False,False,False,True,False,False,0,0,0.0,15.04
5774,37,90,True,False,False,False,False,True,1,2,55430.0,6.6
5775,739,109,True,False,False,False,False,False,1,2,52121.5,6.16
5776,1413,66,True,False,False,False,False,False,1,3,8846.7,7.06
5777,597,80,True,True,False,False,True,True,1,2,11216.6,7.3
5778,163,212,False,True,True,True,False,True,1,2,55979.2,15.41
5779,1061,142,False,True,False,True,False,True,1,1,15464.6,6.63
5780,191,198,True,True,False,False,False,False,1,1,30396.75,5.39
5781,291,24,False,True,True,True,False,False,1,1,7662.2,3.4
5782,220,161,False,True,False,True,True,False,1,3,85600.8,3.21
5783,1326,138,True,False,True,False,True,True,1,4,22742.4,9.23
5784,1472,274,False,False,False,False,True,False,0,0,0.0,12.55
5785,855,128,True,True,False,True,True,True,1,1,35405.1,8.91
5786,927,31,True,True,False,False,False,True,1,1,31724.75,7.84
5787,969,210,False,True,True,True,True,False,1,1,40811.05,8.95
5788,916,45,False,False,True,True,True,False,0,0,0.0,20.08
5789,817,273,True,False,False,False,False,True,0,0,0.0,25.46
5790,1481,116,False,True,True,False,False,False,1,2,29858.0,4.31
5791,1100,236,False,False,True,True,True,False,1,1,31014.2,16.11
5792,133,197,False,False,True,True,False,False,1,2,4079.8,15.98
5793,588,140,True,True,True,False,False,False,1,3,57949.8,12.32
5794,1462,176,False,True,False,False,False,False,0,0,0.0,27.62
5795,606,55,False,False,True,False,False,True,0,0,0.0,14.72
5796,307,23,False,True,False,False,True,True,1,1,28178.1,11.33
5797,1303,230,True,False,True,True,True,False,1,1,9676.8,12.24
5798,935,288,True,True,False,False,False,False,1,4,135152.8,2.68
5799,844,259,False,False,False,False,True,False,1,1,755.4,21.74
5800,631,92,False,False,True,False,False,True,1,1,29585.85,21.23
5801,187,108,True,False,True,False,False,True,1,1,23236.2,10.05
5802,576,108,False,False,False,False,False,True,1,3,69708.6,17.98
5803,657,211,True,True,False,False,False,True,1,3,57523.8,7.8
5804,1397,188,True,False,False,False,True,False,0,0,0.0,18.25
5805,461,239,True,False,True,False,True,False,1,1,6475.0,9.67
5806,224,284,True,False,True,False,False,False,1,3,9029.55,10.84
5807,642,118,True,False,True,False,True,True,1,1,693.6,4.57
5808,1496,199,False,False,False,True,True,False,0,0,0.0,15.09
5809,724,151,False,False,True,False,True,True,1,2,24667.0,15.38
5810,569,287,False,True,True,True,True,True,1,2,64780.5,13.48
5811,1001,107,False,True,False,False,True,True,0,0,0.0,15.34
5812,974,57,False,True,False,False,False,True,0,0,0.0,23.84
5813,449,114,True,False,True,True,True,False,1,2,88990.2,10.51
5814,1452,186,False,False,True,False,False,False,0,0,0.0,12.38
5815,890,287,True,True,True,True,False,True,1,2,64790.5,10.08
5816,87,249,True,False,False,False,True,True,1,1,4938.75,8.52
5817,612,6,False,False,True,False,False,False,0,0,0.0,20.03
5818,1385,153,False,True,True,False,True,False,1,2,16000.8,14.3
5819,591,48,True,False,True,False,False,False,1,3,47083.2,1.0
5820,852,109,False,False,False,False,False,True,1,1,26060.75,19.46
5821,919,284,False,True,True,True,True,True,1,1,3004.85,10.71
5822,1057,296,True,True,True,False,True,False,1,1,18643.0,4.13
5823,1309,47,False,False,False,True,True,False,1,4,52932.0,25.4
5824,224,43,True,True,False,False,True,True,1,1,19321.2,6.87
5825,776,209,False,True,True,False,True,True,1,3,71239.5,13.57
5826,801,124,True,False,True,False,False,False,1,1,14800.2,14.17
5827,229,130,False,False,False,False,True,False,1,1,9748.8,18.36
5828,1011,263,False,False,False,True,True,True,1,4,94602.0,26.93
5829,178,277,False,True,False,False,False,False,0,0,0.0,27.05
5830,685,271,True,True,False,False,True,True,1,1,22996.5,3.4
5831,496,235,True,True,True,False,True,True,1,1,39350.75,12.13
5832,233,295,True,False,True,False,True,True,1,1,23308.0,6.67
5833,1234,216,True,False,False,False,False,False,0,0,0.0,27.37
5834,367,266,False,True,False,False,False,False,0,0,0.0,29.61
5835,383,163,False,True,False,True,False,False,0,0,0.0,11.82
5836,1282,16,True,False,True,False,False,False,0,0,0.0,18.04
5837,1317,245,True,False,True,False,False,True,1,2,66736.0,1.0
5838,52,279,False,True,True,False,True,False,1,2,30229.2,10.24
5839,417,94,False,False,False,False,True,False,1,1,15683.25,23.14
5840,1064,129,True,False,True,False,True,False,1,1,41126.4,8.08
5841,1168,172,False,False,True,False,True,False,0,0,0.0,6.66
5842,1500,196,False,False,False,False,True,False,0,0,0.0,15.62
5843,832,203,False,False,False,False,True,True,1,2,4864.0,19.32
5844,12,119,False,False,True,False,False,True,1,1,12886.05,16.76
5845,1311,257,True,False,False,True,True,False,1,2,2341.8,14.64
5846,242,245,True,False,False,False,True,True,1,2,66726.0,3.84
5847,182,283,False,False,False,False,False,False,0,0,0.0,11.09
5848,1012,173,False,True,False,False,True,True,1,2,88518.0,8.81
5849,906,24,True,True,True,False,True,False,1,3,22971.6,6.03
5850,90,254,True,True,False,True,False,False,1,3,23570.7,6.47
5851,254,24,False,False,False,False,False,True,1,4,30648.8,19.89
5852,885,59,True,True,True,False,True,True,1,1,30253.2,5.78
5853,384,86,False,False,True,False,True,True,1,1,9426.6,22.31
5854,1027,56,False,False,True,False,True,True,1,4,96330.0,22.57
5855,618,218,True,True,False,True,True,False,1,1,2659.65,1.0
5856,883,133,True,False,False,True,True,False,1,1,12795.3,10.2
5857,713,66,True,False,False,True,False,True,0,0,0.0,23.23
5858,548,2,True,False,False,False,False,False,0,0,0.0,19.69
5859,514,65,False,False,False,True,True,True,1,1,23356.2,15.48
5860,1046,208,False,False,True,False,True,True,0,0,0.0,17.91
5861,772,239,False,False,True,True,True,True,1,3,19425.0,20.99
5862,892,89,False,False,True,False,False,False,1,2,12161.8,19.86
5863,866,22,True,False,True,False,True,False,1,1,12691.35,14.58
5864,312,168,False,False,False,False,False,True,1,1,20043.35,13.32
5865,1370,235,False,False,True,False,True,False,1,3,118052.25,23.84
5866,845,22,True,False,True,False,True,False,1,2,25382.7,11.02
5867,1078,239,False,True,False,True,False,False,0,0,0.0,19.25
5868,1323,52,False,False,False,False,False,False,0,0,0.0,14.33
5869,1388,78,False,True,False,False,False,True,1,1,5630.6,4.64
5870,1001,187,False,True,True,False,False,True,1,2,35149.0,8.7
5871,1181,16,True,False,False,False,True,False,0,0,0.0,14.96
5872,708,92,True,False,True,False,False,False,1,3,88757.55,11.44
5873,1107,42,False,False,True,False,False,False,0,0,0.0,10.53
5874,483,65,False,True,False,False,False,False,0,0,0.0,24.97
5875,1068,233,True,True,False,True,True,True,1,2,57209.4,7.82
5876,129,69,False,True,False,False,False,False,1,3,52326.75,8.47
5877,1372,14,False,True,False,True,False,False,0,0,0.0,17.8
5878,367,65,True,True,False,False,False,False,0,0,0.0,25.48
5879,985,27,False,False,False,False,True,False,0,0,0.0,10.88
5880,17,187,False,False,False,False,True,False,0,0,0.0,20.43
5881,234,292,False,True,True,False,False,False,0,0,0.0,38.11
5882,1480,51,True,True,False,True,False,False,1,4,91104.0,8.24
5883,1251,219,True,False,True,False,True,False,0,0,0.0,15.13
5884,334,109,False,True,True,False,True,True,1,1,26055.75,5.83
5885,197,22,False,False,True,False,True,False,1,4,50765.4,13.42
5886,1223,207,False,True,False,True,False,True,1,1,20549.7,5.45
5887,1486,63,True,True,True,False,True,False,1,1,31227.3,18.99
5888,253,155,True,True,False,True,False,False,1,1,31137.8,1.58
5889,996,153,True,True,False,False,False,False,1,1,8005.4,6.8
5890,426,180,True,True,True,True,False,False,1,1,13731.2,12.48
5891,1117,41,False,True,False,False,True,False,0,0,0.0,24.04
5892,628,76,False,True,False,False,True,False,0,0,0.0,20.84
5893,189,222,False,False,False,False,False,False,0,0,0.0,21.57
5894,487,280,True,True,False,False,False,False,1,1,33787.0,6.92
5895,808,4,True,False,True,True,True,False,0,0,0.0,26.86
5896,1198,125,True,True,False,False,True,True,1,2,62084.8,8.24
5897,32,265,False,False,True,False,False,True,1,1,24747.2,18.33
5898,1437,87,False,False,True,False,True,False,1,2,60319.3,20.98
5899,975,135,True,True,False,True,True,False,1,1,36719.1,7.75
5900,1313,272,False,True,False,True,True,True,1,1,29832.75,4.74
5901,1396,291,False,False,True,True,True,False,1,2,54919.5,15.94
5902,231,197,False,True,True,False,True,False,1,3,6104.7,8.35
5903,141,209,True,False,True,False,True,True,1,1,23746.5,9.99
5904,1166,185,False,False,False,False,False,True,0,0,0.0,18.77
5905,282,86,True,True,False,False,True,False,1,1,9426.6,13.32
5906,222,267,True,False,False,True,True,False,1,1,37496.0,10.76
5907,703,11,False,False,True,False,False,False,0,0,0.0,13.25
5908,1371,18,False,True,False,False,True,False,1,1,35115.75,9.86
5909,1194,181,False,False,True,True,True,False,0,0,0.0,15.17
5910,777,252,True,False,False,False,False,True,0,0,0.0,26.35
5911,295,245,True,True,False,False,True,True,1,4,133452.0,5.95
5912,505,204,False,False,True,False,False,True,0,0,0.0,19.31
5913,1033,113,False,False,False,False,False,False,0,0,0.0,18.37
5914,236,108,False,False,False,True,True,False,0,0,0.0,17.68
5915,787,128,True,True,False,False,False,True,1,1,35410.1,15.33
5916,18,77,False,False,False,False,False,False,0,0,0.0,17.94
5917,488,126,False,False,False,False,True,True,1,4,115995.6,16.52
5918,372,32,False,True,False,True,True,True,1,4,126950.4,6.44
5919,1022,96,True,False,False,True,True,False,1,4,2768.0,9.35
5920,1372,283,False,True,False,False,True,True,1,2,51878.9,2.62
5921,220,213,False,True,True,True,False,True,1,2,35134.0,6.65
5922,1196,43,True,True,False,True,True,False,1,4,77284.8,1.0
5923,984,86,False,True,True,False,True,False,1,1,9426.6,14.65
5924,1455,78,True,True,False,False,True,False,1,4,22502.4,3.41
5925,1368,85,False,False,False,True,False,False,0,0,0.0,24.58
5926,152,208,False,False,True,False,False,True,1,1,920.3,14.92
5927,1115,269,False,True,True,True,False,True,1,2,4427.2,2.64
5928,889,214,False,True,False,False,False,True,1,2,67774.2,12.57
5929,170,147,True,False,True,False,True,False,1,3,110529.6,1.0
5930,386,49,False,False,True,False,True,False,1,1,21301.6,20.08
5931,1391,43,False,True,False,False,True,True,1,2,38642.4,9.84
5932,815,245,True,False,True,False,True,False,1,1,33363.0,8.02
5933,508,204,False,True,False,True,True,False,1,1,28478.7,7.53
5934,481,154,False,False,True,False,False,False,0,0,0.0,8.47
5935,1257,174,True,False,False,False,False,False,1,1,11834.6,12.19
5936,426,255,True,False,True,False,False,False,1,3,88276.65,9.11
5937,239,245,False,True,True,True,False,True,1,1,33368.0,11.42
5938,861,27,False,False,True,True,True,False,1,4,110059.4,15.29
5939,1489,119,False,True,False,False,True,False,1,1,12881.05,12.81
5940,275,13,True,True,True,False,False,False,1,2,33714.1,1.61
5941,383,116,True,False,False,True,False,False,1,2,29858.0,12.62
5942,704,192,True,False,False,True,True,False,1,1,15621.3,5.25
5943,300,63,False,True,True,False,False,True,1,1,31232.3,13.57
5944,977,46,True,True,False,True,False,False,1,2,54618.0,2.85
5945,381,148,False,False,False,True,False,True,0,0,0.0,12.7
5946,193,158,False,True,True,True,True,False,1,4,8630.4,7.3
5947,392,215,True,False,True,False,False,False,0,0,0.0,15.78
5948,1396,5,False,False,False,False,False,False,0,0,0.0,15.4
5949,1403,75,False,True,True,False,False,False,0,0,0.0,21.89
5950,759,234,True,True,False,True,True,False,1,1,4228.2,7.82
5951,601,205,True,False,False,False,False,False,0,0,0.0,21.75
5952,1230,270,True,True,False,False,False,False,1,3,8881.35,12.94
5953,292,245,True,True,True,False,True,True,1,1,33363.0,5.11
5954,981,252,True,True,True,False,False,True,1,4,62060.0,7.72
5955,1021,154,False,False,True,True,True,False,1,2,59452.4,26.9
5956,1066,288,False,False,False,False,False,False,0,0,0.0,8.82
5957,327,125,False,True,False,False,False,True,0,0,0.0,17.53
5958,1075,271,False,True,True,False,False,False,0,0,0.0,14.92
5959,918,118,False,True,True,True,False,False,1,4,2794.4,11.78
5960,1313,134,False,True,False,False,True,False,0,0,0.0,21.3
5961,262,206,False,False,True,True,False,True,1,3,78653.7,13.8
5962,921,120,False,True,True,False,False,True,1,1,21089.3,13.29
5963,1245,45,True,False,False,True,True,False,0,0,0.0,22.97
5964,418,269,False,False,False,False,False,False,1,4,8854.4,28.62
5965,1116,136,True,True,True,True,True,False,1,4,27122.4,1.03
5966,150,279,False,False,True,False,True,False,0,0,0.0,12.16
5967,1078,120,False,False,True,False,True,True,0,0,0.0,13.97
5968,910,292,False,False,True,False,False,False,0,0,0.0,14.92
5969,289,181,False,True,False,True,False,True,1,3,67704.0,13.0
5970,100,231,True,True,True,True,False,True,0,0,0.0,19.2
5971,1119,227,True,False,True,False,True,False,1,1,39295.8,4.84
5972,362,61,False,True,True,True,True,True,1,2,35130.6,4.02
5973,747,245,False,False,False,False,True,False,0,0,0.0,14.76
5974,92,284,True,False,False,False,True,True,1,1,3004.85,4.7
5975,1446,199,True,True,False,False,False,False,1,2,37186.0,2.64
5976,824,285,False,False,False,True,False,False,1,3,74808.0,21.52
5977,1398,254,True,False,False,False,False,False,1,3,23570.7,12.32
5978,241,200,False,True,True,True,False,True,1,4,73380.0,9.11
5979,309,144,True,False,True,True,True,True,1,1,34147.9,10.99
5980,916,258,True,False,True,True,False,True,1,1,6260.9,4.76
5981,907,56,False,True,False,False,False,False,1,3,72262.5,6.2
5982,1187,169,True,True,True,True,True,False,1,4,52900.0,16.83
5983,1393,245,False,False,True,True,False,False,0,0,0.0,16.39
5984,1233,284,False,False,False,False,True,False,1,1,3004.85,22.31
5985,211,81,False,False,True,False,False,False,0,0,0.0,16.65
5986,465,29,True,True,False,False,False,False,1,3,6405.3,11.16
5987,1371,101,False,False,False,False,True,True,1,2,45216.0,25.08
5988,824,260,True,False,True,False,False,True,1,2,56382.0,14.75
5989,1301,158,True,False,True,True,False,True,1,2,4325.2,8.85
5990,845,17,False,False,True,True,False,False,1,1,11162.0,22.77
5991,75,36,True,True,True,False,False,True,1,4,23228.4,10.9
5992,710,102,True,True,False,False,False,False,0,0,0.0,24.85
5993,1237,103,False,True,True,False,False,True,1,1,8065.4,6.88
5994,983,41,True,True,False,True,True,False,0,0,0.0,12.0
5995,200,149,True,False,False,False,False,False,1,1,12171.0,8.2
5996,316,144,False,False,True,False,False,True,1,3,102458.7,17.91
5997,1282,60,True,False,False,True,False,True,1,2,49859.8,4.56
5998,1469,70,False,False,False,False,True,False,1,2,60821.6,16.0
5999,1130,200,False,False,True,False,False,True,1,4,73380.0,21.7
6000,148,286,False,False,False,False,True,True,1,2,76824.6,18.81
6001,929,299,True,False,True,False,False,True,1,4,4852.8,8.37
6002,1244,168,True,False,False,False,True,True,1,3,60115.05,8.27
6003,961,12,False,False,False,True,True,True,1,1,20736.8,20.64
6004,892,270,True,False,False,True,False,True,1,2,5920.9,5.66
6005,702,286,False,False,False,False,True,False,1,4,153649.2,28.55
6006,368,84,True,True,False,True,False,True,1,2,47371.3,5.71
6007,422,121,False,False,True,True,True,False,1,3,74624.4,18.38
6008,1119,8,False,False,False,False,False,True,0,0,0.0,20.43
6009,105,241,True,True,False,False,True,False,0,0,0.0,27.34
6010,127,233,True,False,True,False,False,False,1,1,28609.7,3.72
6011,595,7,True,True,False,True,True,False,1,2,1123.2,4.06
6012,1162,211,False,False,True,True,False,False,1,1,19174.6,15.01
6013,986,124,True,True,True,False,True,True,1,2,29590.4,8.28
6014,885,164,False,True,False,False,False,False,0,0,0.0,19.81
6015,802,66,False,True,True,True,False,False,1,1,2948.9,5.12
6016,167,245,False,False,True,True,False,False,1,4,133472.0,21.65
6017,498,122,False,True,False,False,True,True,0,0,0.0,12.2
6018,120,253,False,False,False,False,True,True,1,3,36972.6,23.13
6019,1138,45,False,False,False,False,True,True,1,3,46958.4,13.79
6020,1127,177,False,False,True,True,False,False,1,1,31949.5,19.7
6021,388,94,True,False,False,False,False,True,1,1,15688.25,11.05
6022,440,290,True,False,True,True,True,True,0,0,0.0,28.23
6023,477,168,True,True,False,False,True,False,1,2,40076.7,7.65
6024,1334,216,True,False,True,False,False,False,1,1,29917.25,12.92
6025,733,26,False,False,True,False,False,False,0,0,0.0,11.1
6026,1144,204,False,True,False,False,True,False,0,0,0.0,19.97
6027,674,31,False,True,True,False,False,True,0,0,0.0,29.36
6028,1048,109,True,True,False,False,True,False,1,1,26055.75,4.36
6029,793,67,False,True,True,False,True,False,0,0,0.0,23.19
6030,418,1,True,True,True,False,False,True,1,3,33217.8,13.76
6031,1315,176,True,False,True,False,False,False,0,0,0.0,13.63
6032,1064,73,True,True,False,False,False,True,0,0,0.0,27.18
6033,1155,154,True,True,True,False,True,True,1,1,29726.2,6.17
6034,1423,230,False,True,False,True,True,False,1,4,38707.2,6.33
6035,374,54,False,False,True,False,True,False,0,0,0.0,14.0
6036,138,213,False,False,False,False,False,False,1,1,17567.0,22.2
6037,874,90,True,False,False,True,False,False,0,0,0.0,21.6
6038,490,100,False,True,False,False,True,False,1,4,20675.2,4.53
6039,654,174,True,True,False,False,True,True,1,1,11829.6,11.13
6040,353,188,False,False,True,False,True,False,1,2,41696.0,19.3
6041,598,197,False,True,True,False,False,False,0,0,0.0,27.18
6042,590,59,False,False,True,True,False,False,1,1,30258.2,25.07
6043,526,174,True,False,True,False,False,False,1,1,11834.6,9.37
6044,1114,80,False,False,False,False,True,False,1,1,5608.3,19.49
6045,889,84,False,False,True,False,False,False,0,0,0.0,20.38
6046,712,285,False,False,True,False,True,False,0,0,0.0,15.58
6047,170,31,True,True,True,False,False,False,0,0,0.0,23.77
6048,857,124,False,True,False,False,False,False,1,3,44400.6,7.18
6049,263,132,True,False,False,False,False,False,1,1,30585.8,6.91
6050,472,74,False,False,False,True,False,False,0,0,0.0,6.16
6051,623,236,False,False,True,True,True,False,1,1,31014.2,24.79
6052,212,147,False,False,True,False,False,True,0,0,0.0,11.8
6053,585,216,True,False,True,False,False,True,0,0,0.0,22.35
6054,401,117,True,True,True,False,True,False,1,1,6211.8,7.25
6055,1275,270,False,False,True,True,True,False,0,0,0.0,10.66
6056,1290,219,True,True,True,True,False,False,1,4,78669.2,12.1
6057,7,100,False,True,True,False,False,False,0,0,0.0,33.82
6058,904,289,False,True,True,False,False,False,0,0,0.0,15.4
6059,961,260,True,True,True,True,False,True,1,1,28191.0,8.84
6060,567,178,False,False,False,False,False,True,0,0,0.0,11.94
6061,704,5,False,True,True,True,False,False,1,2,11551.3,6.74
6062,1185,178,False,True,False,True,True,True,1,1,42135.0,8.89
6063,567,208,True,True,False,False,False,True,1,3,2760.9,13.13
6064,97,110,False,False,True,True,False,False,1,2,67418.2,25.99
6065,559,44,False,False,False,False,False,True,1,4,154845.8,24.04
6066,381,170,False,False,False,False,False,False,0,0,0.0,12.93
6067,575,241,False,False,True,False,True,True,1,3,101183.55,16.34
6068,346,96,False,False,False,True,True,False,1,1,692.0,21.35
6069,225,137,True,False,True,False,False,False,1,1,20610.5,4.18
6070,1479,1,False,True,False,False,False,False,1,1,11072.6,12.34
6071,194,212,False,False,True,False,False,True,0,0,0.0,15.08
6072,1060,260,True,True,False,True,False,False,1,3,84573.0,1.3
6073,1077,233,True,True,False,False,True,True,1,1,28604.7,9.54
6074,927,129,False,False,True,False,True,False,1,1,41126.4,18.1
6075,1368,14,False,False,True,False,True,False,0,0,0.0,19.85
6076,8,148,True,False,True,False,False,False,1,1,25948.4,7.67
6077,453,283,False,False,True,False,False,False,1,1,25944.45,18.56
6078,277,26,False,False,True,False,False,False,1,3,87571.8,20.34
6079,866,65,True,True,True,True,False,True,1,1,23361.2,16.04
6080,954,252,False,False,True,False,True,False,1,4,62040.0,16.92
6081,1347,171,False,True,True,False,True,True,1,2,58438.5,20.23
6082,570,52,True,True,False,False,False,False,1,1,20890.2,6.13
6083,354,8,True,False,False,False,True,False,1,2,42020.6,5.35
6084,1387,124,True,False,False,True,True,False,0,0,0.0,20.45
6085,1010,179,False,True,True,False,False,False,1,2,27671.5,14.16
6086,1148,253,False,True,False,True,True,True,1,1,12324.2,7.42
6087,668,266,True,False,False,False,True,True,1,2,20710.0,7.68
6088,672,138,False,True,True,True,True,False,0,0,0.0,22.97
6089,584,127,True,True,True,False,True,False,1,2,63364.1,9.31
6090,1125,280,True,False,False,True,True,False,1,1,33782.0,8.43
6091,316,234,False,False,False,True,True,False,0,0,0.0,16.27
6092,1464,63,True,True,False,True,False,True,1,2,62464.6,5.05
6093,264,205,False,False,False,True,True,True,1,3,87653.25,15.55
6094,692,215,True,False,True,False,True,False,1,1,13170.4,14.69
6095,472,71,False,True,False,False,False,True,1,2,78459.6,9.81
6096,964,294,False,False,True,True,True,False,0,0,0.0,15.4
6097,1022,90,True,False,False,False,True,True,1,4,110840.0,7.97
6098,1378,165,True,True,False,True,True,False,0,0,0.0,16.13
6099,1184,149,False,False,True,True,True,False,0,0,0.0,7.88
6100,374,208,True,True,True,True,True,False,1,4,3661.2,13.32
6101,310,271,False,False,True,True,False,False,0,0,0.0,10.41
6102,1330,118,False,False,True,False,True,False,1,2,1387.2,18.59
6103,732,116,False,True,True,False,True,True,1,2,29848.0,5.75
6104,147,226,False,False,True,True,False,False,0,0,0.0,10.27
6105,1238,286,True,False,True,False,False,False,1,2,76834.6,6.66
6106,973,273,False,True,False,False,False,True,1,1,21303.5,8.54
6107,39,226,False,True,True,False,False,False,1,4,27224.0,8.69
6108,1175,211,False,True,True,False,True,False,1,4,76678.4,3.11
6109,912,231,False,True,False,False,True,False,0,0,0.0,16.94
6110,922,281,False,True,True,False,True,True,1,1,43317.0,7.89
6111,1298,4,True,False,False,False,False,False,1,4,141380.0,5.06
6112,744,177,False,False,True,False,False,False,0,0,0.0,27.82
6113,692,11,False,False,True,False,False,False,0,0,0.0,21.68
6114,927,174,False,False,False,False,True,False,0,0,0.0,15.06
6115,297,119,True,True,False,False,False,False,0,0,0.0,26.62
6116,228,92,True,False,False,False,False,False,1,4,118343.4,9.52
6117,1266,268,False,False,True,False,False,False,0,0,0.0,5.49
6118,324,213,False,True,True,False,False,True,1,1,17567.0,6.93
6119,757,171,True,False,False,True,False,True,1,2,58448.5,3.99
6120,405,265,True,False,False,False,True,False,0,0,0.0,19.19
6121,346,30,True,False,True,True,False,False,1,1,28493.6,5.91
6122,897,194,False,False,False,True,True,False,1,1,16945.15,20.2
6123,1204,47,True,False,False,True,True,False,1,2,26466.0,8.35
6124,663,70,False,False,False,False,False,True,1,2,60831.6,18.13
6125,209,56,False,True,False,False,True,True,1,1,24082.5,3.67
6126,367,164,False,False,True,False,False,True,1,1,24722.0,26.41
6127,247,189,True,False,True,True,True,False,1,1,37409.6,1.0
6128,1325,227,True,False,False,True,False,False,1,2,78601.6,10.64
6129,480,133,False,False,False,False,False,False,1,1,12800.3,18.41
6130,561,282,False,False,True,False,True,False,1,2,46003.2,19.82
6131,107,113,False,False,False,True,True,False,1,3,78629.25,26.7
6132,670,47,False,True,True,True,False,False,1,1,13238.0,14.11
6133,1371,11,False,False,False,False,True,False,0,0,0.0,16.64
6134,615,39,False,False,False,False,True,False,0,0,0.0,7.79
6135,977,134,False,True,True,False,True,True,1,2,26678.1,13.77
6136,273,124,True,False,True,True,True,True,1,2,29590.4,4.31
6137,215,257,False,False,True,False,False,False,1,1,1175.9,19.12
6138,1098,38,True,True,True,True,False,True,1,1,22358.75,1.0
6139,99,79,False,False,False,True,False,True,0,0,0.0,24.94
6140,673,295,False,True,False,False,False,False,1,1,23313.0,9.41
6141,476,9,True,False,False,True,True,True,1,1,26551.7,7.23
6142,25,128,False,False,False,False,True,False,0,0,0.0,6.99
6143,797,60,False,False,True,True,False,True,1,1,24929.9,28.32
6144,1447,161,False,True,False,True,False,False,0,0,0.0,28.87
6145,104,293,False,False,True,True,True,False,1,1,34715.7,18.87
6146,1224,69,True,False,True,False,True,False,1,3,52311.75,5.87
6147,809,112,False,False,False,True,True,False,0,0,0.0,16.74
6148,1086,135,True,False,True,False,True,False,1,2,73438.2,12.71
6149,145,240,True,False,True,False,False,True,0,0,0.0,11.32
6150,1304,296,False,False,False,False,True,False,0,0,0.0,21.94
6151,18,29,True,False,True,False,False,False,1,2,4270.2,3.52
6152,1361,147,True,False,False,True,True,False,1,1,36843.2,10.28
6153,987,226,True,False,False,True,False,False,0,0,0.0,18.99
6154,507,3,True,False,True,False,False,True,1,4,66523.8,8.75
6155,11,242,True,False,False,False,False,False,0,0,0.0,27.59
6156,917,73,False,True,True,True,False,False,1,1,1825.0,16.95
6157,132,156,False,False,False,False,False,False,0,0,0.0,15.66
6158,914,294,False,False,False,False,False,True,0,0,0.0,12.78
6159,1160,191,True,False,True,False,True,False,1,4,93942.0,4.79
6160,401,297,True,True,True,True,False,False,0,0,0.0,18.74
6161,359,182,True,False,True,True,False,False,1,1,7718.05,5.73
6162,333,64,True,True,True,False,True,True,1,4,11456.0,7.4
6163,338,208,True,False,False,False,True,False,1,2,1830.6,12.13
6164,171,185,True,False,True,False,True,True,0,0,0.0,20.74
6165,375,94,True,False,False,False,True,True,1,1,15683.25,13.03
6166,989,24,True,True,True,True,True,True,1,1,7657.2,7.54
6167,454,195,False,False,True,True,False,True,0,0,0.0,11.71
6168,1172,174,False,False,True,False,False,False,0,0,0.0,17.18
6169,1229,233,True,False,False,False,True,False,1,3,85814.1,8.4
6170,1142,38,False,True,True,True,True,True,1,2,44707.5,8.89
6171,810,162,False,False,True,False,True,True,1,1,29368.8,25.22
6172,475,246,True,False,False,False,True,True,1,3,14185.65,5.39
6173,1395,268,False,True,True,False,False,True,1,1,20551.4,1.45
6174,308,282,False,False,False,False,True,False,1,1,23001.6,24.39
6175,697,64,False,False,True,False,False,True,0,0,0.0,15.09
6176,681,52,False,True,False,False,False,False,0,0,0.0,15.45
6177,1119,173,True,False,False,False,False,False,0,0,0.0,31.6
6178,821,139,False,True,True,True,False,False,1,2,52895.2,2.65
6179,1200,71,False,False,True,False,True,False,0,0,0.0,19.09
6180,1379,31,True,True,True,False,True,True,1,1,31719.75,5.41
6181,586,44,True,True,True,True,True,False,0,0,0.0,18.35
6182,1313,102,True,True,True,False,False,True,1,2,21141.8,3.76
6183,255,222,False,False,True,True,False,False,1,1,33677.75,18.56
6184,1375,20,False,True,False,False,True,False,0,0,0.0,33.67
6185,267,32,False,True,True,False,False,True,1,1,31742.6,12.42
6186,1276,80,False,False,True,False,False,True,0,0,0.0,13.44
6187,586,263,False,False,True,False,False,False,1,1,23655.5,21.19
6188,1447,298,False,False,False,True,False,False,0,0,0.0,15.29
6189,194,133,True,False,True,False,False,True,1,1,12800.3,7.02
6190,699,14,True,False,False,False,False,False,1,1,17815.6,1.0
6191,1353,4,False,False,True,False,False,False,0,0,0.0,12.17
6192,72,258,True,True,False,False,True,True,1,1,6255.9,7.8
6193,398,134,True,False,True,False,False,True,0,0,0.0,20.3
6194,126,24,False,True,True,False,True,False,1,1,7657.2,8.42
6195,482,251,False,False,False,True,True,True,1,3,24909.6,25.81
6196,586,159,True,True,False,True,True,False,1,4,106408.0,5.33
6197,929,105,False,False,False,True,False,False,0,0,0.0,10.69
6198,387,136,False,False,False,True,True,True,1,2,13561.2,20.66
6199,239,68,True,False,False,False,True,True,0,0,0.0,23.78
6200,255,280,False,False,True,True,False,True,1,2,67574.0,18.81
6201,1408,237,False,False,True,True,True,True,1,1,39765.55,15.63
6202,1430,60,True,False,False,False,True,True,1,4,99699.6,11.78
6203,333,221,True,False,False,False,False,True,1,2,20258.2,10.05
6204,294,54,True,False,False,True,True,False,1,1,39404.1,1.0
6205,82,136,True,False,False,False,False,False,0,0,0.0,21.71
6206,1440,225,True,True,True,True,False,False,1,2,27828.4,3.6
6207,1060,11,True,False,False,False,True,False,0,0,0.0,18.89
6208,1142,218,True,True,False,True,False,False,1,1,2664.65,12.46
6209,436,68,False,True,False,True,False,True,1,4,142442.6,12.02
6210,962,210,False,True,True,False,True,False,1,1,40811.05,3.11
6211,90,150,True,False,False,True,False,False,0,0,0.0,31.46
6212,1015,8,True,False,True,False,False,True,1,1,21015.3,2.93
6213,870,229,False,False,True,False,False,False,0,0,0.0,22.35
6214,498,78,True,False,False,False,False,True,1,1,5630.6,4.2
6215,1066,286,True,True,True,False,True,False,1,3,115236.9,13.25
6216,970,252,True,True,False,False,False,False,1,2,31030.0,8.58
6217,659,58,False,False,False,False,False,False,0,0,0.0,14.13
6218,281,181,False,False,False,False,True,True,1,1,22563.0,20.87
6219,36,109,True,True,False,False,False,False,1,4,104243.0,12.01
6220,1407,181,False,False,False,False,False,False,0,0,0.0,8.87
6221,423,168,False,False,False,False,True,False,1,3,60115.05,15.93
6222,453,89,False,False,True,False,False,False,0,0,0.0,17.65
6223,1022,196,False,False,False,True,True,True,1,1,25537.2,24.67
6224,383,79,True,False,False,False,False,False,0,0,0.0,25.26
6225,564,273,False,False,False,False,True,False,1,1,21298.5,22.56
6226,1067,284,False,True,False,True,False,False,0,0,0.0,20.84
6227,894,50,True,False,False,True,False,True,1,1,10855.4,6.34
6228,985,219,False,False,False,False,True,False,0,0,0.0,13.06
6229,8,279,True,False,False,False,False,False,0,0,0.0,13.57
6230,677,39,True,False,True,True,True,True,1,1,30738.4,12.42
6231,713,222,False,True,True,True,True,False,1,3,101018.25,6.92
6232,949,282,True,True,True,True,True,False,1,2,46003.2,8.56
6233,228,68,False,False,False,True,False,True,0,0,0.0,15.18
6234,240,175,True,True,True,False,False,False,0,0,0.0,15.91
6235,1144,240,True,False,True,True,True,False,1,1,13341.3,8.58
6236,1010,101,True,True,False,False,True,False,1,2,45216.0,5.3
6237,1217,72,False,False,True,False,True,False,0,0,0.0,14.26
6238,406,120,False,True,True,True,True,True,1,3,63252.9,6.76
6239,1497,101,False,False,False,False,False,True,0,0,0.0,8.48
6240,410,218,False,False,False,True,True,False,0,0,0.0,22.49
6241,977,112,True,False,True,False,False,False,0,0,0.0,21.78
6242,244,113,False,False,False,False,True,True,1,2,52419.5,15.85
6243,1378,284,True,False,False,True,False,True,1,3,9029.55,7.93
6244,499,174,True,False,False,False,True,True,1,2,23659.2,5.5
6245,1204,279,True,True,True,False,True,False,1,2,30229.2,11.61
6246,497,214,True,True,False,False,False,True,1,2,67774.2,5.02
6247,1187,266,True,False,False,False,True,False,1,1,10355.0,5.51
6248,682,59,False,False,False,True,False,True,1,3,90774.6,19.76
6249,94,282,False,False,True,False,False,False,0,0,0.0,23.29
6250,286,284,True,False,True,False,True,True,1,1,3004.85,3.46
6251,1026,13,True,True,False,False,False,True,1,1,16857.05,12.43
6252,290,107,False,False,False,False,False,False,1,2,1779.6,19.91
6253,413,124,True,False,False,False,False,False,1,2,29600.4,11.64
6254,813,126,False,False,True,False,True,False,1,2,57997.8,23.72
6255,380,234,False,True,False,True,False,False,0,0,0.0,27.66
6256,194,210,True,False,False,False,False,False,0,0,0.0,17.96
6257,937,64,True,False,True,False,True,False,0,0,0.0,23.8
6258,1034,183,False,False,False,False,False,True,1,1,45900.45,20.94
6259,1100,293,True,True,False,True,True,False,1,1,34715.7,10.33
6260,1416,133,True,False,True,False,True,False,1,2,25590.6,10.23
6261,187,279,True,False,True,False,False,False,0,0,0.0,22.32
6262,641,195,True,False,False,False,True,True,1,4,71325.0,5.23
6263,351,278,True,True,True,True,True,False,1,4,95648.0,13.67
6264,1352,271,False,True,True,True,False,False,1,3,69004.5,11.71
6265,810,6,False,False,True,True,True,False,0,0,0.0,2.43
6266,148,241,True,False,True,True,True,False,1,1,33727.85,4.08
6267,1039,57,False,False,True,False,False,False,0,0,0.0,5.65
6268,65,248,True,True,False,False,False,False,1,1,11479.4,11.38
6269,412,243,False,True,True,False,False,False,1,4,145388.0,8.96
6270,1083,78,False,True,False,False,True,False,1,2,11251.2,10.75
6271,760,20,True,False,False,False,True,True,1,1,12977.0,6.24
6272,1142,126,False,True,False,False,False,True,0,0,0.0,28.16
6273,857,91,False,False,False,True,False,True,1,1,6838.4,33.54
6274,1265,167,False,False,True,False,True,False,1,2,5007.6,20.05
6275,844,25,True,False,True,False,True,True,1,2,15532.9,9.4
6276,86,14,True,False,True,True,True,False,1,2,35621.2,1.0
6277,107,132,True,False,False,False,True,False,1,3,91742.4,7.08
6278,1166,231,False,False,False,False,True,False,1,2,81525.2,23.65
6279,58,95,False,True,True,False,True,True,1,4,8676.0,3.25
6280,565,98,False,False,False,False,True,True,1,1,17861.05,17.5
6281,25,50,False,True,False,True,False,False,1,3,32566.2,1.54
6282,456,85,True,True,False,True,True,True,0,0,0.0,15.7
6283,893,90,True,True,False,False,True,True,1,1,27710.0,8.79
6284,260,78,False,False,False,False,False,False,0,0,0.0,12.52
6285,700,104,False,False,True,False,False,False,0,0,0.0,12.87
6286,1495,86,False,False,True,True,False,True,1,1,9431.6,22.06
6287,106,205,True,True,False,False,True,True,1,3,87653.25,7.4
6288,96,102,True,False,False,True,True,False,1,3,31697.7,10.72
6289,407,227,False,True,False,True,True,True,1,4,157183.2,3.11
6290,1241,182,False,True,False,False,False,False,0,0,0.0,13.95
6291,609,193,True,False,False,True,True,True,1,2,31724.8,3.77
6292,960,176,False,False,False,False,True,True,1,2,5465.6,20.14
6293,51,277,True,True,True,True,False,False,0,0,0.0,16.06
6294,1103,77,False,True,True,True,False,True,1,4,44324.0,14.02
6295,102,295,True,True,True,True,False,False,1,1,23313.0,5.68
6296,1068,62,True,False,True,False,True,True,1,3,46672.5,9.46
6297,222,42,False,False,True,False,True,True,1,2,64646.4,16.99
6298,1288,248,False,False,False,False,False,False,0,0,0.0,8.19
6299,445,269,True,True,False,False,True,True,1,1,2208.6,13.39
6300,276,28,True,False,False,True,True,False,1,1,31493.35,13.83
6301,506,180,False,True,False,False,False,False,0,0,0.0,31.61
6302,2,154,True,False,True,False,True,False,1,2,59452.4,15.26
6303,248,67,False,False,True,False,False,True,0,0,0.0,16.79
6304,898,157,True,False,True,True,True,False,1,1,33451.0,12.5
6305,452,206,False,False,False,True,False,False,0,0,0.0,20.12
6306,531,173,True,True,False,True,True,False,1,2,88518.0,2.73
6307,1211,156,True,False,False,False,True,True,0,0,0.0,26.05
6308,186,266,True,True,False,True,False,True,1,3,31080.0,9.08
6309,594,68,True,True,False,True,True,False,1,1,35605.65,4.74
6310,280,188,True,False,False,False,False,False,0,0,0.0,15.17
6311,725,95,True,True,False,False,False,True,1,3,6522.0,13.54
6312,498,293,True,False,False,False,False,True,0,0,0.0,18.79
6313,70,76,True,False,False,True,True,True,1,1,28362.0,10.77
6314,106,262,True,False,True,False,False,False,1,2,48080.8,10.26
6315,1279,190,False,True,True,False,False,True,1,1,16908.8,2.33
6316,86,65,True,False,True,False,False,False,1,2,46722.4,4.37
6317,1175,228,False,True,False,False,False,True,0,0,0.0,21.47
6318,1375,73,True,False,True,False,False,False,0,0,0.0,26.2
6319,699,79,False,False,False,False,True,True,0,0,0.0,11.78
6320,469,104,True,False,True,False,True,False,1,2,4282.6,6.02
6321,1165,205,True,False,True,False,False,False,1,3,87668.25,6.5
6322,1474,118,False,True,False,True,True,False,1,1,693.6,13.76
6323,181,171,True,False,False,False,False,False,1,2,58448.5,15.58
6324,1447,166,True,True,True,True,True,False,1,2,8297.8,8.89
6325,1416,59,False,True,True,False,True,True,1,4,121012.8,15.21
6326,214,70,False,True,True,False,False,False,1,2,60831.6,6.24
6327,83,93,True,False,False,True,True,True,1,1,26268.8,5.41
6328,1073,67,False,False,False,False,False,True,1,2,40522.0,23.25
6329,117,276,False,True,False,False,False,True,1,4,3975.2,9.15
6330,902,115,True,False,True,False,False,True,1,1,20924.0,8.48
6331,98,122,False,False,True,True,True,True,1,1,3656.25,26.0
6332,1036,202,False,True,False,False,True,False,1,3,26645.4,10.1
6333,348,237,False,True,True,False,False,True,1,3,119311.65,15.92
6334,145,207,False,False,False,False,True,False,0,0,0.0,12.1
6335,100,166,True,False,False,False,False,True,0,0,0.0,24.09
6336,283,293,True,True,False,True,True,False,0,0,0.0,24.95
6337,812,270,False,False,True,True,True,True,1,2,5910.9,22.94
6338,115,61,False,False,True,False,False,False,0,0,0.0,13.83
6339,1204,49,True,False,False,False,True,True,1,1,21301.6,6.21
6340,907,118,True,True,True,False,True,True,1,4,2774.4,10.24
6341,446,251,True,True,True,False,True,False,1,1,8303.2,7.99
6342,1480,290,True,False,False,True,True,False,1,1,39552.0,5.84
6343,988,211,False,False,True,False,False,False,1,1,19174.6,20.48
6344,1008,208,True,False,False,True,True,False,1,1,915.3,15.55
6345,261,71,True,True,True,True,True,False,1,1,39224.8,6.7
6346,1067,178,False,True,False,False,False,True,1,1,42140.0,6.6
6347,839,56,True,False,False,False,False,False,0,0,0.0,20.16
6348,1477,162,False,True,True,False,False,False,1,3,88121.4,6.34
6349,717,59,False,True,False,False,True,True,0,0,0.0,18.11
6350,1018,23,True,False,False,False,False,True,1,3,84549.3,8.78
6351,512,291,False,False,False,False,False,False,0,0,0.0,26.25
6352,61,269,False,False,False,False,True,False,0,0,0.0,22.64
6353,192,206,True,True,True,False,True,False,1,1,26212.9,6.0
6354,1301,188,False,False,True,False,True,False,1,3,62544.0,22.54
6355,1108,72,False,True,True,False,True,True,1,4,20957.0,7.6
6356,548,172,False,True,False,False,False,True,1,1,30838.6,8.22
6357,1047,225,True,True,False,True,False,False,1,1,13914.2,10.73
6358,7,162,False,False,True,False,False,True,1,4,117495.2,19.2
6359,56,85,True,False,False,True,True,False,1,3,45552.0,10.75
6360,761,118,True,False,True,False,False,True,1,1,698.6,5.13
6361,938,253,False,True,False,False,False,False,1,2,24658.4,1.0
6362,1406,77,False,False,False,False,False,False,0,0,0.0,17.45
6363,1140,289,True,False,True,False,False,True,1,1,26767.0,8.83
6364,386,227,False,False,False,False,True,True,0,0,0.0,6.55
6365,1223,268,False,True,False,False,False,True,0,0,0.0,15.54
6366,738,153,False,False,True,True,False,False,0,0,0.0,16.91
6367,1240,68,True,False,True,False,False,False,1,2,71221.3,5.47
6368,261,11,False,False,False,False,True,False,1,1,18837.55,18.45
6369,40,161,False,True,True,False,False,True,1,1,28538.6,11.06
6370,87,120,True,True,True,False,True,True,1,1,21084.3,5.71
6371,1487,35,False,False,True,False,True,True,1,3,65003.4,20.15
6372,121,279,False,False,True,False,True,False,1,1,15114.6,20.79
6373,1410,292,True,False,True,False,True,False,0,0,0.0,32.1
6374,1091,113,True,False,False,True,True,False,1,2,52419.5,11.42
6375,220,201,False,True,True,True,True,False,1,1,29016.45,10.84
6376,1297,124,False,False,False,False,False,True,0,0,0.0,20.07
6377,217,150,True,True,True,False,True,True,1,1,23283.0,6.61
6378,215,188,False,False,True,False,True,False,1,3,62544.0,23.1
6379,864,125,False,True,False,True,True,False,0,0,0.0,28.51
6380,433,241,True,False,True,False,False,True,1,2,67465.7,5.7
6381,437,57,False,False,False,True,False,False,0,0,0.0,18.32
6382,293,201,False,False,True,False,False,False,1,2,58042.9,18.86
6383,912,295,True,False,False,False,True,False,1,1,23308.0,8.25
6384,41,256,False,False,True,False,True,False,1,4,172751.8,26.55
6385,368,14,False,False,False,True,True,False,0,0,0.0,11.13
6386,831,35,True,False,False,False,True,True,1,2,43335.6,6.5
6387,730,189,False,False,True,True,False,False,1,1,37414.6,23.2
6388,1050,278,False,True,False,False,True,False,0,0,0.0,21.6
6389,325,254,True,True,False,True,False,False,0,0,0.0,20.06
6390,972,272,False,False,True,True,True,True,1,4,119331.0,18.64
6391,1140,45,True,False,False,False,False,False,0,0,0.0,21.03
6392,583,156,True,False,False,False,False,False,1,3,15015.75,4.39
6393,386,218,False,False,False,True,False,True,0,0,0.0,7.23
6394,833,188,False,True,False,True,True,False,1,1,20848.0,11.71
6395,869,234,False,False,True,True,True,True,1,4,16912.8,16.35
6396,142,64,True,False,True,True,True,True,1,3,8592.0,7.66
6397,848,138,True,False,True,False,True,False,1,3,17056.8,11.3
6398,232,135,False,False,True,False,True,True,1,3,110157.3,23.93
6399,854,282,False,False,False,True,False,False,1,3,69019.8,17.96
6400,1398,61,True,True,False,False,True,True,1,2,35130.6,14.16
6401,806,98,False,False,False,True,False,False,0,0,0.0,9.43
6402,1143,7,True,False,True,True,False,False,1,1,566.6,9.52
6403,465,46,True,True,True,True,True,True,1,3,81912.0,6.29
6404,1385,295,False,False,True,False,False,True,0,0,0.0,23.27
6405,1220,255,False,True,True,False,True,False,1,4,117682.2,1.0
6406,1376,78,True,False,True,True,False,True,1,1,5630.6,6.43
6407,1113,211,False,True,False,False,True,False,1,2,38339.2,3.72
6408,975,178,False,False,True,True,True,False,1,2,84270.0,21.41
6409,788,272,False,True,False,True,False,False,1,1,29837.75,10.22
6410,1393,91,False,False,True,False,True,True,1,4,27333.6,18.45
6411,1273,299,True,True,True,False,False,True,1,4,4852.8,17.31
6412,626,112,True,True,False,True,False,False,1,4,110541.6,3.8
6413,129,216,False,False,True,False,False,True,1,2,59834.5,21.57
6414,6,120,True,False,True,True,False,False,1,3,63267.9,2.49
6415,351,202,False,False,True,False,False,True,0,0,0.0,3.34
6416,94,101,True,True,True,False,True,True,1,2,45216.0,12.68
6417,318,253,True,True,True,True,True,False,1,4,49296.8,1.1
6418,165,192,True,False,True,True,True,False,1,3,46863.9,9.15
6419,1472,87,False,True,False,True,True,True,1,2,60319.3,13.92
6420,144,289,False,False,True,False,True,True,1,2,53524.0,16.88
6421,941,213,False,True,False,False,True,True,1,2,35124.0,14.77
6422,528,129,True,True,True,False,False,True,1,1,41131.4,2.94
6423,262,41,False,False,False,True,False,False,1,4,166433.4,25.63
6424,1052,292,True,True,True,False,False,False,1,1,30336.2,10.57
6425,1456,227,True,False,True,False,False,False,1,1,39300.8,13.08
6426,1186,201,True,True,True,False,False,False,1,1,29021.45,8.95
6427,1463,250,True,True,False,False,False,True,1,1,39031.7,10.0
6428,886,183,True,False,False,False,True,False,0,0,0.0,27.01
6429,1011,70,False,True,False,False,True,False,1,1,30410.8,6.13
6430,220,72,True,False,False,True,False,False,1,2,10488.5,4.1
6431,1279,24,False,True,False,False,False,True,0,0,0.0,20.09
6432,1122,19,False,False,True,False,False,False,0,0,0.0,24.39
6433,382,219,False,True,True,False,False,True,1,4,78669.2,10.58
6434,533,256,True,False,False,False,True,False,1,4,172751.8,3.19
6435,917,50,True,True,True,False,True,False,1,3,32551.2,4.55
6436,20,173,False,False,False,False,False,False,0,0,0.0,16.37
6437,1227,38,False,True,False,False,False,False,0,0,0.0,18.57
6438,421,125,True,True,False,False,False,True,1,1,31047.4,1.0
6439,113,238,True,False,True,False,True,False,1,2,46620.0,1.0
6440,496,244,False,False,False,False,False,False,1,1,18523.25,17.41
6441,1254,285,True,False,False,False,True,True,1,1,24931.0,13.82
6442,412,94,False,False,False,False,True,True,0,0,0.0,15.7
6443,809,285,False,False,False,False,False,False,0,0,0.0,18.27
6444,1218,236,False,False,False,True,True,True,0,0,0.0,17.38
6445,51,102,False,False,True,False,True,True,0,0,0.0,9.01
6446,1140,99,True,False,True,False,False,True,1,1,18446.6,5.96
6447,434,33,False,True,True,True,True,True,1,2,25115.2,9.41
6448,1044,277,False,True,True,False,True,False,1,1,20008.0,10.31
6449,283,61,True,True,False,True,True,True,1,4,70261.2,14.33
6450,209,81,False,False,False,True,False,False,1,2,59634.0,20.84
6451,1183,124,False,False,True,False,False,False,0,0,0.0,20.91
6452,1212,42,False,True,True,False,True,False,1,2,64646.4,8.33
6453,1472,242,True,False,True,False,False,False,1,1,32506.0,4.74
6454,1016,210,True,False,False,False,False,False,0,0,0.0,16.31
6455,699,47,False,True,False,False,False,False,1,1,13238.0,7.84
6456,293,49,True,False,True,True,False,True,1,3,63919.8,9.91
6457,443,7,False,False,True,False,True,True,1,1,561.6,19.8
6458,973,285,False,False,True,True,False,False,0,0,0.0,12.83
6459,520,131,False,True,True,False,True,False,1,1,6162.1,6.01
6460,726,197,True,False,True,False,True,True,1,4,8139.6,7.46
6461,253,45,False,True,True,False,True,True,1,1,15652.8,13.06
6462,660,70,False,False,True,True,True,False,1,2,60821.6,27.46
6463,357,163,False,True,True,True,False,True,0,0,0.0,24.71
6464,169,63,True,False,True,False,False,False,1,3,93696.9,12.67
6465,198,184,False,False,True,False,True,True,1,2,42614.0,20.21
6466,778,278,False,True,True,True,False,True,1,2,47834.0,5.09
6467,550,92,True,False,False,False,True,False,1,3,88742.55,2.1
6468,150,183,True,False,False,False,False,True,1,1,45900.45,12.39
6469,772,275,False,False,True,False,True,False,1,1,14787.75,27.27
6470,247,269,True,False,False,False,True,True,0,0,0.0,18.43
6471,24,3,True,False,True,False,True,False,0,0,0.0,22.35
6472,199,34,False,False,False,False,False,True,1,1,22843.9,22.34
6473,673,296,False,True,False,False,True,True,1,1,18643.0,15.66
6474,1432,278,False,False,False,False,False,False,0,0,0.0,12.0
6475,363,97,True,True,True,True,False,True,1,2,59988.4,11.65
6476,428,157,True,False,True,False,False,False,1,1,33456.0,5.12
6477,364,172,True,False,True,False,False,True,1,2,61677.2,14.49
6478,533,201,True,False,False,False,True,False,1,3,87049.35,9.57
6479,1076,226,True,True,True,False,True,False,1,2,13602.0,4.76
6480,484,112,True,False,True,False,False,False,1,1,27635.4,1.0
6481,987,267,True,False,False,False,False,False,0,0,0.0,24.26
6482,1348,18,False,False,True,False,True,True,1,3,105347.25,24.37
6483,1420,10,False,True,True,False,True,True,0,0,0.0,30.77
6484,845,288,True,True,True,True,True,True,1,2,67566.4,13.47
6485,1070,54,True,False,False,True,True,True,1,1,39404.1,8.73
6486,1379,299,False,True,True,False,True,False,1,2,2416.4,10.32
6487,1181,86,False,True,True,False,False,False,1,2,18863.2,6.05
6488,450,110,False,True,False,False,True,True,1,2,67408.2,9.53
6489,199,9,True,True,True,True,False,False,1,1,26556.7,3.15
6490,173,284,False,False,True,False,False,True,1,4,12039.4,20.65
6491,1324,108,False,True,True,False,False,True,1,3,69708.6,12.44
6492,835,51,False,True,True,False,True,True,1,2,45542.0,6.4
6493,445,146,True,False,True,False,True,True,1,3,52479.0,2.01
6494,519,47,True,False,False,False,False,True,1,2,26476.0,5.14
6495,423,237,False,False,True,False,False,False,0,0,0.0,9.7
6496,1203,22,True,True,True,True,False,True,1,3,38089.05,10.67
6497,919,150,False,True,False,False,False,True,1,1,23288.0,5.08
6498,1320,118,True,True,True,True,True,True,1,1,693.6,14.1
6499,453,12,True,False,True,False,True,False,1,2,41473.6,13.38
6500,709,16,False,False,True,True,False,False,0,0,0.0,8.56
6501,183,156,False,False,False,True,True,False,0,0,0.0,17.74
6502,1458,119,False,True,False,True,False,False,0,0,0.0,24.91
6503,768,39,True,False,False,False,True,False,1,1,30738.4,10.02
6504,830,42,False,False,False,False,True,False,0,0,0.0,12.56
6505,621,242,True,False,True,True,True,False,1,3,97503.0,21.83
6506,407,220,False,False,True,True,True,False,1,1,26842.2,18.93
6507,1423,183,False,False,True,False,True,True,1,1,45895.45,15.67
6508,734,251,False,True,True,False,True,False,1,3,24909.6,3.13
6509,1013,21,False,True,False,True,True,False,0,0,0.0,19.3
6510,56,207,False,False,False,True,True,True,1,1,20544.7,20.96
6511,414,226,True,False,True,True,True,False,1,2,13602.0,5.65
6512,1207,61,False,True,False,False,False,False,1,4,70281.2,10.43
6513,132,161,True,False,False,True,True,True,1,3,85600.8,6.33
6514,153,231,False,False,False,False,False,False,0,0,0.0,19.96
6515,1215,182,False,False,False,True,False,True,1,1,7718.05,20.98
6516,464,75,False,False,True,False,False,False,0,0,0.0,14.58
6517,411,200,True,True,True,True,True,False,1,3,55020.0,10.37
6518,848,228,True,False,False,False,False,True,0,0,0.0,14.57
6519,293,3,True,False,False,False,True,False,1,3,49877.85,7.24
6520,65,171,False,True,True,True,False,False,1,2,58448.5,8.98
6521,7,152,False,False,False,False,False,True,0,0,0.0,20.6
6522,119,111,False,True,False,True,False,True,1,2,33190.6,4.37
6523,238,14,False,False,True,True,False,False,0,0,0.0,16.26
6524,1045,26,False,False,True,True,False,False,0,0,0.0,28.31
6525,447,226,False,True,False,True,False,True,1,2,13612.0,3.88
6526,108,249,False,False,True,True,False,True,1,2,9887.5,18.95
6527,22,126,True,True,True,True,True,False,1,4,115995.6,12.73
6528,716,282,True,False,False,True,False,False,1,1,23006.6,6.87
6529,1261,279,False,False,True,False,True,True,0,0,0.0,7.83
6530,509,200,False,True,True,True,False,True,1,1,18345.0,1.0
6531,96,175,False,False,True,True,True,False,1,4,21607.2,21.14
6532,343,290,True,False,False,False,True,False,0,0,0.0,25.59
6533,750,183,False,True,False,False,True,True,1,1,45895.45,11.96
6534,284,281,False,True,True,True,True,False,0,0,0.0,19.8
6535,1468,294,False,True,False,False,True,False,1,3,45045.0,1.76
6536,1146,59,False,False,True,True,False,True,0,0,0.0,11.82
6537,517,199,False,True,False,False,False,False,0,0,0.0,19.39
6538,1428,220,True,False,True,True,False,False,1,2,53694.4,10.32
6539,488,247,False,False,True,False,True,True,1,1,28274.4,16.5
6540,211,105,True,True,False,False,False,False,1,1,7017.8,7.67
6541,1408,259,False,False,False,True,True,True,0,0,0.0,18.09
6542,1440,147,True,True,False,False,False,True,1,3,110544.6,4.54
6543,469,117,False,False,False,False,True,False,1,4,24847.2,21.48
6544,893,48,False,True,True,False,False,True,1,2,31388.8,7.27
6545,260,97,True,True,False,True,False,False,0,0,0.0,25.36
6546,963,293,False,False,True,True,True,False,1,1,34715.7,20.67
6547,1036,215,True,True,False,True,True,False,1,1,13170.4,8.78
6548,1065,218,False,False,True,False,True,True,0,0,0.0,16.64
6549,854,269,True,False,True,True,False,True,1,1,2213.6,6.2
6550,1057,81,False,True,False,False,True,False,1,1,29812.0,9.7
6551,833,199,False,True,False,True,False,True,1,4,74372.0,11.31
6552,1230,112,True,False,False,False,True,False,0,0,0.0,27.83
6553,270,255,True,True,False,False,True,False,1,1,29420.55,7.69
6554,726,127,True,False,False,False,False,False,0,0,0.0,29.12
6555,625,257,False,False,False,False,False,False,0,0,0.0,7.56
6556,801,225,False,False,False,True,False,False,1,2,27828.4,11.11
6557,214,232,True,False,True,False,False,False,1,1,34034.75,7.6
6558,486,278,False,True,True,False,False,False,0,0,0.0,23.93
6559,1432,238,False,False,True,False,True,True,0,0,0.0,16.19
6560,158,97,True,False,True,False,False,False,1,4,119976.8,8.11
6561,953,157,False,True,True,False,True,True,1,1,33451.0,11.56
6562,997,142,False,True,False,False,False,False,0,0,0.0,25.78
6563,712,20,True,True,False,True,False,True,1,4,51928.0,11.67
6564,51,178,False,False,False,False,False,True,1,2,84280.0,22.33
6565,52,132,True,False,False,False,False,False,0,0,0.0,28.11
6566,414,119,False,True,True,False,False,True,0,0,0.0,25.66
6567,154,33,True,False,False,True,False,True,1,4,50250.4,3.8
6568,142,152,False,True,True,False,False,True,0,0,0.0,26.95
6569,241,174,False,True,True,False,False,False,0,0,0.0,14.61
6570,287,32,False,False,True,False,False,False,0,0,0.0,18.08
6571,1258,191,False,False,True,False,True,False,0,0,0.0,16.95
6572,959,51,True,True,True,True,True,False,1,3,68313.0,4.6
6573,46,44,True,False,True,False,False,False,1,1,38711.45,16.88
6574,943,121,False,False,False,False,True,False,1,1,24874.8,21.57
6575,206,117,False,True,True,True,False,False,1,3,18650.4,11.77
6576,632,275,False,False,True,False,False,False,0,0,0.0,12.68
6577,58,21,True,False,False,False,False,False,1,4,59837.6,8.06
6578,136,105,False,True,False,True,False,False,1,1,7017.8,4.28
6579,199,221,False,True,False,False,True,True,1,1,10124.1,4.22
6580,651,75,False,False,False,False,False,False,0,0,0.0,18.73
6581,695,295,True,True,False,False,True,True,1,1,23308.0,1.0
6582,530,223,False,False,False,True,True,True,1,1,6759.0,19.2
6583,931,284,False,True,True,False,False,False,0,0,0.0,23.82
6584,1081,285,True,False,True,False,False,False,0,0,0.0,19.17
6585,1094,33,False,False,False,True,True,True,1,2,25115.2,16.09
6586,869,138,False,False,True,True,True,False,1,2,11371.2,14.83
6587,819,224,False,True,False,False,False,False,0,0,0.0,24.3
6588,738,3,False,False,False,False,False,True,0,0,0.0,19.1
6589,357,136,False,True,True,False,False,False,0,0,0.0,20.95
6590,731,207,True,True,False,False,False,False,0,0,0.0,27.49
6591,16,238,False,False,False,False,True,False,0,0,0.0,16.25
6592,1450,125,False,True,False,False,True,False,0,0,0.0,28.61
6593,556,259,True,False,True,False,True,False,1,1,755.4,10.59
6594,1135,203,True,False,True,False,True,True,1,1,2432.0,18.02
6595,1436,14,False,False,True,False,False,True,1,4,71262.4,18.7
6596,746,84,True,True,False,True,True,True,1,1,23680.65,9.93
6597,1293,282,False,False,False,False,False,False,1,3,69019.8,27.36
6598,719,1,False,False,True,False,True,False,0,0,0.0,16.01
6599,199,33,True,False,False,True,True,True,1,3,37672.8,13.59
6600,40,104,False,True,False,False,False,True,1,2,4292.6,10.67
6601,204,299,False,True,False,False,True,False,1,4,4832.8,12.17
6602,1414,212,False,False,False,True,True,False,0,0,0.0,15.82
6603,713,45,False,True,True,True,False,False,1,1,15657.8,1.0
6604,479,118,False,True,True,True,True,False,0,0,0.0,26.35
6605,670,282,True,True,True,True,True,False,1,2,46003.2,5.96
6606,384,66,False,False,False,False,True,True,0,0,0.0,15.6
6607,1306,173,False,False,False,False,False,False,0,0,0.0,24.86
6608,1500,140,True,True,False,True,True,True,0,0,0.0,29.22
6609,128,229,False,False,True,False,True,False,1,1,5190.3,20.75
6610,1079,226,False,False,False,True,False,False,0,0,0.0,9.16
6611,504,250,False,False,True,True,False,False,0,0,0.0,6.38
6612,72,36,False,False,True,False,False,True,1,1,5807.1,20.51
6613,1384,137,True,False,False,False,False,False,0,0,0.0,19.76
6614,93,208,False,False,True,False,True,False,0,0,0.0,19.24
6615,309,126,True,False,True,False,True,False,1,1,28998.9,9.3
6616,39,201,False,True,True,False,True,True,1,1,29016.45,10.72
6617,707,191,False,True,False,True,True,False,0,0,0.0,23.09
6618,900,112,False,False,True,False,False,False,0,0,0.0,12.35
6619,482,31,False,False,True,False,True,False,0,0,0.0,12.37
6620,108,292,False,False,True,False,True,True,1,1,30331.2,16.87
6621,175,248,False,False,True,False,False,True,0,0,0.0,13.31
6622,1401,269,True,False,True,False,True,True,1,1,2208.6,7.78
6623,1209,90,True,False,False,False,True,False,1,2,55420.0,4.13
6624,1406,95,True,False,False,True,True,True,0,0,0.0,11.86
6625,797,98,True,True,True,False,True,False,1,2,35722.1,3.37
6626,820,10,True,False,True,True,False,False,0,0,0.0,23.78
6627,1179,51,True,False,True,False,False,False,1,2,45552.0,5.88
6628,925,93,True,False,False,False,True,True,1,1,26268.8,2.11
6629,655,297,True,False,False,False,True,False,1,4,39612.8,12.19
6630,438,62,True,False,True,False,True,True,1,3,46672.5,5.49
6631,729,153,True,False,True,True,True,True,1,4,32001.6,9.73
6632,96,165,True,False,False,False,False,False,1,2,84149.2,11.91
6633,289,108,False,False,False,False,True,False,0,0,0.0,13.14
6634,1107,276,False,False,False,False,True,False,0,0,0.0,13.53
6635,1303,28,True,False,True,True,True,True,1,1,31493.35,10.27
6636,153,262,True,False,True,False,False,False,1,2,48080.8,8.12
6637,146,224,False,False,False,True,False,True,1,3,15432.6,19.55
6638,129,92,False,True,False,False,True,True,1,3,88742.55,5.83
6639,1188,231,True,True,True,True,False,False,0,0,0.0,25.19
6640,467,129,False,False,True,True,False,False,0,0,0.0,13.27
6641,491,292,True,False,True,False,True,False,1,3,90993.6,9.54
6642,19,11,True,False,True,False,True,False,0,0,0.0,24.57
6643,1459,9,True,True,True,False,True,False,1,1,26551.7,9.01
6644,652,164,False,False,True,True,True,False,1,3,74151.0,23.34
6645,1197,280,True,True,False,True,False,False,0,0,0.0,26.34
6646,1062,20,False,True,False,False,False,False,0,0,0.0,26.86
6647,213,234,True,False,False,True,True,False,1,2,8456.4,6.32
6648,1203,282,False,False,True,False,False,False,1,3,69019.8,22.7
6649,826,146,True,True,True,False,False,False,1,2,34996.0,1.0
6650,907,261,False,False,True,False,False,False,1,1,22685.8,16.2
6651,301,228,False,False,False,False,False,True,1,2,18851.6,22.83
6652,1271,65,False,False,False,False,False,False,0,0,0.0,7.73
6653,1398,257,False,False,False,False,False,True,1,4,4703.6,25.26
6654,610,210,False,True,True,False,True,True,1,1,40811.05,13.03
6655,139,4,False,True,False,False,True,False,1,2,70680.0,2.98
6656,1274,171,True,True,False,True,False,False,1,3,87672.75,2.26
6657,1332,197,False,True,True,False,True,False,0,0,0.0,10.18
6658,760,241,False,True,False,False,True,False,0,0,0.0,23.43
6659,869,232,False,False,True,False,False,False,0,0,0.0,11.35
6660,335,143,True,False,False,False,False,False,0,0,0.0,18.65
6661,102,90,False,False,True,True,True,False,1,3,83130.0,20.64
6662,1417,58,False,False,True,False,True,True,0,0,0.0,19.39
6663,725,27,True,False,False,False,False,False,0,0,0.0,30.15
6664,413,192,True,False,True,True,False,False,0,0,0.0,23.35
6665,1040,288,False,False,True,False,True,False,1,3,101349.6,20.3
6666,40,25,False,False,True,True,False,False,1,1,7771.45,19.93
6667,120,211,False,False,False,True,True,False,1,2,38339.2,19.1
6668,365,176,False,False,True,False,True,False,0,0,0.0,6.66
6669,676,52,False,True,False,False,True,False,1,3,62655.6,6.25
6670,551,64,True,False,True,True,True,False,1,3,8592.0,13.39
6671,282,86,True,True,False,True,False,False,1,3,28294.8,5.72
6672,528,206,True,False,True,False,False,True,1,1,26217.9,5.28
6673,501,90,True,True,False,True,True,True,1,2,55420.0,6.38
6674,788,249,True,False,True,False,False,False,0,0,0.0,16.15
6675,845,111,True,False,True,False,False,False,1,2,33190.6,13.75
6676,1325,33,False,False,False,True,False,False,1,1,12562.6,22.95
6677,1211,29,True,False,True,False,True,False,1,1,2130.1,3.13
6678,439,121,False,False,False,True,True,True,0,0,0.0,9.03
6679,1355,123,False,False,False,False,True,False,1,3,69321.0,26.13
6680,782,221,False,True,True,True,True,True,1,1,10124.1,5.29
6681,282,144,False,False,True,False,False,False,1,1,34152.9,15.3
6682,511,50,True,False,True,False,False,False,0,0,0.0,28.9
6683,1113,64,True,False,True,True,True,False,1,1,2864.0,6.59
6684,1233,170,False,False,False,True,False,False,1,1,33409.25,12.39
6685,562,101,True,False,True,False,True,True,1,4,90432.0,5.15
6686,237,202,False,False,True,True,False,False,0,0,0.0,14.13
6687,288,277,True,False,True,False,True,False,1,2,40016.0,4.92
6688,156,107,True,True,True,False,True,False,1,2,1769.6,5.88
6689,1049,166,True,False,True,True,True,True,1,2,8297.8,6.55
6690,755,250,True,True,False,True,True,False,1,2,78053.4,10.55
6691,677,64,False,False,True,True,False,True,1,3,8607.0,20.04
6692,1008,154,True,True,False,False,True,True,1,1,29726.2,3.11
6693,1243,92,False,True,False,False,True,False,1,1,29580.85,3.03
6694,1194,189,True,False,True,True,True,False,1,1,37409.6,6.12
6695,206,223,False,False,False,False,False,True,0,0,0.0,13.58
6696,885,43,False,True,False,False,False,False,1,1,19326.2,3.6
6697,1324,57,False,False,True,False,True,True,1,2,44866.6,19.08
6698,1161,7,True,False,False,False,False,False,1,1,566.6,14.24
6699,495,4,True,True,False,False,True,False,0,0,0.0,23.64
6700,590,16,False,False,True,False,True,False,0,0,0.0,14.38
6701,1336,213,True,False,True,False,False,False,0,0,0.0,22.77
6702,50,272,True,False,False,False,True,True,1,2,59665.5,13.7
6703,789,123,True,True,False,False,False,True,1,1,23112.0,7.46
6704,175,265,False,False,True,False,True,True,1,1,24742.2,18.54
6705,1342,219,True,True,True,False,True,True,1,2,39324.6,7.72
6706,59,243,False,True,False,False,True,True,1,3,109026.0,9.12
6707,36,222,True,False,True,False,True,False,1,2,67345.5,11.24
6708,494,60,True,False,True,False,False,True,1,1,24929.9,6.49
6709,301,158,False,True,True,False,True,False,1,2,4315.2,1.0
6710,744,158,False,False,True,False,True,False,1,2,4315.2,23.02
6711,450,193,False,True,False,False,False,True,1,3,47602.2,8.87
6712,535,239,False,True,True,False,True,False,1,1,6475.0,4.44
6713,848,34,True,True,True,False,True,False,1,3,68516.7,10.48
6714,841,203,True,False,False,False,False,True,1,1,2437.0,9.9
6715,1403,250,True,False,True,True,True,False,1,4,156106.8,7.4
6716,721,35,False,False,False,True,True,False,1,2,43335.6,20.37
6717,847,125,True,True,True,False,False,True,0,0,0.0,23.78
6718,1017,269,False,False,False,False,True,False,1,2,4417.2,15.51
6719,262,8,True,False,True,False,False,True,1,4,84061.2,18.17
6720,1001,49,False,False,True,True,True,True,1,1,21301.6,19.06
6721,1293,242,False,False,True,True,True,True,1,2,65002.0,24.59
6722,478,52,False,False,True,False,True,True,1,2,41770.4,14.46
6723,268,211,False,True,False,False,False,False,1,2,38349.2,6.97
6724,520,271,True,True,True,False,False,True,1,2,46003.0,2.98
6725,413,150,True,False,True,True,False,False,1,1,23288.0,8.93
6726,878,146,False,False,False,True,False,False,1,1,17498.0,20.58
6727,1296,129,True,False,False,False,False,False,1,1,41131.4,9.67
6728,895,112,True,False,True,False,True,False,1,1,27630.4,15.04
6729,189,115,True,True,False,False,False,False,1,1,20924.0,7.45
6730,473,167,False,True,True,False,False,False,1,1,2508.8,8.14
6731,1034,269,False,True,True,False,True,True,1,3,6625.8,11.72
6732,496,295,True,False,False,False,True,False,1,1,23308.0,6.61
6733,880,260,True,True,True,False,False,True,1,1,28191.0,8.76
6734,1042,36,False,False,True,False,False,False,1,1,5807.1,18.54
6735,494,93,True,True,False,False,True,False,0,0,0.0,15.75
6736,972,228,False,True,True,True,False,False,1,2,18851.6,7.6
6737,598,164,True,False,True,True,True,False,1,1,24717.0,6.83
6738,203,101,False,False,True,True,True,False,1,4,90432.0,10.46
6739,559,94,False,False,False,False,True,False,1,2,31366.5,19.6
6740,662,36,False,True,False,False,False,False,0,0,0.0,25.85
6741,4,100,True,False,False,False,False,True,1,1,5173.8,10.86
6742,1340,127,True,True,False,True,False,True,1,1,31687.05,3.67
6743,792,125,False,True,False,False,False,True,0,0,0.0,18.63
6744,55,165,True,True,True,True,True,False,1,3,126208.8,4.75
6745,1302,82,True,True,True,True,True,False,1,2,32536.3,6.88
6746,1283,62,False,False,True,False,False,False,1,1,15562.5,24.0
6747,19,267,False,False,False,False,True,False,1,2,74992.0,23.17
6748,245,122,False,False,True,True,False,False,0,0,0.0,10.09
6749,546,77,True,False,False,False,False,False,0,0,0.0,28.51
6750,761,191,False,True,False,True,False,False,1,3,70471.5,5.5
6751,1089,163,False,True,True,False,False,True,1,1,47169.65,9.19
6752,637,173,True,False,True,False,True,False,1,3,132777.0,1.0
6753,918,67,False,False,False,False,False,True,0,0,0.0,15.14
6754,16,217,False,True,False,False,False,False,0,0,0.0,24.69
6755,988,58,False,False,False,False,True,False,0,0,0.0,20.08
6756,1374,251,True,True,True,True,False,True,1,4,33232.8,10.17
6757,790,128,False,True,True,False,False,True,0,0,0.0,15.72
6758,683,123,False,False,True,True,False,True,0,0,0.0,12.93
6759,446,117,False,True,False,False,True,True,1,4,24847.2,1.9
6760,1432,127,False,False,False,False,False,False,0,0,0.0,4.15
6761,50,200,True,True,False,False,False,True,1,4,73380.0,5.85
6762,431,150,False,True,False,True,True,True,1,1,23283.0,6.42
6763,209,39,False,False,True,False,True,True,1,1,30738.4,15.49
6764,1300,170,False,False,False,False,True,True,1,1,33404.25,15.38
6765,724,81,False,False,False,False,True,False,1,1,29812.0,18.05
6766,1384,33,True,False,True,False,False,True,1,1,12562.6,3.35
6767,998,252,False,False,True,False,False,False,0,0,0.0,1.77
6768,836,94,True,False,False,True,True,False,1,3,47049.75,3.02
6769,777,179,False,True,True,True,False,False,1,1,13835.75,6.71
6770,305,52,True,False,False,False,False,True,1,3,62670.6,1.94
6771,844,102,True,True,False,True,True,True,1,1,10565.9,7.41
6772,1028,116,True,False,True,False,False,False,1,3,44787.0,6.34
6773,1449,41,False,False,True,False,True,True,0,0,0.0,19.1
6774,824,293,False,True,True,True,False,False,0,0,0.0,18.21
6775,1409,94,False,True,True,True,False,False,1,1,15688.25,9.51
6776,1417,175,True,False,True,False,False,True,1,2,10813.6,7.8
6777,784,170,True,False,True,False,True,True,1,1,33404.25,1.0
6778,659,129,False,True,False,False,False,False,0,0,0.0,24.84
6779,215,176,False,False,False,False,False,True,1,1,2737.8,19.65
6780,403,170,True,False,True,False,True,False,0,0,0.0,23.59
6781,1319,25,False,True,True,True,True,True,1,2,15532.9,13.5
6782,208,201,True,False,False,False,True,True,1,3,87049.35,10.02
6783,596,35,False,False,True,False,False,False,0,0,0.0,15.06
6784,1048,131,False,False,False,False,True,False,1,2,12324.2,17.94
6785,361,110,True,True,True,False,False,False,1,1,33709.1,6.25
6786,1462,135,False,True,True,False,True,False,0,0,0.0,17.77
6787,975,22,True,False,False,False,False,False,0,0,0.0,23.55
6788,43,211,False,False,False,False,False,True,0,0,0.0,14.26
6789,371,126,False,False,True,True,True,True,1,3,86996.7,25.82
6790,1111,19,False,False,True,False,False,False,0,0,0.0,13.75
6791,1295,2,False,False,True,True,False,False,1,4,54581.6,19.97
6792,1391,163,False,False,True,False,False,False,0,0,0.0,16.03
6793,1277,200,False,False,True,False,False,True,1,2,36690.0,24.21
6794,113,165,True,False,False,True,False,True,1,1,42074.6,10.41
6795,1095,217,False,False,True,True,True,True,1,1,31478.3,27.57
6796,166,228,False,True,True,False,False,True,0,0,0.0,25.63
6797,115,262,False,False,True,False,False,False,1,1,24040.4,17.46
6798,1038,295,True,False,False,True,True,False,0,0,0.0,21.04
6799,718,266,False,False,True,True,False,True,1,1,10360.0,21.29
6800,972,239,False,False,False,False,True,False,1,1,6475.0,21.05
6801,1278,130,True,True,False,True,False,False,1,2,19507.6,10.74
6802,104,152,False,False,False,False,True,False,0,0,0.0,16.0
6803,792,185,False,True,False,False,False,False,0,0,0.0,28.37
6804,1252,51,True,False,False,True,True,False,1,1,22771.0,10.71
6805,661,204,False,True,True,True,False,False,1,1,28483.7,13.06
6806,786,177,False,True,False,False,False,True,1,1,31949.5,6.64
6807,747,157,False,False,False,True,False,True,0,0,0.0,16.41
6808,1361,251,True,True,False,False,True,True,1,4,33212.8,10.91
6809,75,207,True,True,True,False,False,True,1,2,41099.4,12.23
6810,1317,280,True,True,True,True,True,True,1,3,101346.0,14.0
6811,1225,293,False,False,False,False,True,True,1,3,104147.1,25.49
6812,1219,248,False,False,True,False,True,False,1,1,11474.4,21.29
6813,619,90,False,False,True,False,True,False,1,1,27710.0,18.93
6814,774,57,True,False,True,False,True,False,1,2,44866.6,7.41
6815,554,90,True,False,True,False,False,True,0,0,0.0,9.53
6816,378,214,True,False,True,True,False,False,1,4,135548.4,12.55
6817,1314,260,True,True,False,True,False,True,1,3,84573.0,6.04
6818,759,265,True,True,True,False,True,True,1,3,74226.6,7.55
6819,1086,206,False,True,True,False,True,True,1,3,78638.7,10.73
6820,152,205,True,False,False,False,True,False,1,2,58435.5,10.6
6821,1184,286,False,False,False,False,False,True,0,0,0.0,18.68
6822,989,206,True,True,False,False,True,True,1,2,52425.8,1.0
6823,1497,43,False,True,False,True,True,True,0,0,0.0,25.5
6824,201,151,False,False,False,False,False,True,1,1,12338.5,18.65
6825,811,108,False,True,False,True,True,True,1,2,46462.4,8.01
6826,767,192,True,False,False,True,True,True,1,1,15621.3,8.33
6827,808,191,False,False,True,False,True,True,1,3,70456.5,19.7
6828,82,89,False,False,True,False,False,False,0,0,0.0,19.8
6829,710,90,False,True,True,False,False,True,1,1,27715.0,4.6
6830,450,27,False,True,False,False,False,False,0,0,0.0,20.16
6831,927,88,False,False,True,False,False,True,0,0,0.0,8.49
6832,349,249,True,False,True,False,True,True,1,2,9877.5,5.63
6833,653,197,True,False,False,False,False,True,1,4,8159.6,9.15
6834,931,283,True,True,True,True,False,False,1,2,51888.9,1.0
6835,97,278,False,True,False,True,True,False,1,2,47824.0,10.24
6836,1181,258,True,False,False,False,True,False,1,4,25023.6,6.52
6837,1074,54,False,True,True,False,True,False,0,0,0.0,26.97
6838,86,101,True,True,False,False,False,False,1,2,45226.0,11.04
6839,98,18,False,False,False,True,True,True,1,3,105347.25,19.17
6840,1276,29,True,True,True,False,False,True,1,2,4270.2,9.92
6841,425,70,True,False,False,True,False,True,1,2,60831.6,9.93
6842,1292,85,True,False,False,False,True,False,1,1,15184.0,5.49
6843,749,5,True,False,False,True,False,False,0,0,0.0,22.26
6844,514,253,False,False,True,False,True,True,1,4,49296.8,12.36
6845,411,159,True,False,False,True,False,False,1,2,53214.0,4.34
6846,989,197,False,False,False,False,False,False,0,0,0.0,14.36
6847,165,197,False,False,True,False,False,False,1,3,6119.7,16.64
6848,604,291,False,False,True,False,True,False,1,1,27459.75,19.13
6849,519,45,False,False,True,True,True,False,1,4,62611.2,21.26
6850,232,103,False,True,True,False,False,True,1,2,16130.8,5.1
6851,530,93,False,False,True,True,True,False,0,0,0.0,5.57
6852,793,166,True,False,False,True,True,True,1,1,4148.9,3.86
6853,1017,158,False,True,False,True,True,False,0,0,0.0,17.44
6854,130,238,False,False,False,False,True,True,0,0,0.0,1.0
6855,1309,169,False,True,True,False,False,False,1,3,39690.0,6.09
6856,1318,71,False,True,True,True,False,True,1,2,78459.6,5.07
6857,1038,170,False,False,False,False,True,True,1,1,33404.25,15.4
6858,1387,290,False,True,False,False,False,False,1,3,118671.0,12.93
6859,642,174,True,True,True,False,True,False,1,1,11829.6,7.66
6860,1233,178,True,True,False,False,True,True,1,3,126405.0,1.0
6861,1091,53,True,False,True,False,False,False,1,1,34222.1,1.49
6862,844,3,False,False,True,False,False,True,1,4,66523.8,8.47
6863,270,63,True,False,False,True,False,False,1,1,31232.3,5.46
6864,837,8,True,False,False,False,False,True,1,1,21015.3,10.42
6865,1353,136,False,False,False,False,True,False,0,0,0.0,13.15
6866,1477,265,False,False,False,False,False,True,0,0,0.0,9.68
6867,673,135,True,True,False,False,False,False,1,4,146896.4,4.95
6868,372,194,True,True,False,False,False,True,1,3,50850.45,1.0
6869,1122,257,True,True,False,False,True,True,1,1,1170.9,10.6
6870,114,229,True,False,False,True,True,True,0,0,0.0,25.7
6871,227,196,False,True,False,False,False,True,1,2,51084.4,11.72
6872,843,236,False,False,True,False,True,True,1,1,31014.2,14.47
6873,1486,85,True,True,False,False,False,False,1,1,15189.0,5.12
6874,494,127,False,True,False,False,False,False,0,0,0.0,23.94
6875,665,120,False,True,True,True,True,False,1,1,21084.3,6.1
6876,484,240,False,False,False,True,False,False,1,3,40038.9,18.2
6877,661,123,True,True,True,False,True,False,1,2,46214.0,6.0
6878,11,282,False,True,True,False,False,False,0,0,0.0,23.52
6879,893,56,False,True,False,False,True,False,1,2,48165.0,9.78
6880,895,52,True,True,True,False,True,False,1,2,41770.4,13.12
6881,474,215,True,True,False,False,True,False,1,2,26340.8,8.32
6882,397,230,True,True,False,True,False,True,1,1,9681.8,6.84
6883,1143,204,False,False,True,False,True,True,1,3,85436.1,22.47
6884,282,93,False,False,True,True,True,False,1,1,26268.8,17.29
6885,71,3,False,True,True,True,False,False,1,2,33261.9,8.25
6886,61,97,False,True,True,True,True,False,1,2,59978.4,5.03
6887,1323,140,False,False,True,False,False,True,1,1,19316.6,19.68
6888,547,124,False,False,False,False,True,True,1,1,14795.2,15.18
6889,153,277,True,False,False,False,True,False,0,0,0.0,14.58
6890,1319,260,False,True,True,False,False,False,1,4,112764.0,10.56
6891,223,233,False,True,False,False,True,True,1,3,85814.1,6.42
6892,506,7,False,False,False,False,True,False,0,0,0.0,21.87
6893,32,39,True,False,True,False,True,False,0,0,0.0,23.92
6894,1019,131,True,False,True,False,True,True,1,1,6162.1,5.39
6895,1049,187,True,True,True,True,True,False,1,3,52708.5,10.67
6896,1135,205,False,True,False,True,False,False,0,0,0.0,26.74
6897,395,89,False,True,True,False,False,False,1,2,12161.8,9.24
6898,493,34,False,True,True,True,False,True,1,1,22843.9,8.54
6899,1408,99,True,False,False,True,False,False,1,2,36893.2,4.2
6900,1233,238,False,True,False,True,True,False,1,2,46620.0,5.23
6901,56,296,True,False,True,True,True,False,1,4,74572.0,11.66
6902,1038,283,False,False,False,False,False,False,0,0,0.0,15.32
6903,1220,178,False,True,False,True,True,True,1,2,84270.0,13.73
6904,839,28,False,False,False,False,False,False,0,0,0.0,19.63
6905,960,291,True,True,True,False,True,False,1,3,82379.25,11.47
6906,2,46,False,False,False,False,True,False,0,0,0.0,10.4
6907,46,81,False,True,False,False,False,True,1,1,29817.0,4.92
6908,53,293,True,True,True,True,True,False,1,2,69431.4,9.13
6909,239,152,False,True,True,False,True,False,1,1,22520.7,2.54
6910,1487,60,False,False,False,False,True,True,1,1,24924.9,21.67
6911,952,151,True,False,True,True,True,False,1,1,12333.5,9.16
6912,1174,24,True,False,True,True,True,False,1,1,7657.2,5.19
6913,444,95,False,False,True,True,True,False,0,0,0.0,9.79
6914,1407,286,True,False,True,True,True,True,1,4,153649.2,3.75
6915,299,90,False,False,False,False,True,False,0,0,0.0,21.8
6916,1354,268,False,False,True,True,True,True,1,3,61639.2,19.47
6917,47,163,False,False,False,True,True,True,1,2,94329.3,18.04
6918,31,197,False,True,False,False,False,False,1,3,6119.7,17.34
6919,119,211,False,True,False,True,True,False,1,1,19169.6,11.34
6920,1188,166,True,True,True,False,True,True,1,1,4148.9,7.81
6921,387,11,True,True,True,True,False,True,1,3,56527.65,4.4
6922,677,276,True,False,True,False,False,False,0,0,0.0,23.32
6923,707,143,False,True,True,False,True,True,1,3,47094.75,17.2
6924,1185,197,False,False,True,True,True,True,1,2,4069.8,19.13
6925,524,167,False,True,False,False,False,False,1,1,2508.8,6.38
6926,11,198,True,True,True,False,False,False,1,1,30396.75,1.0
6927,580,107,True,False,True,False,False,True,1,4,3559.2,2.06
6928,433,254,True,False,True,False,True,True,1,2,15703.8,5.93
6929,1097,68,False,False,False,True,True,False,1,1,35605.65,26.0
6930,1127,196,False,True,False,False,True,False,1,2,51074.4,7.47
6931,138,174,True,False,False,True,True,False,1,1,11829.6,9.7
6932,1190,152,False,False,True,False,True,True,1,2,45041.4,17.32
6933,106,7,True,False,False,False,False,True,1,1,566.6,11.66
6934,930,117,False,False,True,True,False,True,1,1,6216.8,15.9
6935,584,15,True,False,True,False,False,True,0,0,0.0,30.4
6936,452,151,False,True,False,False,True,False,0,0,0.0,13.1
6937,725,207,True,False,False,False,True,False,0,0,0.0,14.49
6938,466,157,True,True,False,True,True,False,1,1,33451.0,12.76
6939,1191,228,False,False,False,False,False,True,1,2,18851.6,18.97
6940,1451,109,False,True,False,False,False,False,0,0,0.0,20.54
6941,1224,92,False,False,True,False,True,False,1,2,59161.7,17.39
6942,659,135,False,False,False,True,False,False,0,0,0.0,14.41
6943,755,69,False,True,True,True,True,True,0,0,0.0,20.11
6944,671,241,False,False,False,False,False,False,1,1,33732.85,21.03
6945,1191,243,True,True,True,False,True,False,1,2,72684.0,12.67
6946,829,125,False,True,False,True,True,False,1,2,62084.8,5.93
6947,703,238,True,False,False,False,True,True,1,1,23310.0,9.58
6948,615,8,True,True,False,False,True,False,1,2,42020.6,2.37
6949,563,47,False,False,True,False,True,True,1,1,13233.0,18.72
6950,830,85,False,False,False,True,False,False,0,0,0.0,11.82
6951,1034,117,True,True,False,False,False,True,1,3,18650.4,18.13
6952,649,70,True,False,True,False,True,False,1,2,60821.6,5.57
6953,1210,154,False,False,True,False,False,True,1,3,89193.6,24.59
6954,1241,239,False,False,True,False,False,True,1,3,19440.0,20.68
6955,644,137,False,False,True,False,False,True,1,1,20610.5,21.24
6956,1364,135,False,True,True,True,False,False,0,0,0.0,21.12
6957,260,18,True,False,True,False,True,False,1,3,105347.25,5.08
6958,1399,85,False,False,False,True,True,True,0,0,0.0,23.51
6959,442,243,False,True,True,False,False,True,1,2,72694.0,7.4
6960,847,244,True,False,False,False,True,True,1,1,18518.25,11.57
6961,426,32,True,True,True,False,True,True,1,1,31737.6,4.39
6962,664,6,False,True,True,True,False,False,0,0,0.0,26.98
6963,511,250,True,False,False,True,True,False,0,0,0.0,29.76
6964,1058,53,True,True,False,True,True,True,1,1,34217.1,18.92
6965,122,173,False,True,False,True,False,False,1,1,44264.0,4.17
6966,1258,249,False,False,True,True,True,True,1,4,19755.0,15.43
6967,1356,237,False,False,True,False,True,False,0,0,0.0,12.06
6968,845,166,False,False,True,True,True,False,0,0,0.0,17.85
6969,821,113,True,False,False,False,True,False,1,4,104839.0,3.43
6970,1050,233,True,False,True,False,False,True,1,1,28609.7,7.39
6971,299,209,True,True,False,False,True,False,1,1,23746.5,7.23
6972,1125,252,False,False,True,True,False,False,0,0,0.0,12.45
6973,329,155,False,False,False,False,True,False,1,1,31132.8,25.49
6974,1015,283,False,True,True,False,False,False,1,1,25944.45,9.29
6975,459,231,False,True,True,False,False,True,1,4,163070.4,12.79
6976,1120,20,False,True,True,False,True,False,1,1,12977.0,7.41
6977,1187,89,False,False,False,True,True,True,0,0,0.0,18.02
6978,313,240,True,True,False,True,False,True,1,4,53385.2,4.2
6979,927,35,True,True,False,False,False,False,0,0,0.0,24.42
6980,748,213,True,False,True,False,True,True,1,4,70248.0,2.85
6981,442,103,False,False,True,False,True,False,0,0,0.0,17.51
6982,883,63,True,False,True,True,False,False,1,4,124929.2,7.66
6983,1489,162,False,True,False,False,True,False,0,0,0.0,18.56
6984,4,280,False,False,True,False,True,False,0,0,0.0,13.72
6985,1436,270,False,True,False,False,True,True,1,4,11821.8,6.78
6986,1284,122,False,False,False,True,False,True,1,2,7322.5,19.7
6987,795,2,False,False,False,False,True,False,0,0,0.0,11.93
6988,916,267,False,False,True,False,False,True,1,1,37501.0,18.28
6989,554,270,True,True,False,True,True,False,1,1,2955.45,7.83
6990,194,182,False,False,True,False,False,False,1,3,23154.15,13.07
6991,858,189,True,True,True,True,True,True,1,3,112228.8,13.98
6992,1225,159,False,False,True,False,True,True,0,0,0.0,21.31
6993,347,4,True,True,False,False,False,False,0,0,0.0,22.41
6994,1076,48,True,True,False,True,False,False,1,4,62777.6,3.62
6995,1123,44,True,False,False,False,True,True,1,1,38706.45,15.21
6996,1138,275,True,True,True,False,False,True,1,3,44378.25,1.0
6997,511,15,False,True,False,False,False,True,0,0,0.0,21.29
6998,589,167,False,False,True,True,False,False,1,3,7526.4,10.58
6999,625,109,True,True,True,False,True,False,1,1,26055.75,4.17
7000,1282,2,False,False,False,False,True,False,1,2,27280.8,13.07
7001,1351,276,True,True,False,False,True,True,1,1,988.8,2.27
7002,622,6,False,False,False,False,True,True,1,2,4584.0,15.08
7003,1455,257,False,False,False,True,False,True,0,0,0.0,16.75
7004,856,234,False,False,True,False,True,False,1,2,8456.4,21.41
7005,578,239,True,False,True,True,True,False,1,1,6475.0,10.53
7006,1,49,True,True,True,False,False,True,1,2,42613.2,10.03
7007,917,265,False,False,True,True,True,True,1,4,98968.8,23.03
7008,968,180,True,False,True,True,True,False,1,2,27452.4,5.48
7009,1453,121,False,True,True,False,False,False,1,2,49759.6,12.89
7010,1078,205,True,False,True,True,True,False,1,1,29217.75,11.83
7011,45,103,False,False,True,False,False,True,1,1,8065.4,29.37
7012,851,84,False,True,True,False,False,False,1,3,71056.95,12.43
7013,1115,87,True,True,False,True,True,False,1,4,120638.6,4.56
7014,745,171,True,True,False,True,False,False,1,2,58448.5,10.53
7015,645,181,True,False,False,True,False,False,1,3,67704.0,10.33
7016,1215,73,False,False,False,False,True,False,0,0,0.0,17.61
7017,918,74,False,False,True,True,True,False,1,1,4733.4,20.88
7018,1023,284,False,True,False,True,True,False,1,1,3004.85,1.1
7019,697,155,False,False,False,True,True,True,0,0,0.0,9.45
7020,418,259,True,False,False,True,True,True,0,0,0.0,16.17
7021,779,100,True,False,False,False,False,True,0,0,0.0,23.67
7022,1439,87,False,True,True,False,True,True,1,1,30159.65,10.97
7023,905,85,True,True,False,False,True,False,1,3,45552.0,16.57
7024,1061,159,False,False,False,False,True,False,1,1,26602.0,23.44
7025,187,234,False,True,False,True,False,False,1,1,4233.2,8.35
7026,1482,151,True,True,False,True,False,True,1,1,12338.5,8.2
7027,368,89,False,False,False,True,False,True,1,1,6080.9,14.09
7028,1457,289,False,True,True,False,False,True,1,1,26767.0,5.41
7029,669,172,True,False,True,True,True,True,1,1,30833.6,11.08
7030,1379,119,False,True,True,False,False,False,1,2,25772.1,12.23
7031,1338,3,True,True,False,False,True,False,1,1,16625.95,2.16
7032,1134,169,False,True,False,True,False,True,0,0,0.0,23.46
7033,1375,187,False,True,False,False,True,True,0,0,0.0,23.78
7034,915,279,True,True,True,True,True,True,0,0,0.0,26.8
7035,1274,70,False,False,False,False,True,True,1,2,60821.6,14.32
7036,259,49,True,False,True,True,False,False,1,4,85226.4,6.64
7037,106,300,True,False,False,False,False,False,1,1,14810.6,1.78
7038,816,166,True,True,True,False,True,True,1,1,4148.9,10.15
7039,1215,9,True,False,False,True,False,True,1,3,79670.1,12.11
7040,1149,32,False,False,True,False,True,False,1,1,31737.6,17.49
7041,792,143,False,True,True,False,True,False,1,2,31396.5,7.16
7042,782,186,False,True,True,False,True,True,1,3,87406.65,10.09
7043,915,74,False,False,False,True,False,False,0,0,0.0,18.43
7044,1303,110,True,True,True,False,False,True,0,0,0.0,21.92
7045,1263,221,False,True,False,True,False,True,1,1,10129.1,5.0
7046,165,291,False,True,True,True,True,False,0,0,0.0,23.59
7047,894,148,False,True,False,False,False,False,1,2,51896.8,5.4
7048,572,125,True,False,False,False,False,False,0,0,0.0,22.35
7049,1200,109,False,False,True,False,True,False,1,1,26055.75,22.15
7050,759,41,True,False,False,False,False,False,0,0,0.0,25.75
7051,1488,16,True,False,True,False,False,False,1,2,39496.6,7.02
7052,649,251,False,True,True,True,True,False,0,0,0.0,28.23
7053,1019,12,True,False,False,False,True,False,1,3,62210.4,10.35
7054,163,247,False,False,False,False,False,False,1,2,56558.8,23.05
7055,1399,75,True,False,False,False,True,True,1,1,32155.2,8.73
7056,231,209,False,True,False,False,True,False,1,3,71239.5,15.08
7057,568,286,True,False,False,False,True,False,0,0,0.0,13.55
7058,1257,225,False,False,False,False,True,True,1,1,13909.2,18.56
7059,1452,219,False,True,True,True,False,False,1,3,59001.9,14.05
7060,727,80,False,True,True,True,True,True,1,1,5608.3,8.44
7061,728,180,False,False,False,False,False,False,0,0,0.0,10.18
7062,74,193,True,True,False,False,False,True,1,1,15867.4,14.9
7063,1469,128,False,True,True,False,False,False,1,1,35410.1,10.06
7064,25,12,True,False,True,False,True,True,0,0,0.0,19.43
7065,40,274,False,True,True,False,True,True,1,1,1633.6,1.0
7066,711,60,True,True,False,False,False,True,1,1,24929.9,11.62
7067,6,293,True,True,False,True,False,False,1,1,34720.7,4.35
7068,247,280,False,False,False,True,False,False,1,1,33787.0,21.51
7069,942,6,False,False,False,False,True,True,0,0,0.0,12.2
7070,1058,222,True,False,False,False,False,False,0,0,0.0,22.34
7071,448,191,False,False,False,False,False,True,0,0,0.0,16.71
7072,1193,70,False,True,True,False,True,True,1,1,30410.8,7.01
7073,912,244,True,True,False,True,False,True,1,1,18523.25,11.76
7074,343,34,True,False,False,False,False,False,1,2,45687.8,11.29
7075,1069,75,False,True,False,False,True,False,0,0,0.0,26.51
7076,889,285,True,False,True,True,True,False,1,1,24931.0,4.41
7077,1219,223,True,False,False,False,True,True,1,4,27036.0,6.13
7078,232,34,True,False,True,False,False,False,0,0,0.0,15.25
7079,347,44,False,True,False,False,True,False,1,1,38706.45,8.43
7080,456,78,False,False,True,True,True,False,0,0,0.0,16.4
7081,513,22,True,False,False,False,False,True,0,0,0.0,21.07
7082,1334,55,False,False,False,True,False,False,1,2,17946.0,24.76
7083,1099,172,False,False,True,False,False,True,1,2,61677.2,28.37
7084,817,3,False,True,True,True,True,False,1,1,16625.95,2.2
7085,811,87,False,True,False,True,False,False,0,0,0.0,32.23
7086,1329,95,True,True,True,False,False,True,1,1,2174.0,9.9
7087,671,292,True,False,True,False,False,False,0,0,0.0,26.02
7088,338,293,True,False,False,False,False,True,1,3,104162.1,2.61
7089,206,254,True,False,False,False,True,False,1,3,23555.7,5.8
7090,496,103,False,False,True,False,True,True,1,1,8060.4,19.29
7091,980,159,False,True,False,False,False,False,0,0,0.0,18.27
7092,707,152,True,True,False,False,True,True,1,1,22520.7,5.01
7093,633,259,False,False,False,False,True,False,0,0,0.0,18.32
7094,721,224,False,False,True,False,True,False,1,4,20556.8,17.32
7095,1463,272,False,False,True,False,True,False,0,0,0.0,11.19
7096,1497,166,False,True,True,False,True,True,1,4,16595.6,5.26
7097,242,276,False,False,True,False,False,False,1,1,993.8,15.28
7098,172,224,False,False,True,False,False,False,1,3,15432.6,22.89
7099,367,222,False,False,False,False,False,False,0,0,0.0,16.89
7100,1278,199,True,False,False,False,True,True,1,2,37176.0,6.3
7101,690,101,False,True,True,True,True,True,1,1,22608.0,7.84
7102,1296,183,False,False,True,True,False,False,1,3,137701.35,26.37
7103,971,107,False,True,False,True,True,False,1,2,1769.6,11.85
7104,830,195,False,True,False,False,False,False,1,4,71345.0,10.62
7105,423,77,False,True,True,False,False,True,1,2,22162.0,9.93
7106,517,240,False,False,True,True,False,False,1,1,13346.3,20.76
7107,222,172,False,False,True,True,True,False,1,1,30833.6,20.47
7108,779,214,False,False,False,False,True,False,1,1,33882.1,31.45
7109,421,67,False,False,False,False,True,False,0,0,0.0,13.56
7110,439,238,True,False,True,False,False,False,0,0,0.0,27.17
7111,60,241,True,False,False,False,False,False,1,1,33732.85,13.98
7112,1199,44,False,False,False,False,False,False,0,0,0.0,19.08
7113,1409,106,True,False,True,False,True,True,1,4,138840.8,8.74
7114,748,204,False,True,True,False,False,True,0,0,0.0,27.44
7115,805,263,True,False,True,False,True,False,1,1,23650.5,12.71
7116,1389,222,False,False,True,False,True,True,1,2,67345.5,20.7
7117,768,142,True,False,True,False,False,True,1,4,61858.4,3.1
7118,935,90,False,True,True,True,True,False,1,1,27710.0,7.93
7119,643,273,True,True,False,False,False,True,1,1,21303.5,8.45
7120,772,263,False,True,False,False,True,True,1,1,23650.5,14.52
7121,783,270,True,True,True,False,False,True,1,2,5920.9,16.27
7122,1067,92,False,True,True,False,False,False,1,2,59171.7,1.0
7123,907,131,False,False,True,False,False,False,0,0,0.0,13.03
7124,756,74,True,True,False,True,False,True,1,4,18953.6,5.33
7125,114,287,True,False,False,False,False,False,1,2,64790.5,12.55
7126,1357,261,True,True,False,False,True,False,1,1,22680.8,12.25
7127,1333,52,False,False,True,True,False,False,1,2,41780.4,22.53
7128,277,75,False,True,True,True,True,False,1,2,64310.4,2.3
7129,440,166,False,False,True,False,False,True,1,2,8307.8,18.93
7130,1461,125,True,False,False,False,True,False,0,0,0.0,13.48
7131,482,138,False,False,False,True,True,True,1,1,5685.6,22.95
7132,1219,111,True,True,True,False,True,False,1,1,16590.3,7.38
7133,1179,203,True,False,True,True,True,True,1,1,2432.0,12.33
7134,1292,270,False,False,True,False,True,False,1,3,8866.35,25.5
7135,25,276,False,False,False,False,False,False,0,0,0.0,20.21
7136,725,137,False,False,False,False,False,False,1,4,82442.0,16.65
7137,849,249,False,False,False,False,True,False,1,2,9877.5,18.1
7138,1256,209,True,True,False,True,False,True,1,1,23751.5,8.44
7139,337,60,True,False,True,True,False,False,0,0,0.0,21.58
7140,461,239,False,False,True,True,True,True,1,3,19425.0,21.17
7141,270,106,True,False,True,False,False,True,1,3,104145.6,5.1
7142,1143,189,True,False,True,True,True,True,1,1,37409.6,7.22
7143,1499,217,True,False,True,False,False,True,1,1,31483.3,3.51
7144,211,284,True,True,True,True,False,True,1,2,6019.7,6.45
7145,350,285,True,True,False,True,False,False,1,3,74808.0,7.1
7146,461,241,True,False,False,False,False,True,1,1,33732.85,11.43
7147,1334,152,False,True,False,False,True,False,1,2,45041.4,17.99
7148,669,121,False,False,False,False,True,True,1,3,74624.4,17.8
7149,423,133,False,False,False,False,False,False,1,2,25600.6,14.39
7150,484,286,False,True,True,False,False,False,1,2,76834.6,11.12
7151,898,62,False,False,False,True,True,True,1,4,62230.0,23.27
7152,581,158,True,False,False,True,False,False,0,0,0.0,26.37
7153,211,204,True,False,False,False,False,False,0,0,0.0,19.47
7154,1231,7,False,False,True,False,False,False,0,0,0.0,13.61
7155,634,191,False,False,True,False,False,False,0,0,0.0,12.11
7156,386,79,False,True,False,False,False,True,0,0,0.0,18.17
7157,1093,85,False,False,True,False,True,False,1,1,15184.0,11.87
7158,1118,187,True,False,False,False,False,False,1,3,52723.5,9.36
7159,233,3,False,False,True,False,True,True,1,3,49877.85,18.63
7160,111,48,False,False,True,False,False,False,0,0,0.0,13.0
7161,69,137,False,False,True,False,True,True,1,1,20605.5,15.0
7162,1149,176,False,True,False,False,True,True,1,1,2732.8,9.93
7163,939,33,False,True,True,False,True,True,1,3,37672.8,10.99
7164,1189,109,False,False,False,False,True,False,0,0,0.0,8.83
7165,940,93,False,False,True,True,True,False,1,2,52537.6,23.82
7166,603,161,True,False,False,False,False,False,1,2,57077.2,9.07
7167,885,91,True,False,False,False,True,False,0,0,0.0,23.64
7168,1084,1,True,False,True,False,True,False,1,3,33202.8,2.34
7169,599,160,False,False,False,False,False,True,0,0,0.0,30.29
7170,1373,255,True,True,True,False,True,True,1,1,29420.55,6.28
7171,1350,176,True,False,True,False,False,True,1,3,8213.4,19.62
7172,1202,109,False,False,True,False,False,True,1,4,104243.0,23.27
7173,1489,145,False,False,True,False,False,False,0,0,0.0,9.89
7174,586,43,False,True,True,False,True,False,1,2,38642.4,5.27
7175,172,71,True,False,False,True,False,True,1,2,78459.6,11.71
7176,727,132,False,False,False,False,False,True,0,0,0.0,18.14
7177,1119,178,False,False,False,True,True,False,0,0,0.0,10.13
7178,1170,146,True,True,False,False,False,False,0,0,0.0,21.5
7179,583,289,False,False,False,False,True,True,1,2,53524.0,15.08
7180,439,192,False,False,False,False,False,False,0,0,0.0,10.22
7181,669,7,True,False,True,True,False,False,1,4,2266.4,8.39
7182,1206,158,False,False,False,False,False,False,1,1,2162.6,12.34
7183,91,175,True,False,False,False,False,True,1,1,5406.8,3.41
7184,493,14,True,False,False,False,False,True,1,2,35631.2,6.31
7185,345,116,False,True,True,False,False,False,1,1,14929.0,8.18
7186,1209,262,True,True,True,False,True,True,1,1,24035.4,4.04
7187,705,108,False,True,False,False,False,True,1,4,92944.8,1.0
7188,131,137,True,False,True,True,False,False,0,0,0.0,18.27
7189,393,67,False,True,True,False,True,True,0,0,0.0,24.03
7190,67,24,False,True,True,False,True,False,0,0,0.0,18.38
7191,714,96,False,True,False,False,False,True,1,1,697.0,8.48
7192,1497,232,True,False,True,True,True,True,1,1,34029.75,4.75
7193,851,295,True,True,False,False,True,False,1,1,23308.0,9.07
7194,1305,199,False,False,False,False,True,True,0,0,0.0,1.0
7195,1114,250,False,True,False,True,True,False,1,3,117080.1,14.83
7196,1325,195,False,False,True,False,False,False,1,2,35672.5,19.7
7197,467,198,True,False,False,True,True,True,1,1,30391.75,6.18
7198,1427,129,False,False,True,False,True,False,0,0,0.0,20.53
7199,358,19,False,False,False,True,True,False,0,0,0.0,17.01
7200,658,124,True,False,False,True,False,False,1,3,44400.6,11.99
7201,1022,260,False,False,False,False,True,False,0,0,0.0,16.5
7202,431,161,False,False,False,True,True,False,1,2,57067.2,18.38
7203,397,229,False,False,True,False,True,False,1,3,15570.9,18.59
7204,196,16,False,False,False,True,False,False,0,0,0.0,10.78
7205,7,61,True,False,True,True,False,True,1,4,70281.2,10.18
7206,752,90,True,False,False,True,True,False,0,0,0.0,23.75
7207,1481,108,False,False,False,True,True,False,0,0,0.0,6.53
7208,331,297,True,True,False,True,True,True,1,1,9903.2,3.17
7209,661,139,False,False,False,True,True,False,1,2,52885.2,23.23
7210,1404,199,True,True,False,True,False,True,1,1,18593.0,4.49
7211,1159,194,True,False,False,False,True,True,1,2,33890.3,7.22
7212,7,126,False,True,False,False,False,True,0,0,0.0,23.58
7213,751,290,False,False,False,False,True,True,1,1,39552.0,14.13
7214,215,67,True,True,True,False,True,False,1,1,20256.0,5.31
7215,371,11,True,False,False,False,False,False,0,0,0.0,23.97
7216,370,224,False,True,True,True,True,False,1,4,20556.8,12.31
7217,919,197,False,False,True,False,False,False,0,0,0.0,5.6
7218,299,79,True,False,True,False,False,True,1,3,60444.6,13.8
7219,378,261,True,True,True,True,True,False,1,2,45361.6,1.24
7220,339,49,True,True,False,False,True,False,1,1,21301.6,3.01
7221,536,76,False,True,True,True,True,False,1,3,85086.0,6.24
7222,985,47,True,True,True,False,True,False,0,0,0.0,17.03
7223,600,56,False,False,True,False,True,True,1,1,24082.5,16.9
7224,492,219,False,False,False,False,False,True,0,0,0.0,9.97
7225,777,212,False,True,False,False,False,True,1,2,55979.2,4.0
7226,923,193,True,False,False,False,True,True,0,0,0.0,31.82
7227,24,259,False,False,True,True,True,False,1,1,755.4,16.45
7228,1336,21,True,False,True,False,False,True,1,2,29918.8,6.53
7229,1375,187,True,True,True,False,True,False,1,1,17569.5,6.27
7230,904,35,True,True,True,False,False,True,1,2,43345.6,9.79
7231,862,287,True,False,True,False,False,False,1,2,64790.5,5.45
7232,1042,191,True,False,False,False,False,True,0,0,0.0,17.35
7233,662,228,True,False,True,False,True,True,1,1,9420.8,11.06
7234,549,172,True,False,False,True,False,False,1,4,123354.4,11.47
7235,530,116,True,True,False,True,False,True,1,1,14929.0,8.14
7236,240,206,True,False,True,False,False,True,1,4,104871.6,10.46
7237,1262,251,True,True,False,False,False,False,1,2,16616.4,12.86
7238,481,54,False,False,False,False,False,True,1,1,39409.1,27.18
7239,427,262,True,False,True,True,True,True,1,3,72106.2,7.02
7240,1447,218,False,False,False,True,True,True,1,3,7978.95,19.71
7241,761,26,True,True,True,True,True,False,1,1,29185.6,5.79
7242,933,281,True,False,False,True,True,False,0,0,0.0,21.08
7243,369,55,False,False,True,True,False,True,0,0,0.0,24.6
7244,417,181,False,False,False,True,True,True,1,2,45126.0,26.05
7245,1093,39,False,False,True,True,False,False,1,1,30743.4,16.96
7246,677,59,False,False,True,False,False,False,0,0,0.0,12.98
7247,222,193,False,False,True,False,False,False,1,4,63469.6,15.94
7248,1254,204,True,False,True,False,False,False,1,1,28483.7,6.73
7249,605,207,False,True,True,False,True,False,1,3,61634.1,5.2
7250,1003,103,True,False,True,False,True,True,1,1,8060.4,2.93
7251,512,247,True,True,True,False,False,True,1,1,28279.4,9.28
7252,841,15,False,False,False,True,True,True,1,3,14486.55,24.9
7253,1164,257,False,False,False,True,True,False,0,0,0.0,10.48
7254,1328,91,True,False,True,False,True,False,0,0,0.0,18.51
7255,312,187,False,False,False,False,True,False,0,0,0.0,19.56
7256,1009,272,False,False,False,False,False,False,0,0,0.0,13.19
7257,1372,77,True,True,True,True,True,False,1,2,22152.0,3.19
7258,965,124,False,True,False,False,True,True,0,0,0.0,23.25
7259,215,249,False,False,True,False,False,True,1,2,9887.5,24.69
7260,285,260,False,False,False,False,True,False,0,0,0.0,8.99
7261,305,71,True,False,False,False,True,False,1,1,39224.8,12.39
7262,160,153,False,True,False,False,False,False,1,1,8005.4,1.97
7263,1131,100,False,False,False,False,False,True,1,1,5173.8,18.18
7264,1448,156,False,False,False,True,True,True,1,2,10000.5,24.53
7265,776,114,False,True,False,False,False,False,1,1,44500.1,6.69
7266,899,2,True,False,False,True,True,True,1,2,27280.8,8.69
7267,1161,278,True,False,True,False,False,True,0,0,0.0,18.59
7268,624,192,False,False,False,False,False,True,0,0,0.0,16.41
7269,709,139,True,False,True,False,False,True,1,1,26447.6,5.87
7270,884,33,False,True,False,False,False,True,1,1,12562.6,18.08
7271,457,22,False,False,False,False,False,False,1,2,25392.7,19.26
7272,93,144,False,True,True,True,False,False,1,1,34152.9,15.69
7273,852,195,False,False,True,True,False,False,1,2,35672.5,18.8
7274,1234,79,False,True,False,False,False,False,1,2,40296.4,10.25
7275,110,224,True,True,True,False,False,True,1,1,5144.2,3.62
7276,325,118,True,False,False,False,False,False,1,2,1397.2,7.7
7277,395,4,False,False,False,False,False,False,0,0,0.0,14.42
7278,1207,162,True,False,True,True,False,True,1,1,29373.8,8.7
7279,757,55,True,False,False,False,False,False,1,2,17946.0,5.41
7280,802,5,True,True,False,False,True,False,0,0,0.0,20.83
7281,968,40,False,False,False,True,False,True,1,4,28932.8,19.2
7282,415,86,False,False,False,False,False,False,0,0,0.0,13.79
7283,1071,155,True,False,False,False,False,True,1,2,62275.6,8.16
7284,46,297,False,False,True,False,False,False,1,4,39632.8,16.87
7285,171,66,True,False,True,False,False,False,0,0,0.0,19.04
7286,1224,18,False,False,False,True,False,False,1,2,70241.5,22.48
7287,988,58,True,False,False,False,False,True,1,1,29321.5,5.06
7288,265,96,True,True,True,False,True,False,1,1,692.0,10.32
7289,659,62,False,False,False,True,True,False,0,0,0.0,9.04
7290,78,97,False,False,False,False,False,False,0,0,0.0,18.58
7291,1008,291,False,True,True,False,True,False,0,0,0.0,24.14
7292,1134,114,True,True,False,True,True,True,1,1,44495.1,15.18
7293,418,191,False,False,True,True,True,False,1,3,70456.5,16.2
7294,526,206,False,False,False,True,True,False,1,2,52425.8,12.19
7295,356,40,True,True,False,False,True,True,1,4,28912.8,5.94
7296,585,75,False,False,True,False,False,True,1,3,96480.6,20.47
7297,409,125,True,False,False,False,True,False,1,1,31042.4,16.31
7298,371,139,True,False,True,True,False,False,1,2,52895.2,14.84
7299,646,4,True,True,True,False,False,True,1,2,70690.0,2.62
7300,1289,194,True,False,False,False,True,False,1,2,33890.3,4.56
7301,1145,91,False,True,False,False,False,True,1,1,6838.4,5.85
7302,446,97,True,False,True,False,True,False,1,4,119956.8,6.19
7303,1415,181,False,True,True,False,True,True,1,1,22563.0,9.69
7304,316,285,False,False,False,True,True,False,1,2,49862.0,21.43
7305,1367,260,False,False,True,False,True,False,0,0,0.0,11.39
7306,464,294,False,True,True,False,False,True,0,0,0.0,21.98
7307,811,125,True,True,True,False,False,False,0,0,0.0,13.86
7308,305,36,False,True,False,False,False,False,1,1,5807.1,9.31
7309,1144,65,True,True,False,False,False,False,1,1,23361.2,1.0
7310,477,104,False,False,True,False,True,False,1,1,2141.3,18.96
7311,1309,91,True,True,True,False,False,False,1,1,6838.4,2.85
7312,125,63,False,True,False,False,False,True,0,0,0.0,17.88
7313,754,46,False,True,False,False,True,False,1,1,27304.0,5.53
7314,238,57,True,False,False,True,True,False,1,4,89733.2,13.7
7315,1334,198,False,True,True,True,False,False,1,2,60793.5,9.66
7316,626,148,True,False,True,False,False,False,1,2,51896.8,13.06
7317,1012,12,True,True,True,True,False,False,0,0,0.0,26.28
7318,1320,170,False,True,False,True,False,True,1,2,66818.5,12.82
7319,804,253,False,True,False,True,True,True,1,3,36972.6,10.65
7320,86,128,False,False,False,False,True,True,1,2,70810.2,21.73
7321,332,96,True,False,False,False,False,False,0,0,0.0,30.28
7322,320,82,False,False,True,False,False,False,0,0,0.0,12.05
7323,1372,114,True,False,True,False,True,False,0,0,0.0,23.84
7324,1363,84,False,False,True,False,True,False,1,3,71041.95,22.53
7325,716,278,False,False,True,True,True,False,0,0,0.0,13.95
7326,1336,298,True,True,False,False,False,True,1,4,2346.8,5.49
7327,370,103,True,False,False,False,False,False,0,0,0.0,26.87
7328,1020,278,False,False,True,False,False,True,0,0,0.0,15.7
7329,588,257,False,False,True,False,False,False,0,0,0.0,1.0
7330,361,23,True,True,False,False,False,False,1,1,28183.1,18.12
7331,376,148,False,True,False,False,False,False,0,0,0.0,27.21
7332,630,197,True,True,False,False,True,False,1,1,2034.9,4.76
7333,510,127,False,False,True,True,True,False,1,2,63364.1,14.52
7334,317,138,False,False,True,False,True,False,0,0,0.0,10.07
7335,502,149,False,False,True,False,True,False,1,2,24332.0,21.49
7336,193,207,False,False,False,False,False,False,0,0,0.0,11.84
7337,1455,89,False,False,True,False,False,False,1,2,12161.8,24.74
7338,570,180,False,False,False,True,False,False,0,0,0.0,18.5
7339,162,74,False,True,False,False,False,True,1,1,4738.4,15.51
7340,864,267,False,False,False,False,True,True,0,0,0.0,8.96
7341,1325,26,False,True,False,False,True,True,0,0,0.0,15.55
7342,540,21,True,False,True,True,False,True,1,1,14959.4,7.46
7343,1268,12,True,False,True,False,False,False,0,0,0.0,14.63
7344,917,105,False,False,False,False,True,False,0,0,0.0,11.03
7345,1109,182,False,True,True,True,False,True,1,1,7718.05,1.0
7346,445,296,False,True,True,True,True,True,1,1,18643.0,8.27
7347,56,137,False,False,True,True,False,False,0,0,0.0,14.08
7348,519,55,False,False,True,True,False,False,1,3,26919.0,27.69
7349,1387,111,True,True,False,True,False,False,1,1,16595.3,4.77
7350,1187,39,True,False,False,False,True,True,1,2,61476.8,16.34
7351,1177,142,False,False,True,True,True,False,1,2,30919.2,25.05
7352,1318,219,False,False,False,True,True,False,1,3,58986.9,21.22
7353,560,11,True,False,True,False,True,False,1,1,18837.55,12.35
7354,484,234,True,False,True,False,False,False,1,4,16932.8,3.38
7355,1388,69,True,False,False,True,True,True,1,2,34874.5,4.26
7356,858,202,False,False,False,False,True,False,0,0,0.0,5.59
7357,447,245,False,False,False,False,True,False,0,0,0.0,14.74
7358,418,233,True,True,False,False,False,True,1,2,57219.4,2.18
7359,1316,201,False,False,False,False,False,True,1,1,29021.45,18.1
7360,81,209,True,False,False,True,True,False,1,4,94986.0,1.0
7361,93,57,False,False,False,False,False,False,0,0,0.0,9.43
7362,1107,41,True,True,False,False,True,True,0,0,0.0,23.45
7363,3,115,True,False,False,True,True,False,1,1,20919.0,10.18
7364,257,183,True,False,True,False,False,True,1,2,91800.9,13.88
7365,1486,186,False,True,False,False,False,False,0,0,0.0,23.31
7366,639,234,True,True,False,False,True,True,1,1,4228.2,7.94
7367,1092,93,False,False,False,False,True,True,0,0,0.0,8.53
7368,731,260,False,False,True,False,False,True,1,4,112764.0,24.93
7369,136,135,False,False,False,True,True,True,1,1,36719.1,16.45
7370,277,74,False,True,True,True,True,False,0,0,0.0,19.51
7371,1142,221,True,True,False,False,True,True,1,1,10124.1,5.72
7372,142,39,True,False,True,False,False,False,0,0,0.0,25.51
7373,892,122,True,False,True,True,True,False,1,3,10968.75,8.35
7374,523,235,False,True,False,False,True,False,0,0,0.0,19.21
7375,556,232,False,False,False,True,False,True,1,1,34034.75,22.51
7376,1429,77,True,True,False,False,True,True,1,1,11076.0,4.22
7377,909,50,False,True,False,False,True,False,1,1,10850.4,4.57
7378,923,10,True,False,True,False,True,True,1,1,31173.3,3.84
7379,526,27,False,False,False,False,True,False,0,0,0.0,11.39
7380,573,248,True,False,False,False,True,True,1,1,11474.4,5.34
7381,1029,236,False,False,True,True,False,True,1,2,62038.4,18.51
7382,59,152,False,True,True,False,True,False,1,3,67562.1,4.62
7383,356,172,False,True,True,False,True,False,1,4,123334.4,8.37
7384,901,98,False,True,True,False,False,False,0,0,0.0,17.22
7385,936,58,True,False,True,False,False,True,1,2,58643.0,1.0
7386,139,4,True,False,True,True,False,False,1,1,35345.0,10.2
7387,1182,202,True,False,True,True,True,False,1,2,17763.6,12.92
7388,814,11,True,False,False,True,True,True,0,0,0.0,21.32
7389,357,32,False,False,False,False,True,True,1,2,63475.2,23.32
7390,1128,238,False,False,True,False,False,True,0,0,0.0,22.71
7391,1487,175,False,False,True,False,False,False,0,0,0.0,18.65
7392,636,147,True,True,True,False,False,True,1,2,73696.4,11.53
7393,426,66,True,True,True,False,True,True,0,0,0.0,20.09
7394,450,45,True,False,True,False,False,True,1,2,31315.6,8.4
7395,889,140,False,True,True,False,True,False,1,3,57934.8,18.37
7396,72,108,False,False,True,True,False,True,0,0,0.0,20.26
7397,726,161,False,True,False,False,False,True,1,2,57077.2,5.18
7398,38,50,True,False,False,False,True,False,1,1,10850.4,16.46
7399,58,70,True,False,True,True,True,False,1,2,60821.6,9.44
7400,646,34,True,False,False,False,True,True,0,0,0.0,24.26
7401,1119,128,False,False,False,False,False,False,1,2,70820.2,23.01
7402,1326,83,False,True,False,False,False,True,0,0,0.0,25.32
7403,132,68,True,False,False,True,True,False,1,2,71211.3,13.02
7404,367,165,False,True,True,False,True,False,0,0,0.0,23.23
7405,633,150,True,False,True,False,False,False,0,0,0.0,27.99
7406,862,64,False,False,False,False,True,True,0,0,0.0,11.18
7407,1481,210,False,False,True,False,True,True,1,2,81622.1,22.09
7408,1027,104,True,True,False,False,False,False,1,3,6438.9,5.09
7409,808,103,True,False,True,False,False,True,1,1,8065.4,10.26
7410,92,144,True,True,False,False,False,True,1,2,68305.8,2.44
7411,122,42,True,False,True,False,True,False,1,4,129292.8,14.54
7412,230,127,True,True,True,False,True,True,1,1,31682.05,6.84
7413,992,175,True,True,False,True,True,False,1,1,5401.8,2.4
7414,497,39,False,False,True,False,False,True,1,1,30743.4,22.97
7415,362,170,True,True,True,True,False,False,1,2,66818.5,1.89
7416,1006,12,True,True,True,False,True,True,1,2,41473.6,12.1
7417,1224,182,False,False,True,False,True,False,1,2,15426.1,25.84
7418,659,11,True,True,False,False,False,False,1,1,18842.55,8.41
7419,1323,53,False,False,False,True,True,False,1,1,34217.1,16.23
7420,1102,106,True,True,True,True,True,False,1,3,104130.6,11.43
7421,1075,185,False,True,False,True,True,False,1,2,2012.8,4.96
7422,1302,216,True,False,True,True,False,False,1,2,59834.5,5.37
7423,276,141,False,False,True,True,True,True,1,3,78138.9,19.77
7424,1138,40,True,False,True,False,False,True,1,2,14466.4,10.32
7425,1437,117,True,False,True,True,True,False,1,1,6211.8,9.84
7426,1489,237,True,False,True,False,True,False,1,1,39765.55,8.92
7427,868,28,True,False,False,False,False,False,1,1,31498.35,7.12
7428,1132,215,False,False,False,False,False,False,0,0,0.0,23.3
7429,1333,116,False,False,False,False,False,True,1,1,14929.0,19.91
7430,1279,2,False,False,False,False,False,False,0,0,0.0,14.86
7431,1347,209,False,False,False,False,False,True,0,0,0.0,17.8
7432,1249,9,True,True,False,False,False,True,1,4,106226.8,10.33
7433,572,111,False,True,False,True,False,False,1,2,33190.6,5.86
7434,1096,59,False,False,True,False,True,False,1,2,60506.4,12.46
7435,616,176,False,False,False,False,True,True,0,0,0.0,20.01
7436,1203,17,False,False,False,False,True,False,0,0,0.0,8.78
7437,1216,28,False,False,False,False,False,False,0,0,0.0,20.91
7438,1403,160,True,False,True,True,True,True,1,1,18468.0,8.73
7439,883,299,True,False,False,False,False,False,1,1,1213.2,2.53
7440,713,12,True,False,True,False,True,True,0,0,0.0,19.08
7441,249,139,True,False,False,False,False,False,1,2,52895.2,7.8
7442,958,241,False,False,False,False,True,False,1,2,67455.7,14.86
7443,850,88,True,True,True,False,False,False,1,2,40124.8,9.03
7444,773,148,True,True,False,True,False,False,1,2,51896.8,10.63
7445,1015,252,True,False,True,True,False,False,1,4,62060.0,6.75
7446,1277,219,True,True,False,False,True,True,1,2,39324.6,9.46
7447,224,88,True,True,False,True,False,False,1,3,60187.2,5.95
7448,648,226,True,False,True,False,True,False,1,1,6801.0,12.13
7449,1084,203,False,False,False,False,False,False,0,0,0.0,13.6
7450,1230,153,True,True,False,False,True,False,1,2,16000.8,2.35
7451,1168,133,True,False,True,False,True,True,1,2,25590.6,1.0
7452,1200,278,False,False,True,False,True,False,1,1,23912.0,11.43
7453,1283,263,False,True,True,False,False,False,0,0,0.0,17.78
7454,1443,298,True,True,True,False,True,True,1,3,1745.1,5.39
7455,913,203,False,False,True,False,False,False,0,0,0.0,7.87
7456,374,108,False,False,False,False,True,True,1,1,23231.2,25.76
7457,846,33,False,True,True,True,False,True,1,2,25125.2,4.7
7458,1065,38,False,True,False,False,True,False,0,0,0.0,15.17
7459,152,286,False,True,True,False,True,True,1,3,115236.9,2.87
7460,1136,109,False,True,True,False,False,False,1,1,26060.75,9.26
7461,817,34,False,True,True,True,True,False,1,4,91355.6,2.41
7462,1405,68,True,False,True,False,False,True,1,2,71221.3,9.28
7463,318,7,True,True,False,False,False,True,1,3,1699.8,2.63
7464,1361,160,False,False,False,False,True,True,1,4,73872.0,22.91
7465,673,178,False,True,False,False,False,False,1,4,168560.0,16.88
7466,861,114,False,False,True,False,True,True,1,1,44495.1,23.37
7467,991,224,False,True,True,False,True,False,0,0,0.0,13.92
7468,869,145,True,False,False,True,False,True,1,1,33632.2,3.34
7469,1356,288,False,False,False,True,True,False,0,0,0.0,14.71
7470,251,229,True,True,True,False,False,True,1,2,10390.6,9.27
7471,1095,23,False,False,True,False,True,True,1,4,112712.4,21.54
7472,1463,83,True,True,True,False,False,True,0,0,0.0,25.0
7473,331,227,False,False,False,False,False,False,0,0,0.0,22.3
7474,383,162,False,False,False,False,False,False,0,0,0.0,16.96
7475,713,226,True,False,False,True,True,True,1,1,6801.0,8.52
7476,1088,101,True,False,False,True,True,True,1,1,22608.0,1.73
7477,1439,12,False,False,True,True,True,True,1,1,20736.8,16.73
7478,1194,236,True,False,False,True,True,True,1,2,62028.4,4.82
7479,1192,236,False,False,False,False,False,True,1,1,31019.2,19.36
7480,662,192,False,False,True,False,False,False,1,1,15626.3,16.6
7481,969,122,False,False,False,True,True,False,1,2,7312.5,22.58
7482,317,3,True,True,True,False,False,True,1,1,16630.95,3.65
7483,695,219,True,True,True,True,True,False,1,1,19662.3,11.21
7484,284,199,True,False,True,True,True,True,1,1,18588.0,5.15
7485,41,201,False,True,False,True,True,False,1,1,29016.45,10.06
7486,1285,52,True,True,False,False,False,True,0,0,0.0,29.68
7487,1208,220,False,True,False,False,True,True,1,3,80526.6,7.33
7488,767,218,False,False,False,False,False,False,0,0,0.0,14.26
7489,22,258,True,False,False,True,True,False,1,1,6255.9,8.86
7490,136,171,False,True,False,False,True,False,1,2,58438.5,10.89
7491,168,220,False,False,False,False,False,False,0,0,0.0,9.48
7492,1076,121,True,True,False,False,False,True,1,2,49759.6,6.19
7493,306,210,False,False,False,False,True,True,0,0,0.0,20.95
7494,376,209,False,True,True,False,False,False,0,0,0.0,24.8
7495,1292,234,False,True,True,True,False,False,1,1,4233.2,16.35
7496,1315,257,False,True,False,False,True,False,1,2,2341.8,10.39
7497,1145,1,False,True,False,False,False,True,0,0,0.0,24.97
7498,465,234,True,False,False,False,True,True,1,1,4228.2,9.88
7499,870,238,True,False,False,False,True,False,0,0,0.0,23.57
7500,301,164,False,False,False,False,True,False,1,1,24717.0,15.14
7501,1287,156,True,True,True,False,True,True,1,1,5000.25,5.7
7502,128,217,False,False,True,True,True,True,1,4,125913.2,19.87
7503,1117,137,True,False,True,False,True,False,1,3,61816.5,16.28
7504,768,125,False,False,False,True,False,True,0,0,0.0,22.74
7505,1137,242,False,True,False,True,False,True,0,0,0.0,25.89
7506,677,237,False,False,False,True,False,True,0,0,0.0,22.34
7507,238,63,True,False,True,False,True,False,1,2,62454.6,5.0
7508,1127,249,True,True,True,False,False,False,1,2,9887.5,11.42
7509,947,98,True,False,True,False,False,True,0,0,0.0,16.92
7510,697,42,False,True,False,True,True,False,1,4,129292.8,4.55
7511,560,264,False,False,False,False,False,False,0,0,0.0,20.39
7512,516,72,False,False,True,False,True,False,0,0,0.0,15.93
7513,722,61,False,False,False,True,False,False,0,0,0.0,11.99
7514,393,81,False,True,True,False,True,False,0,0,0.0,16.98
7515,424,148,False,False,False,True,True,False,1,2,51886.8,15.85
7516,418,50,True,False,False,True,True,False,1,3,32551.2,10.23
7517,20,48,False,False,False,True,False,False,1,4,62777.6,14.32
7518,1392,118,True,False,False,True,False,True,1,4,2794.4,12.41
7519,355,66,True,True,True,True,False,True,1,3,8846.7,6.86
7520,248,58,True,False,True,False,False,False,0,0,0.0,15.87
7521,227,274,True,True,False,False,True,False,1,1,1633.6,2.04
7522,1483,179,False,True,False,True,False,False,1,1,13835.75,5.55
7523,716,5,False,False,True,True,True,True,1,3,17311.95,21.33
7524,491,31,False,False,True,False,True,False,1,2,63439.5,15.41
7525,606,245,False,True,False,False,False,False,0,0,0.0,26.3
7526,133,81,True,False,False,False,True,False,1,1,29812.0,12.72
7527,471,46,False,False,True,True,True,False,1,3,81912.0,18.41
7528,374,200,False,True,False,False,False,False,0,0,0.0,27.92
7529,1205,252,False,False,False,True,False,False,0,0,0.0,17.18
7530,88,120,False,True,True,True,False,False,1,3,63267.9,7.87
7531,639,223,False,True,True,False,False,False,1,3,20292.0,10.26
7532,1186,127,False,True,True,False,True,False,1,4,126728.2,1.0
7533,1251,33,False,False,False,False,False,True,0,0,0.0,14.75
7534,769,240,True,False,False,False,True,False,1,2,26682.6,10.56
7535,334,276,False,False,True,False,True,True,0,0,0.0,13.83
7536,506,296,False,False,True,True,True,False,1,1,18643.0,16.91
7537,334,31,True,True,True,False,True,False,1,4,126879.0,2.01
7538,994,170,False,True,True,False,False,True,1,4,133637.0,4.71
7539,439,188,True,True,False,False,True,True,1,3,62544.0,8.5
7540,946,24,True,True,True,True,True,True,1,2,15314.4,7.95
7541,984,286,False,False,True,False,True,False,1,2,76824.6,18.32
7542,1410,31,True,False,False,True,False,False,1,4,126899.0,1.0
7543,556,81,False,False,True,True,True,False,1,4,119248.0,21.09
7544,1442,291,False,False,False,False,False,False,0,0,0.0,14.47
7545,602,167,False,False,True,False,True,False,0,0,0.0,17.68
7546,1022,204,False,False,False,True,True,False,0,0,0.0,20.68
7547,993,149,True,False,False,False,True,False,1,2,24332.0,11.41
7548,1227,226,False,True,True,False,False,True,0,0,0.0,23.95
7549,704,25,False,True,False,False,True,False,0,0,0.0,24.76
7550,1189,203,False,False,True,False,True,False,1,2,4864.0,21.45
7551,534,20,False,False,False,False,False,False,0,0,0.0,12.93
7552,737,54,False,True,False,False,False,False,0,0,0.0,18.87
7553,750,152,False,False,True,False,True,False,0,0,0.0,14.76
7554,1057,135,False,False,False,False,False,False,0,0,0.0,7.28
7555,928,46,True,False,False,False,False,True,0,0,0.0,19.03
7556,118,240,False,False,False,False,False,False,0,0,0.0,8.78
7557,1214,91,False,True,True,False,True,False,1,4,27333.6,9.04
7558,1138,260,False,False,False,False,False,False,0,0,0.0,15.74
7559,157,5,True,False,False,False,True,False,1,3,17311.95,4.34
7560,1443,72,True,True,True,False,True,True,1,2,10478.5,8.62
7561,992,90,False,False,True,False,False,True,0,0,0.0,7.75
7562,128,179,False,False,True,False,True,True,1,1,13830.75,15.28
7563,738,121,False,True,True,True,False,True,1,4,99519.2,14.19
7564,1255,48,True,False,True,True,True,False,1,4,62757.6,2.04
7565,420,172,False,False,True,False,False,False,0,0,0.0,22.17
7566,1400,288,False,True,True,False,False,True,1,1,33788.2,6.7
7567,628,41,False,False,True,False,False,True,0,0,0.0,15.64
7568,340,76,True,True,False,True,True,True,1,1,28362.0,11.52
7569,535,144,False,False,True,False,False,False,0,0,0.0,13.89
7570,788,218,True,True,True,True,False,False,0,0,0.0,26.22
7571,1033,41,True,False,False,False,False,True,1,1,41608.35,4.89
7572,1392,70,False,True,True,False,False,False,1,4,121663.2,5.34
7573,293,71,True,True,True,True,True,True,1,4,156899.2,4.58
7574,1441,185,True,True,False,True,True,False,1,1,1006.4,1.79
7575,792,25,False,False,False,False,True,False,1,2,15532.9,13.28
7576,192,198,True,False,False,True,False,False,1,1,30396.75,7.46
7577,1390,128,False,False,False,False,True,True,1,3,106215.3,19.54
7578,524,99,True,True,True,True,False,False,1,1,18446.6,14.3
7579,931,259,False,True,True,True,True,False,1,3,2266.2,3.77
7580,1048,246,False,True,False,True,True,False,1,3,14185.65,3.78
7581,21,241,True,False,True,False,False,True,1,3,101198.55,9.35
7582,333,266,True,False,True,False,True,False,1,1,10355.0,5.28
7583,1030,71,True,True,True,False,True,False,1,4,156899.2,7.96
7584,488,257,True,False,False,False,False,True,1,1,1175.9,8.45
7585,14,53,False,False,False,False,True,True,0,0,0.0,11.48
7586,35,100,False,False,True,False,False,True,1,2,10347.6,18.3
7587,1240,167,False,False,True,False,False,False,0,0,0.0,18.83
7588,231,224,True,True,True,True,False,True,1,2,10288.4,6.86
7589,151,174,True,False,True,True,False,False,1,1,11834.6,13.31
7590,844,168,False,False,False,False,True,False,0,0,0.0,14.58
7591,179,113,True,True,True,True,False,False,1,1,26214.75,10.15
7592,980,178,False,False,False,False,True,True,0,0,0.0,17.88
7593,817,143,True,False,False,True,True,False,1,2,31396.5,4.17
7594,974,144,False,False,False,False,False,True,0,0,0.0,12.75
7595,738,176,True,False,False,False,True,True,1,2,5465.6,13.79
7596,1168,181,True,True,False,True,True,True,1,4,90252.0,8.29
7597,968,99,False,True,True,True,True,False,1,2,36883.2,1.32
7598,623,41,False,False,True,True,False,False,0,0,0.0,10.35
7599,24,90,True,False,True,True,False,True,1,1,27715.0,4.13
7600,411,123,True,True,True,True,False,False,1,4,92448.0,7.53
7601,198,49,False,False,False,False,False,True,0,0,0.0,16.33
7602,24,54,True,False,False,False,False,True,1,1,39409.1,11.19
7603,410,286,True,False,False,False,True,False,1,2,76824.6,1.92
7604,310,85,True,False,False,True,True,True,1,4,60736.0,1.0
7605,116,222,True,False,False,False,True,True,0,0,0.0,21.97
7606,469,39,True,True,True,False,True,True,1,1,30738.4,11.95
7607,760,292,True,False,True,True,False,True,1,1,30336.2,7.72
7608,268,64,False,False,True,False,True,False,0,0,0.0,12.2
7609,410,119,True,True,False,False,True,True,1,1,12881.05,1.0
7610,31,235,False,True,True,False,True,False,1,1,39350.75,6.74
7611,76,61,False,False,True,True,True,False,0,0,0.0,14.58
7612,237,165,True,True,True,False,True,False,1,4,168278.4,6.78
7613,680,236,False,False,False,False,True,True,0,0,0.0,15.45
7614,1000,8,False,False,True,False,False,True,1,3,63045.9,26.59
7615,1183,8,False,True,False,True,True,True,1,1,21010.3,5.65
7616,945,237,True,False,False,False,False,False,0,0,0.0,29.62
7617,926,79,False,False,False,False,True,False,1,2,40286.4,26.76
7618,1404,273,False,False,False,False,False,False,1,1,21303.5,29.05
7619,384,279,True,True,False,True,False,True,1,2,30239.2,8.81
7620,1198,265,True,False,False,True,True,False,1,2,49484.4,12.12
7621,1406,300,False,True,True,False,False,False,0,0,0.0,20.29
7622,852,247,False,True,True,False,True,True,1,2,56548.8,5.54
7623,1261,116,True,True,True,False,True,True,1,1,14924.0,6.09
7624,207,298,True,False,True,False,False,True,1,4,2346.8,4.68
7625,1319,104,False,False,False,False,True,True,0,0,0.0,14.99
7626,847,176,False,False,True,False,True,False,1,3,8198.4,14.97
7627,333,2,False,True,False,False,True,False,1,3,40921.2,11.47
7628,93,289,False,False,True,False,True,False,0,0,0.0,14.15
7629,1080,178,True,False,True,True,True,False,1,2,84270.0,7.93
7630,647,285,True,False,True,False,False,False,1,2,49872.0,6.14
7631,466,106,True,False,False,False,True,True,1,1,34710.2,3.51
7632,586,94,True,False,False,True,False,False,1,1,15688.25,4.91
7633,1487,157,False,False,True,True,False,True,0,0,0.0,19.66
7634,642,260,True,False,True,False,False,True,1,1,28191.0,16.99
7635,119,165,True,False,True,False,False,False,0,0,0.0,27.53
7636,420,238,True,False,True,False,True,False,1,2,46620.0,15.63
7637,219,65,False,True,False,True,False,False,0,0,0.0,25.7
7638,1029,233,False,False,True,True,False,False,1,2,57219.4,15.83
7639,1201,220,False,False,False,False,True,True,1,2,53684.4,23.84
7640,1262,269,False,False,True,True,False,False,0,0,0.0,13.55
7641,950,18,False,True,False,False,True,True,1,3,105347.25,18.62
7642,1153,116,True,False,False,True,False,False,1,1,14929.0,11.6
7643,626,27,True,True,False,True,False,False,1,3,82559.55,9.98
7644,942,121,False,False,True,False,True,False,0,0,0.0,14.33
7645,161,228,False,False,False,True,False,False,0,0,0.0,19.44
7646,808,193,True,False,False,False,True,False,0,0,0.0,23.33
7647,837,226,False,True,True,False,True,False,1,1,6801.0,12.17
7648,47,222,False,True,True,False,True,False,1,1,33672.75,9.84
7649,823,298,False,False,True,False,False,False,0,0,0.0,13.45
7650,1085,264,False,True,True,False,True,False,0,0,0.0,16.04
7651,552,176,False,False,False,False,True,False,1,2,5465.6,21.4
7652,818,263,False,False,True,True,True,False,1,1,23650.5,24.54
7653,430,15,True,False,False,False,True,False,1,1,4828.85,8.94
7654,407,217,True,True,False,False,False,True,1,2,62966.6,4.83
7655,195,157,False,False,True,False,True,False,1,2,66902.0,20.85
7656,492,288,True,True,False,True,False,False,1,1,33788.2,12.44
7657,1205,152,True,False,True,True,True,False,1,1,22520.7,10.67
7658,1404,54,False,True,True,False,True,True,1,1,39404.1,9.0
7659,954,218,False,True,True,True,True,False,0,0,0.0,17.44
7660,937,286,True,False,True,True,True,False,1,1,38412.3,2.64
7661,921,5,False,True,True,False,False,True,1,2,11551.3,11.32
7662,714,20,True,True,False,True,False,False,1,4,51928.0,3.66
7663,635,199,False,True,False,False,True,False,0,0,0.0,18.33
7664,932,167,False,True,True,True,True,False,1,4,10015.2,5.52
7665,1177,165,False,False,True,True,False,False,0,0,0.0,18.63
7666,621,28,False,True,False,False,True,False,1,3,94480.05,13.76
7667,849,172,True,False,True,False,True,False,1,2,61667.2,1.0
7668,706,171,True,False,True,False,False,False,1,1,29224.25,11.41
7669,429,255,True,True,False,False,False,False,0,0,0.0,23.03
7670,436,118,True,False,False,True,False,True,1,1,698.6,9.25
7671,119,105,False,False,False,False,True,False,0,0,0.0,8.11
7672,660,25,True,False,False,True,True,False,0,0,0.0,28.33
7673,1069,171,False,False,True,True,True,False,1,2,58438.5,23.58
7674,1029,195,True,True,False,False,True,False,1,1,17831.25,7.74
7675,1479,85,False,True,True,True,True,True,1,1,15184.0,11.33
7676,60,220,True,False,True,True,True,False,1,1,26842.2,10.46
7677,1141,282,False,True,False,False,False,False,1,2,46013.2,8.9
7678,1193,53,False,False,True,False,False,False,0,0,0.0,20.28
7679,655,172,True,False,False,False,False,False,0,0,0.0,25.06
7680,425,209,False,False,False,False,True,True,1,2,47493.0,16.13
7681,536,6,True,False,True,False,True,False,1,4,9168.0,12.17
7682,1024,54,True,False,False,True,True,True,1,2,78808.2,1.16
7683,1294,119,True,False,False,True,False,True,1,1,12886.05,14.64
7684,965,42,False,False,True,False,True,True,1,2,64646.4,18.14
7685,772,107,True,True,False,False,False,False,1,1,889.8,8.05
7686,979,45,False,False,True,False,True,True,1,2,31305.6,15.52
7687,106,269,True,False,True,False,False,True,1,4,8854.4,5.87
7688,913,180,False,True,True,False,False,True,1,3,41193.6,9.13
7689,64,99,True,False,True,False,False,True,1,2,36893.2,12.37
7690,1439,234,False,False,True,False,True,True,1,1,4228.2,14.48
7691,1334,6,False,True,True,True,False,True,1,4,9188.0,14.2
7692,763,180,False,False,True,False,True,False,1,3,41178.6,21.89
7693,562,206,False,False,True,False,True,False,1,2,52425.8,19.19
7694,1099,243,True,False,False,False,False,True,1,1,36347.0,2.52
7695,957,67,False,True,True,True,True,True,0,0,0.0,11.27
7696,1059,178,False,True,False,True,True,True,1,4,168540.0,7.89
7697,774,231,False,False,True,True,False,False,1,4,163070.4,18.34
7698,355,240,False,False,True,False,False,False,1,2,26692.6,16.98
7699,110,53,True,False,True,False,False,False,0,0,0.0,20.02
7700,425,293,False,True,True,True,True,False,1,1,34715.7,9.07
7701,794,83,False,False,False,True,False,False,0,0,0.0,20.28
7702,637,118,False,True,True,False,False,True,1,4,2794.4,6.65
7703,760,58,False,False,True,False,True,True,1,4,117266.0,13.73
7704,417,45,False,False,False,True,True,False,0,0,0.0,16.72
7705,1407,77,False,False,False,False,False,False,0,0,0.0,11.66
7706,551,41,False,False,False,False,False,False,0,0,0.0,20.7
7707,1270,220,True,True,True,False,True,False,0,0,0.0,19.86
7708,587,180,False,False,True,False,False,False,0,0,0.0,10.36
7709,666,118,False,True,False,True,True,False,1,1,693.6,14.56
7710,906,165,False,False,True,True,False,False,0,0,0.0,19.12
7711,395,182,False,False,False,False,False,False,0,0,0.0,20.04
7712,330,56,True,False,True,True,False,True,1,2,48175.0,10.74
7713,569,90,True,False,True,False,False,False,0,0,0.0,26.63
7714,1207,265,False,True,True,False,False,True,1,3,74241.6,9.81
7715,217,4,True,True,True,False,False,True,0,0,0.0,17.07
7716,657,288,True,False,True,False,True,False,1,2,67566.4,5.18
7717,1009,290,True,True,False,False,True,True,1,1,39552.0,13.54
7718,1060,76,False,False,False,False,False,False,0,0,0.0,3.93
7719,652,97,False,False,False,False,False,False,1,2,59988.4,22.52
7720,123,63,False,False,True,False,False,True,0,0,0.0,16.69
7721,24,169,True,False,False,False,False,False,0,0,0.0,17.99
7722,705,65,False,False,False,False,True,True,1,3,70068.6,24.05
7723,1216,238,False,False,True,False,False,True,1,2,46630.0,21.59
7724,43,117,True,False,False,False,True,False,1,2,12423.6,6.41
7725,1332,291,False,True,False,True,True,True,1,1,27459.75,1.0
7726,1014,256,False,False,True,True,True,False,1,1,43187.95,23.02
7727,13,121,True,False,False,True,False,False,1,1,24879.8,3.12
7728,516,179,False,False,True,False,False,False,1,1,13835.75,10.65
7729,331,8,True,False,True,True,True,False,1,1,21010.3,1.79
7730,1424,21,True,True,True,False,True,True,1,2,29908.8,1.0
7731,833,152,True,True,False,True,True,False,0,0,0.0,26.13
7732,487,142,False,False,True,False,False,True,0,0,0.0,17.33
7733,418,120,False,False,False,False,True,True,0,0,0.0,20.37
7734,846,28,True,False,False,True,True,False,1,3,94480.05,11.0
7735,8,252,True,True,False,False,True,False,1,1,15510.0,9.46
7736,387,122,False,False,False,False,True,False,0,0,0.0,16.82
7737,249,142,True,False,False,True,True,False,1,1,15459.6,6.48
7738,931,122,False,False,False,False,False,False,0,0,0.0,19.42
7739,1004,150,False,False,True,False,False,True,1,1,23288.0,15.07
7740,701,195,False,False,False,False,True,True,1,1,17831.25,17.3
7741,211,230,False,True,True,False,False,True,1,1,9681.8,6.66
7742,556,165,False,False,True,False,False,True,1,2,84149.2,25.2
7743,1265,50,True,True,True,False,False,False,1,2,21710.8,8.02
7744,306,263,False,False,True,False,True,True,1,1,23650.5,10.57
7745,246,86,False,True,False,True,True,False,1,3,28279.8,7.87
7746,168,5,False,False,False,False,False,False,0,0,0.0,10.11
7747,1226,12,True,True,True,True,True,True,1,1,20736.8,6.09
7748,180,233,False,False,True,False,False,True,0,0,0.0,16.25
7749,873,117,False,False,False,True,True,True,1,4,24847.2,18.28
7750,1499,7,True,False,False,False,True,False,1,1,561.6,13.74
7751,963,244,True,False,True,False,False,True,1,4,74093.0,5.12
7752,619,92,True,False,True,False,False,False,1,1,29585.85,9.89
7753,311,294,True,True,False,False,False,False,0,0,0.0,26.45
7754,3,264,True,False,False,False,True,True,1,2,14072.4,9.84
7755,234,15,False,True,False,False,True,False,1,2,9657.7,3.83
7756,1430,208,False,False,False,False,False,False,0,0,0.0,19.05
7757,216,181,False,True,True,False,False,False,1,3,67704.0,18.07
7758,30,52,False,True,False,False,False,False,0,0,0.0,24.59
7759,1225,103,False,False,False,True,True,True,1,4,32241.6,25.88
7760,628,148,True,False,True,True,False,True,1,3,77845.2,13.82
7761,536,44,False,True,True,True,True,True,1,1,38706.45,9.15
7762,1077,217,False,False,True,False,True,False,0,0,0.0,18.79
7763,785,84,True,True,True,True,True,False,0,0,0.0,19.14
7764,1372,282,True,True,False,False,True,False,1,1,23001.6,6.23
7765,702,241,False,True,False,True,True,True,1,1,33727.85,6.0
7766,1070,191,True,False,True,False,True,True,1,1,23485.5,4.83
7767,1319,36,False,False,True,False,True,False,1,1,5802.1,13.95
7768,696,8,False,True,False,False,False,True,0,0,0.0,21.82
7769,427,44,False,True,False,True,False,True,0,0,0.0,18.77
7770,1462,150,True,False,True,True,False,False,1,1,23288.0,12.52
7771,341,235,False,True,False,False,True,False,0,0,0.0,13.06
7772,59,46,False,True,True,True,True,False,1,1,27304.0,13.14
7773,868,213,True,False,False,True,False,False,1,1,17567.0,7.44
7774,1481,15,True,True,False,False,False,False,0,0,0.0,27.84
7775,130,80,True,False,True,True,False,False,0,0,0.0,22.06
7776,1275,180,False,True,True,False,False,True,1,2,27462.4,9.82
7777,1246,249,True,False,True,False,True,True,1,1,4938.75,4.48
7778,1394,234,False,True,False,True,True,True,1,2,8456.4,13.79
7779,633,160,False,False,True,False,False,True,0,0,0.0,14.83
7780,383,11,True,True,False,False,True,False,0,0,0.0,19.33
7781,769,89,True,True,True,True,False,False,1,3,18242.7,4.44
7782,214,236,True,True,False,False,True,True,1,1,31014.2,2.5
7783,1265,25,True,False,True,False,True,False,0,0,0.0,18.48
7784,995,212,True,False,True,True,True,False,1,4,111938.4,7.17
7785,725,212,True,False,False,False,True,False,1,4,111938.4,1.36
7786,774,226,False,True,False,False,True,False,1,2,13602.0,9.27
7787,1069,66,False,True,True,False,True,False,1,2,5887.8,7.25
7788,785,74,False,True,True,False,True,True,0,0,0.0,25.11
7789,1260,60,False,False,False,False,False,False,1,1,24929.9,18.45
7790,1387,119,True,False,False,False,True,True,1,1,12881.05,1.73
7791,1425,158,True,True,True,False,False,False,1,1,2162.6,9.99
7792,931,36,False,False,False,True,True,False,0,0,0.0,17.92
7793,1114,171,False,True,False,False,False,False,0,0,0.0,23.95
7794,467,72,False,True,True,True,False,True,0,0,0.0,27.03
7795,58,169,False,True,False,True,True,False,1,1,13225.0,7.98
7796,601,91,False,False,False,False,True,False,1,4,27333.6,15.31
7797,1308,287,False,False,True,False,True,False,0,0,0.0,25.98
7798,201,96,True,False,True,True,False,False,0,0,0.0,16.77
7799,819,262,False,False,False,True,False,False,0,0,0.0,15.88
7800,289,53,True,True,True,True,False,False,1,2,68444.2,8.67
7801,644,26,False,False,False,True,False,False,1,2,58381.2,17.88
7802,216,57,True,True,True,True,True,True,1,2,44866.6,8.63
7803,1103,126,True,False,True,False,False,True,1,1,29003.9,5.49
7804,1216,271,True,False,True,False,True,True,1,2,45993.0,8.72
7805,1138,53,False,True,True,True,True,False,1,1,34217.1,9.76
7806,1058,236,False,False,True,True,True,True,1,1,31014.2,15.76
7807,353,210,False,True,False,False,True,False,1,1,40811.05,10.45
7808,796,104,False,False,False,True,True,False,1,4,8565.2,19.27
7809,158,101,False,False,True,False,True,False,0,0,0.0,16.81
7810,562,285,False,False,True,False,False,False,1,2,49872.0,14.15
7811,759,215,False,False,False,True,False,False,0,0,0.0,17.89
7812,1003,72,False,False,True,False,False,False,0,0,0.0,15.44
7813,146,274,False,False,True,True,False,True,1,3,4915.8,17.33
7814,1220,123,True,False,True,True,True,False,1,1,23107.0,7.11
7815,689,24,True,False,True,False,False,False,1,3,22986.6,4.45
7816,1322,245,False,False,True,False,False,True,1,2,66736.0,22.12
7817,792,261,True,False,False,False,False,True,0,0,0.0,16.55
7818,821,133,False,False,True,True,True,False,0,0,0.0,20.98
7819,1039,212,False,False,True,False,True,False,0,0,0.0,9.33
7820,1230,71,True,False,True,True,False,False,1,3,117689.4,11.33
7821,237,256,False,False,True,True,True,True,1,4,172751.8,20.08
7822,767,111,False,True,True,False,True,False,1,3,49770.9,12.7
7823,45,81,True,True,True,True,False,False,1,4,119268.0,1.0
7824,712,151,True,True,False,True,False,False,1,2,24677.0,3.06
7825,1221,81,False,False,True,False,True,False,0,0,0.0,8.02
7826,1299,187,False,False,False,True,False,False,0,0,0.0,17.67
7827,426,225,True,True,True,False,True,False,1,4,55636.8,12.43
7828,580,122,False,True,True,True,False,True,1,2,7322.5,8.72
7829,828,236,False,False,False,True,False,True,1,2,62038.4,19.64
7830,594,130,False,False,False,True,True,False,1,4,38995.2,22.77
7831,268,292,True,True,False,True,False,True,1,3,91008.6,9.37
7832,458,80,False,False,False,True,True,False,1,4,22433.2,22.7
7833,607,212,False,True,False,True,False,True,0,0,0.0,18.77
7834,779,161,True,True,False,False,True,False,0,0,0.0,16.74
7835,1382,284,False,False,True,True,False,False,0,0,0.0,13.37
7836,818,66,True,False,False,False,True,True,1,1,2943.9,12.17
7837,581,60,True,True,False,False,False,False,0,0,0.0,14.66
7838,991,261,False,False,True,False,True,False,0,0,0.0,12.64
7839,1160,271,False,False,False,False,False,False,0,0,0.0,18.1
7840,646,225,False,True,True,False,False,False,1,3,41742.6,4.14
7841,734,143,True,False,True,False,True,True,1,1,15698.25,11.03
7842,327,124,False,False,False,False,True,False,0,0,0.0,12.85
7843,1298,200,False,False,False,True,True,True,1,1,18340.0,23.38
7844,1301,225,True,False,False,True,False,True,0,0,0.0,23.13
7845,263,83,False,False,False,False,False,True,0,0,0.0,9.39
7846,520,3,True,False,True,True,True,True,1,2,33251.9,5.37
7847,408,23,False,True,False,False,False,False,1,3,84549.3,13.31
7848,1385,104,False,False,True,False,True,True,1,2,4282.6,20.64
7849,98,205,False,True,False,True,False,True,1,2,58445.5,10.81
7850,312,133,False,True,True,False,False,True,0,0,0.0,18.61
7851,473,186,False,False,False,True,False,False,1,1,29140.55,18.94
7852,841,141,True,False,False,False,False,True,1,2,52102.6,11.67
7853,374,76,False,False,True,True,False,False,1,4,113468.0,21.74
7854,805,225,True,False,False,True,True,True,1,2,27818.4,6.47
7855,1121,218,False,True,True,False,False,False,1,1,2664.65,5.97
7856,1243,289,False,False,True,False,True,True,1,2,53524.0,24.43
7857,149,248,False,True,True,True,False,False,1,1,11479.4,14.4
7858,209,114,False,False,True,False,False,True,1,1,44500.1,17.43
7859,143,212,False,True,True,True,False,True,1,4,111958.4,6.6
7860,1365,106,True,True,False,False,False,False,1,1,34715.2,9.13
7861,979,262,True,True,True,True,False,False,1,4,96161.6,5.39
7862,798,184,False,True,True,True,False,False,1,2,42624.0,5.53
7863,1187,251,False,True,True,False,True,False,1,2,16606.4,6.55
7864,880,85,False,False,False,True,False,True,0,0,0.0,23.62
7865,354,5,False,False,False,False,False,False,1,1,5775.65,19.24
7866,766,43,False,False,True,True,True,True,0,0,0.0,13.89
7867,1055,160,True,True,True,False,True,True,0,0,0.0,28.59
7868,55,289,True,False,True,True,True,False,1,4,107048.0,3.76
7869,910,189,False,True,True,False,False,False,1,2,74829.2,3.97
7870,746,243,True,True,False,True,False,True,1,3,109041.0,5.54
7871,105,141,False,True,False,False,True,True,1,3,78138.9,7.82
7872,396,288,True,False,True,True,True,True,1,3,101349.6,7.18
7873,673,283,True,True,True,False,False,False,1,1,25944.45,8.17
7874,515,66,False,True,False,False,True,False,1,1,2943.9,8.62
7875,436,259,False,False,False,False,True,False,0,0,0.0,12.48
7876,974,6,False,False,False,False,False,False,0,0,0.0,11.06
7877,607,178,False,True,True,True,False,False,0,0,0.0,19.88
7878,747,132,False,True,True,False,False,False,0,0,0.0,27.9
7879,1198,91,True,False,False,False,False,False,0,0,0.0,17.32
7880,140,281,True,False,False,False,True,False,0,0,0.0,18.47
7881,540,199,True,True,False,False,True,False,1,2,37176.0,14.01
7882,110,42,False,True,True,False,False,True,1,3,96984.6,8.08
7883,1391,42,False,False,False,False,False,True,1,3,96984.6,22.46
7884,279,36,True,False,False,False,False,False,0,0,0.0,21.55
7885,1230,92,True,False,False,True,False,True,1,3,88757.55,13.06
7886,287,21,False,False,False,True,True,False,1,4,59817.6,18.91
7887,487,80,False,True,False,False,True,False,1,1,5608.3,2.4
7888,913,230,True,True,False,False,True,False,1,1,9676.8,4.28
7889,1248,263,False,True,True,True,False,True,1,1,23655.5,11.14
7890,267,236,False,True,True,False,True,True,1,4,124056.8,12.3
7891,320,149,False,False,False,True,True,True,1,4,48664.0,18.34
7892,1323,209,True,False,False,False,True,False,1,4,94986.0,8.87
7893,483,284,True,True,True,False,True,False,1,1,3004.85,5.09
7894,315,16,False,False,False,False,True,True,1,2,39486.6,13.04
7895,1116,272,False,False,True,False,True,True,1,2,59665.5,27.26
7896,137,217,False,False,False,False,False,True,0,0,0.0,15.38
7897,1301,116,True,False,True,False,False,False,1,1,14929.0,12.47
7898,1314,135,False,True,False,False,True,False,1,3,110157.3,14.46
7899,1285,132,False,False,False,True,False,True,1,4,122343.2,21.23
7900,443,48,False,False,False,False,True,False,1,1,15689.4,19.36
7901,172,70,True,False,False,True,False,True,1,2,60831.6,8.09
7902,639,89,True,True,False,False,True,False,1,3,18227.7,14.18
7903,502,2,False,False,True,False,False,False,0,0,0.0,13.9
7904,1439,151,True,True,True,False,True,False,1,3,37000.5,3.53
7905,948,143,False,True,True,False,True,True,1,1,15698.25,13.73
7906,1417,99,True,False,True,False,False,False,0,0,0.0,16.14
7907,1127,53,True,False,False,True,True,False,0,0,0.0,24.57
7908,1073,291,False,True,False,True,False,False,0,0,0.0,26.86
7909,168,204,True,True,True,True,False,False,1,1,28483.7,5.65
7910,104,143,True,True,False,False,False,True,1,4,62813.0,8.46
7911,70,217,True,False,False,False,True,True,0,0,0.0,32.3
7912,891,112,False,False,True,False,False,False,1,4,110541.6,23.26
7913,303,65,False,False,True,True,True,False,0,0,0.0,18.64
7914,1484,202,False,False,False,True,True,True,1,4,35527.2,20.72
7915,199,232,False,False,False,False,True,False,1,4,136119.0,15.18
7916,1421,196,False,True,True,False,False,False,1,2,51084.4,10.33
7917,1002,170,True,True,True,False,False,True,1,3,100227.75,5.94
7918,160,1,True,False,False,True,False,False,0,0,0.0,27.28
7919,88,192,False,True,True,False,False,True,1,2,31252.6,11.13
7920,594,186,False,False,True,False,False,False,0,0,0.0,14.94
7921,509,124,False,False,False,True,False,True,1,4,59200.8,12.95
7922,474,74,True,False,True,False,True,False,1,4,18933.6,13.87
7923,793,294,True,False,False,True,False,False,1,2,30040.0,7.22
7924,195,113,True,False,False,False,True,False,1,3,78629.25,6.74
7925,195,82,False,True,False,True,True,False,1,1,16268.15,6.84
7926,1043,212,True,False,True,False,False,False,0,0,0.0,24.29
7927,1486,145,False,False,False,False,False,False,1,1,33632.2,24.69
7928,411,168,False,False,True,False,True,False,0,0,0.0,9.99
7929,1398,195,False,False,True,False,True,False,1,3,53493.75,13.79
7930,518,111,True,True,True,False,False,False,0,0,0.0,25.95
7931,504,46,False,True,True,False,True,False,0,0,0.0,27.9
7932,136,51,True,False,False,False,False,True,1,1,22776.0,8.46
7933,635,282,False,True,True,True,True,True,1,1,23001.6,2.28
7934,747,152,False,True,True,True,False,False,1,1,22525.7,8.16
7935,996,126,False,False,True,True,False,False,1,3,87011.7,16.4
7936,238,96,False,False,True,True,False,True,1,2,1394.0,21.57
7937,284,217,True,True,False,False,False,True,1,3,94449.9,9.69
7938,649,274,True,False,False,True,False,False,0,0,0.0,21.62
7939,105,231,True,False,True,True,True,False,1,2,81525.2,8.44
7940,216,161,False,False,True,True,False,True,1,2,57077.2,11.13
7941,944,143,True,True,False,True,False,False,1,2,31406.5,6.84
7942,1431,260,False,True,True,False,False,False,1,1,28191.0,9.33
7943,860,257,False,True,False,False,False,False,0,0,0.0,15.91
7944,218,118,True,True,True,True,True,True,1,1,693.6,6.52
7945,1487,290,False,False,False,False,False,True,0,0,0.0,14.12
7946,783,249,False,False,False,False,True,True,0,0,0.0,9.18
7947,1076,254,False,False,False,False,True,True,0,0,0.0,28.93
7948,296,17,True,True,False,False,False,True,1,2,22324.0,8.54
7949,868,40,True,False,True,False,False,True,0,0,0.0,22.6
7950,115,90,False,False,False,False,False,False,0,0,0.0,17.18
7951,939,229,False,True,True,True,True,True,1,1,5190.3,5.2
7952,304,24,False,True,True,True,False,True,1,1,7662.2,5.28
7953,1365,25,False,True,False,True,False,True,0,0,0.0,30.21
7954,83,10,True,False,False,True,True,True,1,2,62346.6,12.88
7955,979,58,False,False,True,False,False,True,1,2,58643.0,19.5
7956,210,276,False,True,True,True,True,False,1,1,988.8,11.09
7957,1031,217,False,True,True,False,False,True,1,4,125933.2,12.83
7958,741,216,False,True,False,False,True,False,0,0,0.0,17.08
7959,1452,88,False,True,False,False,False,False,0,0,0.0,15.56
7960,978,188,False,True,True,False,True,False,0,0,0.0,18.57
7961,558,234,True,False,False,False,True,False,1,4,16912.8,1.64
7962,132,160,False,True,True,True,True,False,1,3,55404.0,1.0
7963,894,257,True,False,True,True,False,True,0,0,0.0,11.06
7964,662,171,False,True,True,True,False,False,1,4,116897.0,8.25
7965,79,98,False,False,False,False,True,False,0,0,0.0,16.82
7966,872,192,False,False,True,True,False,False,1,2,31252.6,17.92
7967,315,283,True,False,False,True,False,True,1,2,51888.9,6.46
7968,352,248,True,True,False,False,True,False,1,1,11474.4,9.18
7969,14,150,True,False,True,True,False,False,0,0,0.0,9.97
7970,559,180,True,False,True,False,False,False,1,3,41193.6,1.0
7971,328,293,True,True,False,False,True,True,0,0,0.0,8.94
7972,108,225,True,False,True,True,False,True,1,2,27828.4,8.36
7973,652,151,False,False,True,False,False,False,1,1,12338.5,24.24
7974,331,85,False,True,False,True,False,False,1,1,15189.0,4.8
7975,202,272,False,True,True,True,True,True,1,2,59665.5,8.22
7976,701,294,True,False,False,False,False,False,1,1,15020.0,7.9
7977,95,22,False,False,False,False,True,False,0,0,0.0,15.79
7978,1486,10,True,False,False,True,True,False,1,2,62346.6,3.65
7979,707,35,False,True,False,True,True,True,0,0,0.0,17.26
7980,1495,116,False,True,True,True,True,False,1,1,14924.0,9.9
7981,1323,48,True,False,False,True,True,True,1,1,15689.4,20.78
7982,1470,265,False,False,True,True,False,False,1,1,24747.2,22.51
7983,815,275,False,False,True,False,False,True,1,3,44378.25,22.06
7984,635,55,False,False,False,True,False,False,0,0,0.0,13.18
7985,1080,249,False,False,True,False,True,False,0,0,0.0,20.54
7986,122,43,True,True,True,False,False,True,1,1,19326.2,10.6
7987,1261,237,False,False,True,True,False,False,1,2,79541.1,19.52
7988,486,110,False,False,True,False,True,False,1,3,101112.3,17.73
7989,12,13,True,False,True,False,True,True,1,4,67408.2,15.04
7990,357,129,True,True,False,False,True,False,1,2,82252.8,9.18
7991,364,247,True,False,True,False,False,True,1,1,28279.4,5.42
7992,22,281,True,False,False,False,False,False,1,2,86644.0,6.1
7993,1003,37,True,False,True,False,False,True,1,3,119959.8,15.01
7994,143,251,False,True,False,True,True,False,1,2,16606.4,7.91
7995,1271,88,False,False,True,False,False,False,1,2,40124.8,20.25
7996,680,140,True,False,True,False,True,False,0,0,0.0,28.68
7997,1078,33,False,False,False,True,False,False,0,0,0.0,15.04
7998,510,292,True,False,True,True,False,False,1,1,30336.2,9.84
7999,198,238,True,False,False,False,False,True,1,2,46630.0,6.76
8000,271,193,True,False,True,True,True,False,1,2,31724.8,7.52
8001,969,219,True,False,True,False,True,True,1,1,19662.3,11.04
8002,1075,263,True,False,True,False,True,True,1,2,47301.0,3.28
8003,402,44,False,True,True,True,True,False,1,1,38706.45,8.2
8004,536,74,True,True,True,False,True,True,1,1,4733.4,5.6
8005,1418,12,False,True,False,True,False,False,0,0,0.0,26.78
8006,1278,147,False,False,True,False,False,False,1,2,73696.4,18.03
8007,620,149,True,True,False,True,True,True,1,1,12166.0,3.29
8008,362,9,False,False,True,False,False,True,0,0,0.0,18.35
8009,453,199,False,False,True,True,False,False,1,1,18593.0,19.76
8010,808,3,False,True,False,True,True,True,1,4,66503.8,13.21
8011,851,238,False,False,False,False,False,False,0,0,0.0,16.6
8012,277,212,True,True,False,False,True,True,0,0,0.0,23.49
8013,99,245,True,False,True,False,False,True,1,2,66736.0,11.15
8014,743,36,False,True,False,True,False,False,1,3,17421.3,10.7
8015,1197,262,True,False,False,False,False,False,0,0,0.0,21.67
8016,229,165,False,True,False,True,True,True,1,1,42069.6,8.19
8017,613,260,True,False,True,False,False,False,0,0,0.0,21.24
8018,243,209,False,True,True,True,False,False,0,0,0.0,25.34
8019,364,197,False,False,True,True,False,True,1,2,4079.8,16.41
8020,919,10,True,True,False,False,False,False,0,0,0.0,26.07
8021,430,208,False,False,True,False,True,True,1,4,3661.2,19.82
8022,396,135,False,False,True,False,True,True,1,1,36719.1,18.48
8023,1494,255,True,True,True,True,False,True,1,1,29425.55,13.65
8024,259,206,False,False,True,False,True,True,1,1,26212.9,24.28
8025,284,23,True,True,True,False,True,False,0,0,0.0,24.65
8026,1395,267,True,True,False,True,True,True,1,4,149984.0,2.26
8027,826,19,False,True,False,False,False,True,1,1,27460.95,10.18
8028,65,90,True,False,True,False,True,False,1,1,27710.0,17.22
8029,638,66,False,False,False,False,True,True,0,0,0.0,12.23
8030,848,293,True,True,True,False,False,True,1,2,69441.4,4.71
8031,380,46,False,False,True,False,True,False,1,3,81912.0,24.15
8032,823,254,False,True,False,False,True,False,0,0,0.0,19.08
8033,973,67,False,True,True,False,False,True,0,0,0.0,24.68
8034,376,196,False,False,False,True,True,True,1,2,51074.4,17.46
8035,1219,28,True,False,False,False,True,False,1,1,31493.35,9.46
8036,680,118,False,True,False,False,False,False,1,3,2095.8,13.23
8037,1446,187,True,True,True,False,True,False,1,1,17569.5,12.78
8038,132,214,True,False,True,True,False,True,1,4,135548.4,15.66
8039,487,262,True,True,True,True,False,False,1,1,24040.4,11.13
8040,1082,245,False,False,False,False,True,False,0,0,0.0,13.01
8041,1343,156,True,True,False,False,False,False,1,2,10010.5,7.55
8042,333,91,True,False,False,True,False,False,1,3,20515.2,10.07
8043,1471,79,False,False,True,True,True,True,1,1,20143.2,14.12
8044,291,298,False,True,True,False,False,False,0,0,0.0,27.61
8045,625,183,False,True,False,False,True,True,1,2,91790.9,5.44
8046,473,273,True,False,True,False,False,False,0,0,0.0,15.95
8047,637,131,True,True,True,False,False,False,1,1,6167.1,5.94
8048,1354,146,True,True,False,False,True,False,1,1,17493.0,5.72
8049,1099,248,False,False,False,True,True,False,1,4,45897.6,23.03
8050,1195,217,True,False,True,False,True,False,0,0,0.0,23.01
8051,381,61,False,True,False,False,False,True,0,0,0.0,18.48
8052,1421,158,False,False,False,True,True,True,0,0,0.0,18.89
8053,654,65,True,True,False,True,True,True,1,4,93424.8,6.24
8054,978,229,True,False,True,True,False,True,1,2,10390.6,8.63
8055,1047,9,True,False,True,False,True,True,1,1,26551.7,6.39
8056,995,249,True,True,False,True,False,False,1,4,19775.0,2.29
8057,903,279,True,False,False,False,False,True,1,4,60478.4,8.78
8058,721,7,False,True,False,False,True,True,1,2,1123.2,9.73
8059,972,190,False,True,False,False,True,False,0,0,0.0,20.46
8060,1358,24,False,True,False,True,True,False,1,2,15314.4,10.83
8061,585,109,False,False,True,False,True,False,1,2,52111.5,25.94
8062,767,101,False,False,True,True,False,False,0,0,0.0,14.35
8063,271,156,False,True,True,True,False,True,1,2,10010.5,9.18
8064,533,276,False,False,False,False,True,False,1,3,2966.4,29.53
8065,1159,139,False,False,False,True,True,False,1,1,26442.6,14.17
8066,961,120,True,True,True,False,True,False,1,4,84337.2,6.08
8067,317,28,False,True,False,True,False,False,0,0,0.0,27.99
8068,820,267,False,True,True,True,False,False,1,1,37501.0,1.0
8069,1218,95,True,False,False,False,False,True,1,1,2174.0,4.65
8070,187,139,False,False,True,False,False,False,1,1,26447.6,15.64
8071,93,28,True,True,True,False,False,False,0,0,0.0,23.59
8072,590,87,False,False,False,True,False,True,1,4,120658.6,9.44
8073,985,167,True,False,False,False,False,False,0,0,0.0,29.11
8074,470,271,True,True,False,False,True,False,1,1,22996.5,4.48
8075,1232,99,False,True,False,False,False,False,0,0,0.0,19.85
8076,1271,169,False,False,False,True,True,True,0,0,0.0,10.07
8077,799,263,True,False,True,False,True,True,1,1,23650.5,8.58
8078,569,109,True,False,True,True,False,True,1,3,78182.25,6.3
8079,63,89,False,False,True,False,True,False,0,0,0.0,18.21
8080,1233,14,True,False,True,True,True,True,1,1,17810.6,19.96
8081,1343,273,False,False,True,False,True,True,1,2,42597.0,21.14
8082,664,34,True,True,True,False,False,True,1,1,22843.9,5.39
8083,775,65,True,True,True,False,False,True,1,4,93444.8,13.75
8084,1131,42,True,True,True,False,True,True,1,2,64646.4,15.52
8085,1044,213,False,False,False,False,True,True,0,0,0.0,9.51
8086,203,110,True,False,True,True,False,False,1,1,33709.1,3.67
8087,1009,212,False,True,True,False,False,False,0,0,0.0,24.58
8088,1387,183,False,False,False,False,True,True,0,0,0.0,9.72
8089,1127,5,True,False,False,False,False,False,1,2,11551.3,13.46
8090,721,93,False,True,True,False,True,False,1,3,78806.4,6.3
8091,785,2,True,False,True,False,False,False,0,0,0.0,21.71
8092,390,20,True,False,False,False,True,False,1,3,38931.0,9.25
8093,992,142,True,False,False,False,True,False,1,2,30919.2,9.88
8094,363,80,True,False,True,True,False,False,0,0,0.0,20.74
8095,513,27,False,True,False,False,True,False,0,0,0.0,29.65
8096,398,123,True,True,True,True,False,False,1,3,69336.0,8.32
8097,503,136,False,True,True,False,False,True,1,3,20356.8,6.62
8098,551,298,False,False,True,False,True,True,1,2,1163.4,22.53
8099,125,199,True,False,False,False,False,False,0,0,0.0,21.13
8100,1077,118,True,False,False,False,True,False,1,4,2774.4,1.0
8101,662,142,True,False,False,False,True,False,1,1,15459.6,6.87
8102,1425,27,False,False,False,False,False,False,0,0,0.0,22.23
8103,272,116,False,False,False,False,True,False,1,1,14924.0,19.76
8104,1004,175,False,False,False,False,False,False,0,0,0.0,12.44
8105,269,7,True,True,True,False,False,True,1,1,566.6,10.19
8106,821,276,False,False,True,False,False,True,1,1,993.8,17.29
8107,737,155,False,True,False,False,True,False,1,1,31132.8,15.9
8108,673,237,False,False,True,True,False,True,1,1,39770.55,18.79
8109,983,83,False,False,True,False,False,True,0,0,0.0,14.61
8110,1243,251,False,False,True,False,False,False,0,0,0.0,11.22
8111,476,111,False,True,True,False,False,False,1,2,33190.6,8.52
8112,1275,279,False,True,False,True,True,False,0,0,0.0,17.78
8113,278,157,True,True,True,True,True,False,1,3,100353.0,5.92
8114,440,191,False,False,False,False,False,False,1,1,23490.5,24.07
8115,467,62,False,False,False,False,True,False,0,0,0.0,10.5
8116,1431,299,False,False,True,True,False,True,1,2,2426.4,21.6
8117,178,58,True,False,True,True,False,True,1,1,29321.5,5.53
8118,593,10,True,False,False,True,True,False,1,1,31173.3,11.71
8119,637,132,False,False,False,False,False,True,0,0,0.0,4.5
8120,1201,251,True,False,False,False,False,False,1,1,8308.2,11.16
8121,729,277,True,False,False,True,True,False,1,1,20008.0,4.6
8122,1451,258,True,False,True,False,False,False,1,2,12521.8,5.44
8123,1111,166,False,False,True,False,True,True,0,0,0.0,18.67
8124,1056,276,True,True,True,False,False,False,1,1,993.8,8.96
8125,1130,148,False,False,False,True,True,False,1,3,77830.2,24.81
8126,243,144,False,True,False,True,True,False,1,1,34147.9,9.67
8127,674,55,True,False,True,True,True,True,1,3,26904.0,3.39
8128,880,237,False,False,False,False,False,False,0,0,0.0,1.0
8129,313,95,True,True,False,False,False,False,1,1,2174.0,2.06
8130,179,59,False,False,True,True,False,False,0,0,0.0,12.59
8131,204,111,True,False,False,True,False,True,0,0,0.0,23.54
8132,1184,181,False,True,False,False,False,True,1,2,45136.0,10.54
8133,986,82,False,False,True,False,False,True,0,0,0.0,11.15
8134,422,108,False,False,False,True,False,True,1,2,46472.4,16.78
8135,1106,100,False,True,True,False,False,True,1,1,5173.8,2.04
8136,1043,179,False,True,False,False,True,True,1,1,13830.75,10.02
8137,1225,215,True,False,False,False,True,True,1,1,13170.4,2.14
8138,1366,203,True,False,True,True,True,True,1,4,9728.0,4.92
8139,1324,43,False,False,False,True,True,False,0,0,0.0,19.38
8140,272,105,True,False,True,True,True,False,1,4,28051.2,4.16
8141,1154,195,False,False,False,True,True,True,0,0,0.0,17.57
8142,590,65,True,False,False,False,True,False,1,2,46712.4,2.11
8143,605,21,True,True,False,False,False,False,0,0,0.0,26.0
8144,971,97,True,False,False,True,True,True,1,2,59978.4,10.0
8145,904,204,True,True,False,False,False,False,1,1,28483.7,10.87
8146,630,200,True,True,True,True,False,False,1,2,36690.0,6.24
8147,1500,39,False,False,False,False,False,False,0,0,0.0,11.96
8148,263,204,True,False,False,False,True,True,1,1,28478.7,7.73
8149,146,59,True,False,False,False,False,True,1,4,121032.8,1.95
8150,44,223,False,False,False,False,True,True,1,1,6759.0,21.83
8151,1222,170,True,True,True,False,True,False,1,1,33404.25,6.76
8152,610,38,False,True,True,True,False,True,1,2,44717.5,11.65
8153,657,106,False,False,False,False,True,True,1,1,34710.2,23.06
8154,974,246,True,True,False,True,False,True,1,2,9467.1,10.29
8155,654,130,True,False,False,False,False,False,0,0,0.0,18.32
8156,861,207,False,True,False,True,True,False,1,2,41089.4,7.93
8157,88,225,True,False,False,True,True,False,1,3,41727.6,3.66
8158,235,10,False,True,False,True,False,False,1,4,124713.2,8.31
8159,1399,280,False,True,True,False,False,True,1,2,67574.0,10.66
8160,677,101,True,False,False,False,False,False,1,3,67839.0,8.66
8161,252,239,True,False,True,True,False,False,1,4,25920.0,2.58
8162,555,141,True,True,False,True,False,False,1,1,26051.3,6.46
8163,503,174,False,False,False,False,True,True,1,1,11829.6,21.0
8164,412,109,False,False,False,True,False,True,1,4,104243.0,16.19
8165,441,256,False,True,False,False,True,True,1,2,86375.9,8.97
8166,1094,36,True,False,False,False,False,False,1,1,5807.1,5.98
8167,161,269,False,False,False,False,False,False,0,0,0.0,8.07
8168,465,63,True,False,False,True,False,False,1,3,93696.9,7.76
8169,702,265,False,False,False,False,True,True,1,1,24742.2,19.74
8170,811,8,False,True,False,False,True,True,1,2,42020.6,11.36
8171,1321,5,False,False,False,False,False,False,0,0,0.0,18.9
8172,1385,28,False,False,True,True,False,True,1,3,94495.05,16.14
8173,447,165,True,True,False,False,True,False,1,1,42069.6,10.54
8174,809,80,False,False,False,True,False,True,1,3,16839.9,18.98
8175,34,180,False,False,False,True,False,True,0,0,0.0,13.57
8176,926,246,True,False,False,True,False,True,1,1,4733.55,9.01
8177,230,9,False,False,True,False,False,False,1,1,26556.7,15.24
8178,110,158,False,False,True,True,True,False,1,4,8630.4,27.62
8179,1008,222,False,False,False,True,False,True,1,2,67355.5,19.86
8180,268,128,False,True,False,False,False,False,0,0,0.0,19.41
8181,717,278,True,True,True,True,False,False,1,2,47834.0,4.7
8182,152,199,False,False,False,False,False,False,1,1,18593.0,21.23
8183,1119,11,True,True,False,True,False,False,1,1,18842.55,6.69
8184,1148,163,True,True,False,False,True,False,1,2,94329.3,6.94
8185,863,116,False,False,True,True,False,False,0,0,0.0,12.75
8186,1254,40,False,True,False,True,True,False,1,1,7228.2,3.15
8187,656,286,True,False,False,True,False,False,0,0,0.0,9.47
8188,280,67,False,False,True,True,False,True,1,2,40522.0,19.01
8189,228,26,True,True,False,False,True,False,0,0,0.0,31.85
8190,329,67,False,True,False,False,True,True,1,4,81024.0,7.21
8191,301,247,True,False,False,True,True,True,1,1,28274.4,11.84
8192,485,180,False,False,False,True,False,False,0,0,0.0,20.29
8193,322,246,True,True,True,False,False,False,1,1,4733.55,7.28
8194,887,139,True,True,True,True,False,False,1,1,26447.6,4.02
8195,223,36,True,False,True,True,False,False,1,3,17421.3,16.75
8196,933,117,True,False,True,True,False,False,1,3,18650.4,7.69
8197,502,60,True,False,True,False,True,True,1,4,99699.6,15.25
8198,1031,167,False,False,False,True,True,False,0,0,0.0,19.48
8199,770,81,False,True,True,False,True,False,0,0,0.0,17.86
8200,1358,292,False,False,True,True,False,True,1,2,60672.4,20.08
8201,660,114,False,False,True,True,False,False,1,1,44500.1,14.72
8202,443,95,False,False,True,False,True,False,0,0,0.0,15.36
8203,884,296,True,True,False,False,True,False,1,1,18643.0,9.33
8204,989,157,True,False,False,False,True,False,0,0,0.0,32.86
8205,659,52,True,True,True,False,True,False,1,1,20885.2,12.06
8206,840,145,True,True,False,False,False,True,1,1,33632.2,4.52
8207,707,77,False,True,True,True,True,True,1,1,11076.0,4.7
8208,459,215,False,False,False,True,False,True,0,0,0.0,9.76
8209,471,173,True,True,True,False,True,False,0,0,0.0,25.37
8210,1362,220,True,False,True,False,False,False,1,4,107388.8,20.07
8211,1014,283,True,False,True,True,True,False,1,1,25939.45,13.79
8212,144,219,True,False,True,False,False,True,1,2,39334.6,13.79
8213,1444,103,False,False,True,False,True,False,1,1,8060.4,22.06
8214,1069,61,True,False,True,True,True,True,1,3,52695.9,1.0
8215,76,159,False,True,False,False,True,True,0,0,0.0,28.96
8216,1092,135,True,True,False,False,False,True,1,1,36724.1,6.87
8217,885,94,False,False,False,False,False,True,1,3,47064.75,22.55
8218,1373,244,True,True,True,True,True,True,1,2,37036.5,10.06
8219,735,273,False,False,True,True,False,False,1,2,42607.0,20.5
8220,778,115,False,False,False,False,True,True,1,2,41838.0,17.05
8221,473,205,True,True,False,False,False,False,0,0,0.0,13.17
8222,483,296,False,False,True,False,True,False,0,0,0.0,5.6
8223,927,4,True,False,False,False,True,False,1,3,106020.0,8.82
8224,1242,110,True,False,False,True,False,True,1,1,33709.1,14.19
8225,1337,222,True,True,False,False,False,True,1,1,33677.75,11.97
8226,1157,150,False,False,True,False,False,False,0,0,0.0,10.06
8227,915,238,True,False,False,False,True,True,1,2,46620.0,7.04
8228,751,143,False,False,True,True,True,False,1,1,15698.25,16.8
8229,510,20,False,True,False,False,False,False,0,0,0.0,26.82
8230,1152,131,True,True,True,True,True,True,1,4,24648.4,6.07
8231,478,122,False,True,False,True,True,True,1,1,3656.25,1.59
8232,402,254,False,False,True,False,True,False,1,1,7851.9,22.22
8233,1302,45,True,False,False,False,True,False,1,3,46958.4,13.62
8234,885,47,True,True,True,False,True,False,1,3,39699.0,5.59
8235,532,43,True,True,False,True,True,True,1,1,19321.2,3.73
8236,1298,171,True,False,True,True,False,False,1,1,29224.25,13.57
8237,1445,299,False,False,False,False,False,True,1,2,2426.4,21.55
8238,477,186,False,True,False,False,False,False,0,0,0.0,22.18
8239,783,245,False,True,False,True,True,True,1,1,33363.0,16.79
8240,726,256,False,False,False,False,True,False,1,1,43187.95,17.48
8241,1053,181,True,True,False,False,True,True,1,1,22563.0,7.27
8242,1427,183,False,False,False,True,True,False,1,1,45895.45,23.65
8243,823,73,False,False,True,True,False,True,0,0,0.0,16.43
8244,1198,289,True,True,False,False,True,False,1,1,26762.0,14.68
8245,894,237,False,False,True,False,False,False,1,3,119311.65,22.32
8246,1331,262,False,False,True,False,False,False,0,0,0.0,16.43
8247,607,296,True,True,True,False,False,False,1,1,18648.0,12.35
8248,578,105,True,False,False,True,True,True,1,1,7012.8,15.5
8249,634,44,False,False,False,False,False,False,1,1,38711.45,14.99
8250,1495,258,True,False,False,False,False,False,1,1,6260.9,10.0
8251,918,142,True,True,False,False,False,False,0,0,0.0,18.78
8252,229,288,False,False,True,False,False,False,0,0,0.0,17.94
8253,62,209,True,False,False,True,True,True,1,1,23746.5,11.25
8254,779,78,False,False,True,False,True,True,1,2,11251.2,15.12
8255,1209,107,True,False,True,True,False,True,1,3,2669.4,12.5
8256,719,184,False,False,False,True,False,True,1,3,63936.0,19.55
8257,841,119,True,True,True,False,False,False,1,2,25772.1,13.18
8258,1198,85,False,True,True,True,True,False,1,2,30368.0,9.34
8259,775,63,False,True,True,True,False,False,0,0,0.0,28.07
8260,1363,195,True,False,False,False,False,True,1,1,17836.25,11.09
8261,957,11,False,True,True,True,False,False,0,0,0.0,23.2
8262,1097,29,True,False,True,False,True,True,1,2,4260.2,3.01
8263,1173,13,False,False,False,False,True,True,0,0,0.0,9.23
8264,941,221,True,False,False,False,False,True,0,0,0.0,28.35
8265,76,9,False,True,False,False,True,False,1,4,106206.8,1.0
8266,642,126,True,True,True,True,False,False,1,3,87011.7,3.92
8267,213,37,True,False,True,True,False,True,1,2,79973.2,10.99
8268,766,177,False,False,False,True,False,False,0,0,0.0,17.41
8269,215,11,False,False,True,False,False,False,1,3,56527.65,21.48
8270,764,8,True,False,False,True,False,False,1,1,21015.3,11.75
8271,516,124,False,True,False,True,False,True,1,1,14800.2,1.0
8272,31,209,False,False,False,False,True,False,1,1,23746.5,14.7
8273,188,33,False,False,False,True,False,True,0,0,0.0,20.27
8274,755,149,False,False,False,False,True,False,0,0,0.0,15.26
8275,119,244,True,False,False,False,True,False,1,2,37036.5,11.68
8276,1284,188,True,True,True,False,False,True,0,0,0.0,13.92
8277,1139,226,False,False,False,False,False,False,1,1,6806.0,13.74
8278,1064,95,True,True,True,False,True,True,1,4,8676.0,8.25
8279,259,283,False,False,True,False,False,False,0,0,0.0,11.84
8280,1194,44,False,False,True,False,False,False,1,1,38711.45,20.26
8281,953,182,False,False,False,False,False,False,0,0,0.0,32.54
8282,586,131,False,True,False,False,True,True,1,1,6162.1,10.06
8283,1,10,True,False,False,False,False,False,0,0,0.0,22.53
8284,794,284,False,False,True,False,False,True,1,1,3009.85,18.94
8285,1194,211,True,True,True,True,True,False,1,2,38339.2,6.34
8286,51,69,False,False,True,False,True,True,0,0,0.0,18.03
8287,79,16,False,True,True,False,False,True,1,3,59244.9,9.04
8288,575,203,True,False,False,False,True,False,0,0,0.0,29.59
8289,768,164,False,True,False,True,True,False,1,1,24717.0,7.62
8290,712,15,False,False,False,True,False,True,0,0,0.0,7.38
8291,640,296,True,False,False,False,False,False,0,0,0.0,18.21
8292,383,216,True,False,False,False,False,False,1,4,119669.0,7.19
8293,90,139,True,False,True,False,False,False,1,1,26447.6,3.51
8294,47,72,False,True,True,True,False,True,1,4,20977.0,20.23
8295,149,82,False,False,True,False,False,True,1,1,16273.15,18.45
8296,1036,136,True,True,True,False,False,False,1,2,13571.2,10.82
8297,1179,18,False,False,True,False,False,False,0,0,0.0,9.06
8298,653,111,True,False,True,False,False,False,1,2,33190.6,1.53
8299,117,66,True,True,True,False,False,False,1,1,2948.9,5.05
8300,624,34,True,False,True,False,False,False,0,0,0.0,21.0
8301,1479,38,False,True,False,False,False,False,1,2,44717.5,18.54
8302,375,104,False,False,False,False,True,False,0,0,0.0,14.97
8303,737,115,True,False,True,True,False,True,1,1,20924.0,8.92
8304,807,106,True,False,False,False,False,False,0,0,0.0,15.75
8305,495,207,True,False,False,False,True,True,1,4,82178.8,1.51
8306,658,157,False,True,False,True,True,True,1,2,66902.0,10.46
8307,708,58,True,True,False,False,False,False,0,0,0.0,24.6
8308,711,292,False,False,True,False,False,True,1,1,30336.2,15.05
8309,1077,220,False,True,True,True,True,False,1,1,26842.2,2.35
8310,872,142,True,False,True,False,True,False,0,0,0.0,18.91
8311,81,15,True,True,True,True,False,False,1,1,4833.85,7.16
8312,10,275,True,False,True,False,True,False,0,0,0.0,12.07
8313,617,224,True,False,False,True,False,False,0,0,0.0,22.65
8314,1362,139,False,False,True,False,False,False,0,0,0.0,17.44
8315,56,49,False,True,True,False,False,True,1,1,21306.6,10.09
8316,107,33,False,True,True,True,True,False,1,2,25115.2,9.93
8317,1019,87,False,False,False,False,False,False,0,0,0.0,14.53
8318,677,70,False,True,False,False,False,False,0,0,0.0,21.87
8319,346,63,True,True,False,False,False,False,1,2,62464.6,5.06
8320,312,123,False,False,False,False,True,False,1,1,23107.0,20.62
8321,998,14,True,False,False,False,True,False,1,4,71242.4,9.93
8322,786,98,True,False,True,False,False,False,1,3,53598.15,11.2
8323,958,262,False,False,True,True,True,True,1,4,96141.6,17.94
8324,421,260,True,False,True,False,True,True,0,0,0.0,19.18
8325,790,3,True,True,False,False,True,False,1,2,33251.9,1.0
8326,1291,204,True,False,True,False,False,True,1,2,56967.4,16.4
8327,475,298,False,False,False,True,False,False,0,0,0.0,8.3
8328,595,174,False,True,True,False,False,False,1,3,35503.8,11.44
8329,246,118,False,True,True,True,True,False,1,4,2774.4,3.81
8330,959,148,True,True,True,False,True,False,1,3,77830.2,9.01
8331,49,64,True,True,True,True,True,False,1,1,2864.0,10.17
8332,374,120,False,True,False,False,False,False,1,4,84357.2,7.49
8333,1070,282,False,False,True,False,False,False,1,1,23006.6,18.1
8334,30,184,False,True,True,False,True,False,1,1,21307.0,11.41
8335,1484,130,True,True,True,True,False,False,1,1,9753.8,6.37
8336,607,38,False,False,False,False,True,False,0,0,0.0,5.84
8337,599,272,True,True,True,True,False,True,1,1,29837.75,4.64
8338,805,49,True,False,False,False,False,False,0,0,0.0,16.39
8339,959,217,False,False,False,False,False,False,1,4,125933.2,19.52
8340,690,91,True,True,True,False,True,False,1,2,13666.8,12.78
8341,1327,84,True,False,True,False,True,False,1,4,94722.6,4.63
8342,1444,52,False,False,True,False,False,True,1,3,62670.6,23.72
8343,301,113,False,False,True,False,False,False,1,2,52429.5,18.77
8344,1061,204,False,False,False,True,True,True,0,0,0.0,15.5
8345,452,125,True,False,False,False,True,False,1,2,62084.8,4.3
8346,1494,8,True,False,False,False,False,True,1,2,42030.6,8.01
8347,380,80,False,True,False,False,False,True,0,0,0.0,19.47
8348,443,49,True,False,True,False,False,False,1,3,63919.8,6.2
8349,1072,121,True,False,True,False,True,False,1,3,74624.4,8.77
8350,1184,271,False,True,False,True,True,False,1,2,45993.0,8.29
8351,193,289,False,False,True,False,False,False,0,0,0.0,14.69
8352,834,300,False,False,False,False,True,False,0,0,0.0,22.34
8353,519,34,True,True,False,False,True,True,1,1,22838.9,9.58
8354,918,147,False,False,False,False,False,True,1,1,36848.2,19.35
8355,836,14,False,True,False,False,False,False,0,0,0.0,18.41
8356,1479,149,False,False,False,True,False,False,1,1,12171.0,22.17
8357,1401,174,False,True,True,False,True,False,0,0,0.0,24.07
8358,981,233,False,True,True,False,False,False,0,0,0.0,19.06
8359,1020,101,False,False,False,True,False,True,1,2,45226.0,22.09
8360,1349,11,False,False,True,True,True,True,1,1,18837.55,19.44
8361,276,137,False,False,True,True,False,False,1,4,82442.0,15.92
8362,1089,129,True,False,True,True,True,False,0,0,0.0,4.78
8363,1159,188,False,False,True,False,True,False,1,4,83392.0,21.04
8364,192,30,False,False,True,False,True,True,1,1,28488.6,20.66
8365,1322,184,True,False,False,False,True,False,0,0,0.0,17.93
8366,1050,121,False,True,False,True,True,True,1,3,74624.4,7.88
8367,521,222,False,True,False,False,False,True,0,0,0.0,17.3
8368,727,296,False,False,False,True,True,False,1,2,37286.0,11.52
8369,735,69,True,False,True,False,True,False,1,2,34874.5,1.0
8370,1379,227,True,False,True,False,True,False,1,3,117887.4,6.27
8371,1454,39,False,True,True,True,False,False,1,4,122973.6,9.64
8372,1211,296,True,False,False,False,False,False,0,0,0.0,19.82
8373,979,145,True,True,False,True,False,False,1,1,33632.2,5.05
8374,157,224,True,False,False,True,True,True,1,4,20556.8,4.01
8375,1373,234,False,False,True,True,False,True,1,1,4233.2,10.83
8376,201,183,True,True,True,False,True,False,1,1,45895.45,5.27
8377,251,116,False,False,True,False,True,False,0,0,0.0,16.09
8378,105,227,True,True,False,False,False,True,1,2,78601.6,12.95
8379,1422,143,True,True,False,True,True,False,1,1,15698.25,12.58
8380,740,198,False,True,True,False,True,False,1,3,91175.25,13.87
8381,354,184,True,False,False,True,False,True,1,2,42624.0,4.85
8382,122,140,True,False,False,False,True,False,1,2,38623.2,11.46
8383,618,36,False,False,True,True,True,False,0,0,0.0,17.77
8384,1086,88,True,True,True,True,False,False,1,1,20062.4,14.8
8385,1492,282,False,True,False,False,True,True,1,2,46003.2,7.41
8386,829,157,True,True,True,False,True,True,1,4,133804.0,12.15
8387,911,191,True,True,False,False,False,False,1,3,70471.5,1.56
8388,1254,78,False,False,False,False,False,False,0,0,0.0,17.69
8389,1353,212,True,False,True,False,True,False,1,2,55969.2,2.74
8390,420,147,False,False,False,True,False,False,0,0,0.0,13.54
8391,1488,66,False,False,True,True,False,True,1,1,2948.9,23.91
8392,779,44,True,False,False,True,False,False,1,2,77422.9,13.14
8393,1396,119,True,True,True,False,False,True,1,3,38658.15,5.79
8394,177,170,False,False,False,True,True,False,1,1,33404.25,17.38
8395,147,85,True,True,True,True,False,False,0,0,0.0,28.6
8396,1327,74,True,False,True,False,True,True,1,3,14200.2,1.0
8397,1009,81,False,True,True,False,False,False,1,1,29817.0,13.48
8398,263,89,False,True,False,False,True,False,1,3,18227.7,13.08
8399,1343,222,True,False,True,False,False,False,1,3,101033.25,5.2
8400,154,150,False,False,False,False,False,False,0,0,0.0,15.51
8401,1024,141,False,False,False,False,False,False,0,0,0.0,14.97
8402,308,49,False,True,True,True,False,False,1,2,42613.2,2.6
8403,106,164,True,False,False,False,True,True,1,2,49434.0,6.23
8404,1210,289,False,False,False,False,False,False,0,0,0.0,20.2
8405,1272,224,False,False,True,False,False,False,1,4,20576.8,21.84
8406,159,135,True,True,False,False,False,False,0,0,0.0,13.46
8407,140,93,True,False,True,False,False,False,1,4,105095.2,4.08
8408,922,106,False,False,True,False,True,False,1,2,69420.4,18.66
8409,44,9,True,False,False,False,True,False,1,1,26551.7,6.84
8410,1120,9,False,True,False,False,False,True,1,1,26556.7,3.6
8411,1374,233,True,False,True,False,True,True,0,0,0.0,30.92
8412,1127,253,False,True,False,False,False,True,0,0,0.0,20.77
8413,347,291,False,True,False,False,True,False,1,3,82379.25,3.18
8414,286,188,False,True,False,False,False,False,1,1,20853.0,8.49
8415,1021,279,True,False,False,False,False,False,1,1,15119.6,4.35
8416,93,125,False,False,True,True,True,False,0,0,0.0,15.36
8417,807,77,False,True,False,False,False,False,1,1,11081.0,15.3
8418,674,74,True,False,False,False,False,False,1,1,4738.4,5.02
8419,1117,71,True,True,True,False,True,False,1,1,39224.8,4.92
8420,304,224,True,True,False,False,False,True,1,1,5144.2,8.73
8421,1144,3,True,True,True,True,True,False,1,3,49877.85,5.99
8422,1049,284,True,True,True,False,True,True,1,2,6009.7,7.11
8423,359,233,False,True,True,True,False,False,1,2,57219.4,7.12
8424,536,115,True,False,True,False,True,True,1,3,62757.0,15.47
8425,100,211,False,False,False,False,False,False,0,0,0.0,17.43
8426,675,41,False,True,False,True,True,False,1,1,41603.35,1.7
8427,391,130,True,False,True,False,False,False,1,1,9753.8,7.98
8428,171,33,False,True,False,False,True,True,1,1,12557.6,14.57
8429,840,34,True,True,True,False,True,False,1,1,22838.9,11.89
8430,852,2,True,False,True,False,True,True,1,4,54561.6,7.53
8431,129,239,True,False,True,True,False,True,1,1,6480.0,10.97
8432,279,224,False,False,True,True,False,False,0,0,0.0,10.56
8433,124,268,False,True,True,False,False,False,1,1,20551.4,5.31
8434,1019,295,True,True,True,True,False,True,1,1,23313.0,6.04
8435,508,290,False,False,False,False,True,False,1,2,79104.0,15.52
8436,107,298,True,True,False,False,True,True,1,2,1163.4,6.01
8437,288,5,True,False,True,False,False,True,1,1,5775.65,12.43
8438,1464,236,False,False,False,True,False,True,1,2,62038.4,26.83
8439,384,217,False,True,True,False,False,False,1,2,62966.6,6.92
8440,1027,49,False,False,False,True,False,False,0,0,0.0,6.52
8441,703,42,False,True,False,False,False,True,0,0,0.0,21.73
8442,273,294,True,False,True,False,False,False,0,0,0.0,23.78
8443,462,265,False,False,True,False,True,False,0,0,0.0,18.6
8444,22,99,True,False,False,True,True,True,1,3,55324.8,7.07
8445,1121,23,False,True,True,False,True,False,1,2,56356.2,8.28
8446,502,101,True,False,False,True,True,True,0,0,0.0,17.46
8447,749,2,False,False,False,True,False,False,0,0,0.0,21.08
8448,230,207,False,False,True,True,True,True,1,1,20544.7,25.02
8449,1237,115,True,False,True,False,False,False,1,4,83696.0,3.59
8450,328,15,True,False,False,True,True,False,1,1,4828.85,11.1
8451,850,294,True,False,True,False,True,True,1,1,15015.0,1.0
8452,1310,248,False,False,True,True,False,False,1,2,22958.8,13.96
8453,1070,272,False,True,True,True,False,True,1,2,59675.5,11.27
8454,905,300,False,True,False,False,False,False,0,0,0.0,21.82
8455,1333,5,True,False,True,False,False,True,1,1,5775.65,13.99
8456,265,233,False,False,False,False,True,False,0,0,0.0,12.85
8457,1446,237,True,True,True,True,False,False,0,0,0.0,18.88
8458,835,235,True,True,True,True,False,False,0,0,0.0,21.6
8459,615,80,False,False,True,False,True,True,1,2,11216.6,21.92
8460,384,118,False,True,True,False,True,False,1,2,1387.2,7.6
8461,1118,279,False,False,False,True,True,False,0,0,0.0,18.29
8462,1465,20,True,True,True,False,False,True,1,4,51928.0,9.33
8463,1036,193,False,True,False,False,True,False,1,4,63449.6,12.64
8464,50,238,True,False,False,True,False,False,1,1,23315.0,12.61
8465,704,240,True,False,False,False,True,False,1,1,13341.3,8.07
8466,1099,180,False,False,True,True,True,True,1,1,13726.2,17.96
8467,597,231,True,True,True,False,True,True,1,1,40762.6,4.54
8468,1160,273,True,True,True,False,False,False,1,2,42607.0,6.02
8469,1061,230,False,False,False,True,True,True,1,2,19353.6,26.49
8470,101,35,True,True,False,False,True,False,1,1,21667.8,8.69
8471,837,74,False,False,False,False,True,True,1,2,9466.8,21.26
8472,258,92,False,True,False,False,True,True,0,0,0.0,22.95
8473,730,103,False,False,False,False,True,True,1,2,16120.8,19.7
8474,577,109,True,True,True,False,False,False,1,2,52121.5,10.95
8475,1211,66,False,False,False,True,True,False,0,0,0.0,15.5
8476,1303,205,True,True,True,True,True,True,1,1,29217.75,4.53
8477,693,34,False,False,False,False,True,True,1,1,22838.9,31.49
8478,806,237,True,False,False,False,False,True,1,1,39770.55,5.48
8479,940,198,True,False,False,True,True,True,1,1,30391.75,1.91
8480,983,289,False,False,True,False,False,False,1,1,26767.0,24.18
8481,954,2,False,True,False,False,False,True,0,0,0.0,25.57
8482,1175,89,False,False,False,False,True,False,0,0,0.0,17.51
8483,1473,270,False,True,True,False,False,False,1,3,8881.35,4.67
8484,1243,149,True,False,True,False,True,True,1,2,24332.0,4.56
8485,203,169,False,False,False,False,False,True,0,0,0.0,6.5
8486,715,9,True,False,False,False,True,False,1,1,26551.7,6.04
8487,692,229,True,False,False,False,True,False,1,1,5190.3,14.24
8488,764,76,True,False,True,False,False,True,1,2,56734.0,13.05
8489,793,289,True,True,False,False,True,True,1,3,80286.0,6.59
8490,1078,113,True,False,True,False,False,False,1,2,52429.5,4.5
8491,632,57,False,False,True,False,True,False,1,1,22433.3,19.91
8492,396,179,False,False,False,False,True,False,1,2,27661.5,21.3
8493,687,144,False,True,True,True,True,False,1,3,102443.7,5.44
8494,1282,142,True,False,False,False,False,False,1,1,15464.6,2.39
8495,468,285,False,True,False,False,True,True,1,2,49862.0,7.14
8496,32,110,False,True,True,False,False,True,1,2,67418.2,5.55
8497,1465,120,False,False,False,True,False,False,0,0,0.0,18.68
8498,294,188,False,False,True,False,False,True,0,0,0.0,22.66
8499,905,52,False,True,True,True,False,False,0,0,0.0,23.03
8500,1201,249,True,False,True,False,True,True,1,2,9877.5,11.32
8501,412,69,False,True,True,False,True,True,1,4,69749.0,8.99
8502,511,73,True,True,False,False,True,True,1,4,7280.0,17.67
8503,421,4,True,False,True,True,False,False,0,0,0.0,29.94
8504,225,103,False,True,False,False,False,True,1,1,8065.4,3.21
8505,230,175,False,False,False,False,True,False,0,0,0.0,19.97
8506,281,212,True,True,True,True,False,False,1,2,55979.2,17.3
8507,688,270,True,True,True,True,False,False,1,3,8881.35,1.0
8508,797,234,False,False,True,True,True,True,1,1,4228.2,18.83
8509,24,97,False,False,True,True,False,True,1,1,29994.2,15.02
8510,1270,248,False,False,True,False,True,False,1,2,22948.8,20.69
8511,1014,59,False,False,True,True,False,True,1,2,60516.4,17.31
8512,106,63,False,False,False,False,True,False,1,3,93681.9,17.99
8513,1265,108,False,False,False,True,False,True,0,0,0.0,21.94
8514,46,162,True,False,False,False,True,False,1,1,29368.8,1.0
8515,841,61,True,True,True,True,True,True,1,4,70261.2,6.43
8516,698,271,True,True,False,False,False,False,1,2,46003.0,7.47
8517,754,82,False,True,False,True,True,False,0,0,0.0,26.28
8518,1435,118,True,False,False,False,False,False,0,0,0.0,29.25
8519,1391,182,False,True,False,False,False,False,1,2,15436.1,6.71
8520,419,129,True,True,True,True,False,True,0,0,0.0,19.79
8521,870,122,True,True,True,False,False,False,1,2,7322.5,5.36
8522,1439,296,False,False,False,False,True,True,1,2,37286.0,18.01
8523,1094,131,False,False,False,True,False,True,1,1,6167.1,23.77
8524,1332,34,True,False,False,True,False,False,1,3,68531.7,14.22
8525,653,220,False,True,True,False,False,False,0,0,0.0,21.02
8526,425,212,False,True,True,False,False,False,0,0,0.0,17.63
8527,766,66,False,False,False,False,True,False,1,1,2943.9,30.43
8528,1226,256,False,True,False,False,False,False,1,3,129578.85,5.04
8529,1394,118,True,True,True,False,False,False,0,0,0.0,22.79
8530,1029,46,False,False,False,True,True,True,1,1,27304.0,29.75
8531,1060,52,True,True,False,True,False,False,0,0,0.0,16.85
8532,768,215,False,True,True,True,False,False,1,4,52701.6,13.32
8533,480,65,False,True,True,False,True,True,0,0,0.0,15.1
8534,635,141,True,False,True,False,False,True,1,1,26051.3,9.29
8535,747,221,False,True,False,False,False,True,0,0,0.0,16.85
8536,1224,256,False,False,True,True,False,False,0,0,0.0,18.74
8537,834,147,True,True,False,True,True,False,1,2,73686.4,6.55
8538,1190,273,True,False,False,False,True,False,0,0,0.0,25.93
8539,42,91,False,False,False,True,True,False,0,0,0.0,16.59
8540,1136,262,False,True,False,False,False,False,1,1,24040.4,13.12
8541,761,76,False,False,False,True,False,True,0,0,0.0,18.31
8542,1498,20,True,False,False,False,False,False,0,0,0.0,24.47
8543,708,218,False,False,False,False,True,False,1,1,2659.65,20.54
8544,718,228,True,True,True,True,True,True,1,4,37683.2,8.57
8545,192,278,False,False,True,False,True,False,1,1,23912.0,21.73
8546,1211,277,True,True,True,True,True,False,1,1,20008.0,12.54
8547,1053,31,False,False,False,True,False,False,0,0,0.0,10.66
8548,1294,187,True,False,True,True,True,True,1,2,35139.0,10.76
8549,140,212,False,True,False,False,True,False,0,0,0.0,23.83
8550,318,181,False,False,False,True,False,False,0,0,0.0,15.78
8551,1316,6,True,False,True,False,True,True,0,0,0.0,15.5
8552,64,14,False,False,False,False,True,False,0,0,0.0,19.5
8553,763,202,False,False,False,False,False,True,1,1,8886.8,27.03
8554,608,257,True,False,True,False,False,True,1,1,1175.9,11.17
8555,1410,54,True,True,True,True,True,False,1,1,39404.1,5.14
8556,1286,14,True,False,False,False,False,True,1,1,17815.6,7.94
8557,1346,122,True,False,True,False,False,True,1,2,7322.5,16.03
8558,434,95,False,True,True,False,True,False,0,0,0.0,16.58
8559,882,295,True,False,True,True,True,False,1,2,46616.0,8.94
8560,1051,278,True,True,True,False,False,True,1,1,23917.0,1.0
8561,1452,168,False,False,True,False,True,False,1,3,60115.05,22.73
8562,12,285,True,False,True,False,True,False,1,4,99724.0,8.18
8563,1466,69,False,True,False,False,False,False,0,0,0.0,25.25
8564,534,298,True,False,True,True,True,False,1,1,581.7,4.79
8565,193,135,True,False,False,False,True,False,0,0,0.0,21.11
8566,924,143,True,False,True,False,False,True,1,4,62813.0,7.74
8567,1173,16,False,False,True,False,True,False,1,1,19743.3,19.23
8568,195,54,False,True,True,False,False,False,1,1,39409.1,13.12
8569,62,59,False,True,True,False,True,False,1,1,30253.2,5.54
8570,1345,147,True,False,True,False,True,False,1,2,73686.4,5.59
8571,1401,57,False,True,True,True,False,False,1,3,67314.9,4.62
8572,235,31,False,True,True,False,True,True,1,2,63439.5,1.0
8573,1357,182,False,False,False,True,True,True,1,1,7713.05,20.72
8574,1365,262,False,True,True,False,True,True,1,3,72106.2,2.04
8575,1497,21,True,False,False,False,False,False,0,0,0.0,19.0
8576,325,169,True,True,False,False,True,False,1,1,13225.0,6.82
8577,869,289,False,True,False,False,True,False,1,3,80286.0,6.45
8578,1492,122,True,False,True,False,True,False,1,1,3656.25,9.02
8579,1354,55,False,False,False,False,True,False,0,0,0.0,19.89
8580,908,24,True,False,True,False,True,False,1,3,22971.6,8.16
8581,296,281,False,False,True,False,False,True,0,0,0.0,17.79
8582,127,122,True,True,False,False,True,False,1,4,14625.0,11.12
8583,389,32,True,False,False,False,True,False,1,2,63475.2,4.63
8584,98,260,False,False,False,True,False,False,0,0,0.0,12.47
8585,293,241,False,False,True,False,True,False,0,0,0.0,22.64
8586,113,212,True,False,True,False,False,False,1,3,83968.8,13.18
8587,1144,26,True,False,False,False,False,True,1,1,29190.6,2.98
8588,885,25,False,False,True,True,False,False,0,0,0.0,11.92
8589,777,66,False,False,False,False,False,False,0,0,0.0,10.23
8590,1215,48,True,False,True,True,False,True,1,1,15694.4,10.43
8591,617,160,False,False,True,False,False,False,0,0,0.0,21.73
8592,605,118,True,True,True,True,False,True,0,0,0.0,21.35
8593,311,230,False,False,True,True,True,False,1,2,19353.6,23.58
8594,668,31,False,False,True,False,False,False,1,1,31724.75,18.17
8595,262,219,True,True,False,False,True,True,1,1,19662.3,5.27
8596,884,281,True,False,True,False,True,False,0,0,0.0,27.35
8597,1497,40,True,False,False,False,True,True,1,1,7228.2,4.67
8598,800,196,True,False,True,False,True,False,0,0,0.0,27.7
8599,449,153,True,False,False,False,False,False,1,1,8005.4,11.32
8600,1033,29,False,False,True,False,True,False,1,1,2130.1,26.63
8601,1231,88,False,True,True,False,False,False,1,2,40124.8,4.3
8602,708,237,True,False,False,True,False,False,0,0,0.0,34.94
8603,376,261,True,False,False,False,False,False,0,0,0.0,17.89
8604,1071,111,False,True,True,False,False,True,1,2,33190.6,10.48
8605,281,32,True,False,True,True,False,False,1,3,95227.8,11.64
8606,1496,74,True,False,False,False,False,True,1,2,9476.8,1.73
8607,477,254,False,True,False,True,True,False,1,2,15703.8,11.81
8608,526,171,True,False,False,False,True,True,1,1,29219.25,15.7
8609,1091,130,False,False,False,False,False,False,0,0,0.0,14.44
8610,19,5,False,True,False,False,True,True,1,4,23082.6,11.09
8611,305,235,False,True,False,False,True,True,1,1,39350.75,5.54
8612,189,140,False,True,True,True,True,True,1,2,38623.2,11.79
8613,587,164,True,True,False,True,True,True,1,1,24717.0,1.0
8614,831,254,False,False,False,False,False,False,0,0,0.0,16.54
8615,270,169,True,True,False,False,False,True,1,3,39690.0,12.56
8616,517,279,False,True,True,False,True,False,0,0,0.0,24.55
8617,1159,168,False,True,False,False,True,False,1,2,40076.7,1.65
8618,1410,103,False,True,False,True,True,True,1,3,24181.2,7.06
8619,22,277,False,True,True,False,True,False,1,2,40016.0,10.78
8620,942,193,False,False,True,True,True,False,1,4,63449.6,19.38
8621,39,229,True,False,False,False,True,False,1,1,5190.3,10.66
8622,781,69,True,True,True,True,True,False,1,2,34874.5,16.45
8623,1320,202,False,True,True,False,False,False,1,4,35547.2,10.29
8624,1198,169,True,False,True,False,False,True,1,1,13230.0,10.0
8625,350,32,False,False,False,False,False,True,0,0,0.0,18.35
8626,388,77,False,True,True,True,True,False,0,0,0.0,17.76
8627,1176,274,True,True,False,False,False,False,1,1,1638.6,12.15
8628,1230,172,False,False,False,True,False,False,0,0,0.0,13.27
8629,422,233,False,False,False,False,False,False,0,0,0.0,11.93
8630,5,52,False,False,True,True,False,True,1,4,83560.8,19.68
8631,667,66,False,True,False,False,True,False,0,0,0.0,26.8
8632,930,283,False,True,True,False,True,False,1,1,25939.45,9.63
8633,666,127,True,True,True,False,True,True,1,1,31682.05,1.0
8634,1403,267,True,True,True,True,False,True,1,1,37501.0,10.44
8635,1221,243,True,True,True,False,False,False,1,1,36347.0,2.77
8636,1182,102,False,False,True,False,False,False,0,0,0.0,10.59
8637,31,285,False,False,False,True,True,False,1,1,24931.0,14.4
8638,1281,233,True,False,False,True,False,False,1,4,114438.8,9.03
8639,1133,39,True,False,True,False,False,False,1,1,30743.4,15.82
8640,596,29,True,True,True,True,True,True,1,2,4260.2,5.48
8641,885,38,False,False,False,False,True,False,0,0,0.0,11.39
8642,1237,223,True,False,True,False,True,False,0,0,0.0,25.8
8643,1360,43,False,False,False,True,False,False,0,0,0.0,10.67
8644,827,85,False,True,True,False,True,False,1,1,15184.0,2.75
8645,63,131,True,True,False,False,True,True,1,1,6162.1,16.87
8646,928,41,False,True,False,False,True,False,1,2,83206.7,4.55
8647,1021,100,False,False,False,False,False,False,1,4,20695.2,12.16
8648,89,204,True,False,True,False,False,True,1,1,28483.7,9.75
8649,1226,292,False,False,True,True,True,True,1,2,60662.4,18.36
8650,303,141,True,True,False,False,False,True,1,2,52102.6,13.59
8651,1336,225,False,False,True,False,True,True,1,1,13909.2,12.93
8652,827,160,True,False,True,False,False,False,0,0,0.0,20.23
8653,484,140,True,True,False,True,True,True,1,4,77246.4,8.3
8654,89,157,True,False,False,True,True,False,1,3,100353.0,9.85
8655,27,288,False,False,False,True,True,False,0,0,0.0,20.17
8656,1113,18,False,False,False,False,False,False,0,0,0.0,20.93
8657,566,155,False,False,False,False,False,True,0,0,0.0,8.9
8658,1261,16,False,True,False,False,False,True,1,1,19748.3,11.63
8659,346,263,True,False,False,False,True,True,1,1,23650.5,2.71
8660,1381,181,True,False,False,True,False,True,1,1,22568.0,1.0
8661,1413,15,False,True,False,False,False,True,1,1,4833.85,5.64
8662,153,188,True,False,False,True,True,True,1,1,20848.0,6.33
8663,971,131,True,False,False,True,True,False,1,4,24648.4,2.64
8664,1410,15,False,False,False,False,False,True,1,2,9667.7,21.55
8665,485,294,True,True,True,False,True,True,1,3,45045.0,7.65
8666,102,114,True,True,False,False,False,False,1,3,133500.3,8.72
8667,1314,8,True,False,False,False,False,False,1,2,42030.6,4.41
8668,712,184,True,False,True,False,True,False,1,2,42614.0,11.13
8669,41,113,False,False,False,True,False,False,0,0,0.0,20.35
8670,1261,198,False,False,True,False,False,True,0,0,0.0,15.06
8671,1019,49,True,False,True,False,False,False,0,0,0.0,27.01
8672,106,249,False,True,False,False,True,False,1,1,4938.75,12.26
8673,389,127,False,False,True,False,False,True,0,0,0.0,20.71
8674,28,127,False,False,False,True,True,False,1,4,126728.2,17.48
8675,1433,242,False,True,True,False,False,False,0,0,0.0,17.45
8676,38,165,False,False,True,False,True,False,1,1,42069.6,15.94
8677,1194,1,False,False,False,False,False,True,0,0,0.0,18.01
8678,767,174,False,False,False,False,True,True,0,0,0.0,15.84
8679,875,194,False,False,True,False,False,True,0,0,0.0,20.57
8680,1218,94,False,False,True,True,False,False,0,0,0.0,12.7
8681,1343,55,True,False,True,False,True,True,1,1,8968.0,8.4
8682,192,17,True,False,False,True,True,False,1,2,22314.0,3.13
8683,27,254,False,True,False,True,False,False,1,1,7856.9,4.16
8684,187,2,True,True,True,False,False,True,1,1,13645.4,15.37
8685,1024,176,False,False,True,False,False,True,1,2,5475.6,16.95
8686,853,251,False,False,True,True,True,False,1,4,33212.8,14.68
8687,126,106,False,False,False,False,True,False,0,0,0.0,20.48
8688,352,61,True,True,True,False,True,False,1,1,17565.3,5.28
8689,806,215,False,True,False,False,False,True,0,0,0.0,23.83
8690,1096,190,True,True,False,False,True,False,0,0,0.0,26.45
8691,516,5,True,False,False,False,True,False,1,1,5770.65,1.0
8692,1425,174,False,False,False,False,False,True,1,2,23669.2,13.4
8693,1489,1,True,False,True,True,False,True,1,4,44290.4,14.11
8694,1150,120,False,True,True,True,True,True,1,2,42168.6,11.05
8695,682,92,True,True,True,False,False,False,1,1,29585.85,3.62
8696,1316,251,False,False,False,False,True,False,0,0,0.0,17.59
8697,1092,294,False,True,True,False,False,False,1,3,45060.0,10.82
8698,780,210,True,False,False,True,True,False,0,0,0.0,23.35
8699,666,221,False,False,True,False,False,True,1,1,10129.1,23.7
8700,1249,7,False,True,True,False,False,True,1,1,566.6,9.48
8701,836,20,False,False,True,True,True,False,1,3,38931.0,17.53
8702,275,234,False,True,True,False,True,True,1,3,12684.6,10.65
8703,1500,129,True,False,True,True,False,False,0,0,0.0,15.38
8704,103,153,False,False,True,False,False,False,1,4,32021.6,14.11
8705,1043,208,True,True,False,False,True,True,1,1,915.3,9.01
8706,984,105,True,False,True,False,False,False,0,0,0.0,22.94
8707,880,205,False,True,False,True,False,True,1,1,29222.75,7.39
8708,78,219,True,True,True,True,True,True,1,3,58986.9,8.01
8709,739,73,False,False,False,False,False,False,0,0,0.0,7.79
8710,1339,206,True,True,True,False,False,False,1,2,52435.8,8.84
8711,360,51,True,False,True,True,False,False,1,1,22776.0,2.66
8712,1038,94,True,True,True,False,True,True,1,2,31366.5,4.87
8713,1289,235,True,True,False,False,True,False,1,1,39350.75,10.96
8714,1429,295,False,True,True,False,False,False,0,0,0.0,19.91
8715,775,20,True,False,False,False,True,False,1,1,12977.0,8.82
8716,471,195,True,True,False,False,False,False,1,2,35672.5,10.21
8717,1050,171,False,True,True,False,False,False,0,0,0.0,25.99
8718,730,182,False,True,True,False,True,False,0,0,0.0,18.66
8719,941,237,False,False,True,False,True,False,0,0,0.0,18.91
8720,1113,21,False,False,True,False,True,True,1,1,14954.4,16.37
8721,1066,222,False,True,True,False,True,True,1,1,33672.75,2.6
8722,365,84,True,False,False,False,True,True,1,4,94722.6,2.22
8723,1134,47,False,True,True,False,True,False,0,0,0.0,17.72
8724,813,135,True,False,True,True,True,False,1,3,110157.3,4.52
8725,1397,9,True,True,False,False,False,True,1,1,26556.7,3.28
8726,990,190,True,False,True,False,True,False,1,2,33807.6,5.41
8727,1338,170,False,True,True,False,True,False,1,1,33404.25,3.88
8728,1469,154,False,True,True,False,False,True,1,4,118924.8,8.35
8729,1492,10,True,False,False,False,True,False,1,3,93519.9,14.91
8730,1118,229,False,False,True,False,False,True,1,1,5195.3,15.56
8731,896,11,False,True,True,True,True,False,1,2,37675.1,5.88
8732,178,79,True,True,False,True,False,False,0,0,0.0,28.46
8733,580,119,False,False,True,False,True,True,1,3,38643.15,24.14
8734,714,211,False,True,True,True,False,True,1,1,19174.6,8.32
8735,1171,123,False,False,False,False,True,False,0,0,0.0,12.47
8736,884,245,False,True,True,True,True,True,1,1,33363.0,9.47
8737,659,281,False,True,False,False,True,False,1,2,86634.0,3.22
8738,220,230,True,True,True,False,False,True,1,3,29045.4,3.49
8739,1074,12,False,False,False,False,False,False,0,0,0.0,10.91
8740,648,232,False,False,False,True,False,True,1,2,68069.5,11.0
8741,55,62,True,False,True,True,True,True,1,1,15557.5,1.0
8742,427,267,True,False,False,True,False,False,0,0,0.0,15.22
8743,1320,294,True,False,False,False,True,True,1,1,15015.0,1.72
8744,179,26,False,True,True,False,True,True,1,2,58371.2,9.24
8745,610,30,True,True,True,True,False,False,1,2,56987.2,5.49
8746,769,210,True,False,True,False,False,False,0,0,0.0,22.82
8747,126,43,False,True,True,True,True,False,1,4,77284.8,3.08
8748,249,291,True,False,False,False,False,False,1,1,27464.75,1.0
8749,1411,163,True,False,False,False,True,False,1,1,47164.65,7.18
8750,886,173,False,True,False,False,True,True,1,4,177036.0,2.57
8751,316,259,True,False,True,False,True,False,1,1,755.4,7.03
8752,255,66,True,True,False,True,True,True,1,2,5887.8,2.22
8753,639,167,False,False,True,False,True,True,1,4,10015.2,11.86
8754,1086,300,False,False,True,False,False,False,0,0,0.0,17.5
8755,1096,7,False,True,False,False,True,False,0,0,0.0,10.97
8756,293,53,False,False,False,False,False,False,0,0,0.0,4.73
8757,1089,44,False,True,False,False,False,False,0,0,0.0,15.51
8758,1345,101,False,False,False,False,False,False,0,0,0.0,17.47
8759,340,39,True,True,True,False,True,False,1,1,30738.4,10.87
8760,40,52,False,False,True,False,False,False,0,0,0.0,27.56
8761,1439,256,True,False,False,False,True,False,1,2,86375.9,14.79
8762,783,140,False,True,True,False,True,False,1,2,38623.2,9.59
8763,1165,108,False,False,True,True,False,False,0,0,0.0,12.51
8764,481,126,True,True,True,False,False,True,1,4,116015.6,11.63
8765,449,292,True,False,True,True,True,False,1,3,90993.6,3.49
8766,338,148,False,True,True,False,False,False,1,2,51896.8,4.25
8767,326,141,True,False,False,False,True,False,1,1,26046.3,11.22
8768,708,279,False,False,True,True,False,False,1,4,60478.4,13.7
8769,159,12,False,True,True,False,True,True,0,0,0.0,23.25
8770,1264,144,False,False,False,True,False,True,1,1,34152.9,23.52
8771,767,225,False,False,False,False,True,False,1,1,13909.2,18.23
8772,1373,155,True,True,True,False,True,True,1,4,124531.2,8.68
8773,754,261,True,False,False,False,False,False,1,1,22685.8,3.95
8774,455,267,False,False,False,True,False,False,0,0,0.0,24.79
8775,773,101,True,False,True,False,True,True,1,3,67824.0,11.18
8776,232,246,False,True,False,False,False,False,1,1,4733.55,9.31
8777,1237,74,False,False,False,False,True,True,1,2,9466.8,19.63
8778,1081,72,True,False,True,True,True,True,1,1,5239.25,1.48
8779,221,294,False,True,True,False,False,False,1,3,45060.0,8.65
8780,873,4,False,False,True,False,False,True,1,2,70690.0,24.72
8781,807,106,True,False,False,True,False,False,1,1,34715.2,18.36
8782,302,189,False,True,True,False,False,True,1,1,37414.6,12.1
8783,184,125,True,True,True,True,False,False,1,1,31047.4,10.72
8784,1141,254,False,True,True,False,True,False,1,1,7851.9,7.48
8785,397,76,False,False,False,True,True,True,0,0,0.0,13.66
8786,779,166,False,True,True,False,True,False,1,3,12446.7,4.34
8787,372,38,False,True,True,True,False,False,0,0,0.0,14.83
8788,981,64,False,True,False,True,True,False,0,0,0.0,16.86
8789,74,53,False,False,False,True,False,True,1,1,34222.1,27.03
8790,540,223,False,False,True,True,True,False,1,1,6759.0,20.99
8791,821,61,True,True,True,False,False,False,1,1,17570.3,9.35
8792,659,201,False,False,False,True,False,False,1,1,29021.45,26.2
8793,919,104,True,True,True,False,True,False,1,2,4282.6,13.29
8794,271,170,True,False,False,True,False,True,1,3,100227.75,1.0
8795,663,263,True,True,True,True,False,True,1,3,70966.5,2.31
8796,1135,260,True,False,False,False,True,False,0,0,0.0,19.83
8797,501,4,False,False,False,False,False,True,0,0,0.0,17.68
8798,236,236,False,True,True,False,False,False,1,1,31019.2,12.34
8799,1272,287,True,False,False,False,False,False,1,2,64790.5,7.23
8800,1168,201,False,False,True,False,True,True,1,2,58032.9,22.39
8801,1021,57,True,False,False,True,False,True,1,2,44876.6,8.89
8802,1198,200,False,False,True,True,False,True,1,1,18345.0,15.5
8803,1169,191,False,False,True,False,False,False,0,0,0.0,11.27
8804,1120,199,True,True,True,False,True,True,1,1,18588.0,6.88
8805,765,129,False,False,True,True,True,True,0,0,0.0,20.17
8806,30,158,True,False,True,True,True,False,1,3,6472.8,7.61
8807,896,196,True,False,True,False,True,True,1,1,25537.2,16.74
8808,410,140,False,True,True,True,False,True,1,1,19316.6,15.24
8809,1160,233,True,True,False,True,False,False,1,4,114438.8,8.66
8810,703,213,False,False,True,False,False,False,1,1,17567.0,15.3
8811,1358,91,False,False,False,False,True,True,1,4,27333.6,12.0
8812,894,184,False,False,False,False,False,False,0,0,0.0,21.47
8813,826,227,True,False,True,True,True,True,1,1,39295.8,11.97
8814,1379,147,True,False,False,True,True,True,1,1,36843.2,8.82
8815,713,215,False,False,True,False,True,False,0,0,0.0,13.26
8816,564,38,False,False,False,False,True,True,1,2,44707.5,21.96
8817,558,116,True,False,True,False,True,False,1,2,29848.0,7.96
8818,1313,211,True,True,False,True,True,False,1,2,38339.2,7.92
8819,1135,269,True,False,False,True,True,True,1,1,2208.6,8.35
8820,246,194,False,False,False,False,True,False,0,0,0.0,20.76
8821,739,200,False,True,False,False,False,False,1,1,18345.0,7.79
8822,557,103,False,True,True,False,True,False,0,0,0.0,14.26
8823,971,211,True,True,True,True,False,False,1,1,19174.6,9.34
8824,79,107,False,True,True,True,False,False,0,0,0.0,19.79
8825,1072,16,True,True,True,False,True,False,1,1,19743.3,1.0
8826,1114,75,True,False,True,False,False,True,1,2,64320.4,8.42
8827,340,184,True,True,True,True,False,True,1,3,63936.0,9.72
8828,226,289,False,True,False,False,True,False,1,2,53524.0,9.43
8829,942,149,True,False,True,False,False,False,1,2,24342.0,7.86
8830,386,259,True,False,True,False,True,True,1,1,755.4,9.64
8831,1413,234,False,False,True,True,False,True,1,1,4233.2,15.99
8832,1163,169,False,True,False,True,True,True,1,2,26450.0,11.81
8833,1433,242,True,False,True,True,False,True,1,2,65012.0,9.94
8834,803,121,True,False,False,False,False,False,0,0,0.0,25.48
8835,1408,133,True,False,False,True,False,False,1,4,51201.2,11.31
8836,21,222,False,False,False,True,False,False,1,2,67355.5,19.01
8837,435,192,True,False,True,False,False,False,1,4,62505.2,8.7
8838,4,159,True,True,True,False,False,True,1,4,106428.0,9.82
8839,1017,130,False,False,True,True,False,False,1,2,19507.6,20.03
8840,766,293,False,True,True,True,True,False,1,4,138862.8,4.09
8841,432,20,False,False,False,True,False,True,0,0,0.0,9.01
8842,458,17,True,False,True,False,False,True,1,1,11162.0,6.54
8843,966,144,True,True,False,True,False,False,1,2,68305.8,6.78
8844,271,11,False,True,False,True,True,True,1,1,18837.55,12.21
8845,772,103,False,False,True,False,True,False,1,2,16120.8,22.17
8846,921,171,True,False,False,False,False,True,1,1,29224.25,7.93
8847,360,122,False,True,False,False,False,True,1,3,10983.75,4.75
8848,343,61,False,True,False,False,True,False,0,0,0.0,19.38
8849,532,86,False,False,False,False,True,False,0,0,0.0,10.84
8850,889,182,False,False,True,True,False,False,0,0,0.0,22.64
8851,382,286,True,True,False,True,False,False,0,0,0.0,16.58
8852,569,235,False,True,True,False,False,False,0,0,0.0,18.19
8853,816,165,False,False,False,False,True,False,0,0,0.0,10.06
8854,281,42,False,True,False,False,False,False,0,0,0.0,21.98
8855,854,73,False,False,True,True,False,True,1,1,1825.0,20.9
8856,208,133,True,False,False,False,True,False,1,1,12795.3,13.04
8857,214,75,False,True,False,True,True,False,1,3,96465.6,5.82
8858,356,207,False,False,True,False,False,False,0,0,0.0,31.13
8859,430,110,True,True,False,False,True,False,0,0,0.0,17.21
8860,45,251,True,False,False,True,False,True,1,4,33232.8,9.43
8861,1443,81,False,True,True,False,False,True,0,0,0.0,18.44
8862,463,149,True,True,True,False,True,False,1,3,36498.0,5.4
8863,1207,215,True,False,False,True,False,True,1,2,26350.8,8.72
8864,1353,62,False,True,False,True,True,False,1,2,31115.0,12.81
8865,1201,229,True,False,True,True,False,True,1,2,10390.6,10.31
8866,1248,176,False,True,False,False,True,True,1,2,5465.6,6.3
8867,151,195,False,True,False,False,True,True,1,2,35662.5,5.82
8868,559,137,True,False,False,False,True,False,1,1,20605.5,7.13
8869,1120,281,False,True,False,False,True,False,0,0,0.0,27.18
8870,864,232,False,True,False,False,True,True,0,0,0.0,27.76
8871,9,58,True,False,False,False,True,True,1,4,117266.0,12.58
8872,852,167,False,False,False,False,True,True,1,3,7511.4,23.61
8873,1207,271,True,False,False,False,True,False,0,0,0.0,18.04
8874,1244,84,False,True,False,False,False,False,1,2,47371.3,4.74
8875,576,161,False,True,True,True,True,False,0,0,0.0,24.13
8876,355,227,False,False,True,False,False,True,1,1,39300.8,14.76
8877,465,82,True,True,True,True,True,False,1,2,32536.3,6.96
8878,445,156,True,True,False,True,False,False,1,1,5005.25,15.01
8879,520,166,True,False,True,True,True,False,0,0,0.0,15.8
8880,453,54,True,False,False,False,True,False,1,1,39404.1,10.55
8881,686,54,True,False,False,False,True,True,1,1,39404.1,12.73
8882,62,169,False,False,True,True,True,False,0,0,0.0,13.72
8883,413,54,False,True,False,False,False,True,1,1,39409.1,4.31
8884,473,285,False,True,False,True,True,False,1,1,24931.0,6.61
8885,231,158,False,False,True,False,True,False,1,1,2157.6,19.53
8886,1317,212,True,False,False,False,True,True,1,3,83953.8,6.57
8887,1014,120,False,True,False,True,False,True,1,1,21089.3,7.99
8888,1368,90,True,False,True,False,False,True,1,1,27715.0,3.98
8889,843,146,True,True,True,False,True,False,1,4,69972.0,15.11
8890,165,214,True,False,True,False,False,True,1,1,33887.1,9.88
8891,1357,120,False,False,False,False,True,True,1,1,21084.3,19.05
8892,688,85,False,True,False,True,False,False,0,0,0.0,20.73
8893,1027,44,False,False,False,True,False,False,0,0,0.0,16.46
8894,573,163,True,True,True,True,False,True,1,3,141508.95,4.96
8895,742,204,True,True,True,False,True,True,1,1,28478.7,7.86
8896,735,158,True,True,False,False,True,False,1,2,4315.2,4.0
8897,428,77,False,True,True,False,True,False,1,2,22152.0,10.29
8898,833,75,False,False,True,False,True,True,0,0,0.0,16.91
8899,1101,114,False,False,False,False,False,True,1,1,44500.1,20.91
8900,31,105,True,False,True,True,True,False,1,4,28051.2,10.34
8901,197,62,False,False,False,True,False,False,1,2,31125.0,20.16
8902,1264,283,False,True,False,False,False,True,1,3,77833.35,8.97
8903,855,99,False,True,True,False,False,False,0,0,0.0,21.26
8904,1461,76,False,False,False,False,True,False,0,0,0.0,11.91
8905,908,182,False,False,True,True,False,True,1,2,15436.1,14.55
8906,981,241,True,False,False,False,True,True,1,1,33727.85,10.45
8907,1349,140,False,False,True,False,False,False,1,1,19316.6,24.56
8908,991,201,False,False,False,False,True,False,0,0,0.0,9.33
8909,495,29,False,False,False,False,False,False,1,1,2135.1,14.69
8910,792,160,False,False,False,False,True,True,0,0,0.0,12.9
8911,354,20,False,False,False,False,False,False,0,0,0.0,12.08
8912,502,42,False,False,True,True,True,True,1,3,96969.6,21.32
8913,1021,178,False,True,True,True,False,False,0,0,0.0,15.75
8914,224,62,False,True,False,False,True,False,1,3,46672.5,12.05
8915,1008,11,True,True,False,False,True,False,0,0,0.0,15.76
8916,877,54,True,False,False,False,False,True,1,2,78818.2,4.73
8917,463,232,True,False,False,False,True,False,0,0,0.0,35.3
8918,68,177,True,False,True,False,True,False,1,1,31944.5,2.6
8919,1057,115,True,False,True,False,False,True,1,3,62772.0,8.76
8920,1237,293,True,False,False,True,False,False,1,4,138882.8,3.32
8921,1096,116,False,True,False,False,False,True,1,2,29858.0,1.0
8922,632,264,False,False,True,False,True,True,1,1,7036.2,17.6
8923,981,104,False,True,True,True,True,True,1,2,4282.6,3.1
8924,623,8,True,True,False,False,True,True,1,4,84041.2,6.93
8925,538,34,False,True,False,False,False,True,1,3,68531.7,5.48
8926,491,83,True,False,False,False,False,False,1,1,981.8,5.42
8927,317,56,False,False,True,False,False,False,0,0,0.0,13.98
8928,1455,48,False,False,True,True,True,True,1,1,15689.4,19.98
8929,1000,116,False,False,False,False,True,True,1,2,29848.0,19.1
8930,263,293,True,False,False,False,False,False,0,0,0.0,17.09
8931,1298,61,False,False,True,False,True,True,0,0,0.0,15.99
8932,227,71,True,False,True,True,True,False,1,2,78449.6,10.01
8933,891,299,True,False,False,False,False,False,1,1,1213.2,10.13
8934,249,61,False,True,True,False,False,False,1,1,17570.3,15.42
8935,542,250,False,True,False,True,True,False,1,1,39026.7,8.5
8936,988,187,False,True,True,False,False,False,1,2,35149.0,1.0
8937,1499,279,True,False,False,False,True,False,1,1,15114.6,6.09
8938,1488,167,False,False,False,False,False,False,0,0,0.0,20.27
8939,1344,179,True,False,True,True,True,False,1,2,27661.5,2.55
8940,354,68,True,False,False,False,False,False,1,2,71221.3,9.19
8941,141,173,True,False,False,True,True,True,0,0,0.0,19.47
8942,1359,202,True,True,True,False,True,True,1,4,35527.2,5.01
8943,1385,297,True,False,False,False,False,True,0,0,0.0,26.63
8944,418,30,True,False,True,True,True,True,1,1,28488.6,6.26
8945,29,48,True,True,False,False,False,True,1,1,15694.4,10.66
8946,972,6,True,True,False,True,True,False,1,2,4584.0,6.97
8947,115,238,False,False,True,False,False,False,0,0,0.0,16.33
8948,61,25,True,False,True,True,True,True,1,1,7766.45,8.32
8949,1406,275,True,True,True,False,True,True,1,3,44363.25,1.13
8950,744,110,True,False,True,False,False,False,0,0,0.0,16.96
8951,169,87,True,True,False,True,False,False,1,4,120658.6,15.65
8952,982,293,False,False,False,True,True,True,1,3,104147.1,20.0
8953,554,217,False,True,False,True,True,False,1,2,62956.6,12.4
8954,805,165,True,True,False,False,True,False,1,1,42069.6,11.05
8955,1349,267,False,True,False,True,False,True,1,1,37501.0,1.0
8956,357,227,True,True,True,True,False,True,1,2,78601.6,8.07
8957,970,192,False,False,True,False,True,True,1,2,31242.6,20.42
8958,1243,97,True,True,False,False,False,False,1,4,119976.8,11.89
8959,636,296,True,False,False,True,True,False,1,1,18643.0,11.99
8960,1456,216,False,False,False,False,False,False,1,1,29917.25,11.92
8961,673,284,True,False,False,False,True,False,1,4,12019.4,10.44
8962,689,290,True,True,True,False,False,False,1,4,158228.0,9.0
8963,1327,165,False,True,False,False,True,True,0,0,0.0,6.88
8964,954,108,True,False,True,False,False,True,1,2,46472.4,1.84
8965,1304,285,False,False,True,True,False,False,0,0,0.0,21.35
8966,1186,300,False,False,False,True,True,False,1,3,44416.8,22.44
8967,1069,37,True,False,False,False,True,False,1,1,39981.6,3.09
8968,363,192,True,False,True,True,False,False,1,4,62505.2,1.84
8969,599,181,False,False,False,False,False,False,0,0,0.0,25.53
8970,1297,225,True,False,False,False,False,False,0,0,0.0,14.56
8971,925,293,False,False,False,False,True,False,0,0,0.0,19.48
8972,421,76,False,False,True,False,True,False,1,1,28362.0,20.24
8973,492,293,False,False,False,False,False,False,0,0,0.0,6.96
8974,1164,193,False,True,False,False,False,True,1,1,15867.4,6.26
8975,268,25,False,True,True,True,True,True,1,1,7766.45,4.39
8976,169,154,False,False,False,False,False,True,1,2,59462.4,19.11
8977,1148,41,True,True,False,False,True,True,1,2,83206.7,4.13
8978,433,287,False,False,False,False,False,True,0,0,0.0,8.32
8979,1149,229,False,False,False,False,False,False,1,1,5195.3,14.14
8980,801,272,True,False,True,True,False,True,1,3,89513.25,19.85
8981,1497,181,False,True,True,False,False,False,0,0,0.0,26.97
8982,788,120,False,True,True,True,True,False,1,2,42168.6,1.0
8983,1302,129,False,True,True,True,True,False,1,1,41126.4,1.0
8984,1276,285,True,True,True,False,True,False,0,0,0.0,30.88
8985,318,46,False,True,True,False,False,False,0,0,0.0,25.07
8986,1495,266,False,True,False,False,True,False,1,4,41420.0,8.03
8987,1119,127,False,True,True,False,False,True,1,1,31687.05,5.49
8988,161,178,True,True,True,False,True,False,1,2,84270.0,6.78
8989,10,201,False,True,False,False,False,False,1,1,29021.45,8.33
8990,408,25,False,False,True,False,True,False,0,0,0.0,5.35
8991,25,45,True,True,False,False,True,True,1,2,31305.6,8.08
8992,537,49,False,True,True,True,True,False,1,2,42603.2,6.44
8993,1495,234,False,True,False,True,False,False,1,2,8466.4,7.01
8994,719,24,False,True,True,True,False,True,0,0,0.0,11.35
8995,36,184,False,False,True,False,False,False,1,1,21312.0,21.72
8996,741,33,False,False,True,True,False,True,1,2,25125.2,17.37
8997,329,231,False,True,True,False,False,False,1,1,40767.6,4.58
8998,1285,294,False,False,True,False,False,True,1,2,30040.0,16.59
8999,136,125,False,False,True,False,True,False,1,1,31042.4,22.12
9000,1156,64,True,False,False,True,True,False,1,1,2864.0,9.98
9001,669,134,False,True,True,False,False,False,1,2,26688.1,4.21
9002,29,208,False,False,True,False,False,False,0,0,0.0,17.29
9003,1010,219,False,False,True,False,False,True,1,2,39334.6,26.77
9004,683,191,True,True,False,True,True,False,0,0,0.0,22.66
9005,1158,175,True,False,True,True,True,False,1,2,10803.6,6.52
9006,928,190,True,True,True,False,True,True,1,2,33807.6,15.61
9007,1181,66,True,False,True,False,True,False,1,2,5887.8,15.58
9008,691,63,True,True,True,False,True,False,1,2,62454.6,7.3
9009,12,280,True,False,False,False,True,False,1,4,135128.0,4.53
9010,196,174,False,False,True,False,False,True,1,4,47338.4,11.65
9011,689,259,False,False,True,False,False,False,0,0,0.0,11.54
9012,597,188,False,True,True,False,False,False,0,0,0.0,30.8
9013,1192,137,False,True,True,False,False,False,1,2,41221.0,8.07
9014,618,172,True,True,True,False,False,False,1,2,61677.2,11.26
9015,1291,208,True,True,False,True,False,False,1,1,920.3,9.45
9016,282,56,False,False,False,False,False,True,0,0,0.0,15.79
9017,578,139,True,True,True,False,True,True,0,0,0.0,18.17
9018,1135,217,False,False,True,False,True,True,1,4,125913.2,17.61
9019,187,27,False,False,True,False,False,False,1,3,82559.55,19.38
9020,483,22,True,True,True,False,True,True,1,1,12691.35,9.66
9021,1128,49,False,False,True,False,True,False,1,3,63904.8,26.53
9022,884,178,False,True,False,False,False,False,1,2,84280.0,8.32
9023,1168,72,True,False,True,False,True,False,1,1,5239.25,5.88
9024,774,131,False,False,True,True,False,False,0,0,0.0,14.87
9025,1289,41,True,False,True,False,False,True,1,1,41608.35,9.39
9026,1317,76,True,False,True,True,False,True,1,2,56734.0,8.45
9027,1462,6,False,True,True,False,True,False,0,0,0.0,29.52
9028,184,243,True,False,True,False,True,False,1,1,36342.0,7.12
9029,887,140,True,False,True,False,False,False,0,0,0.0,17.75
9030,172,53,False,False,True,True,True,True,1,3,102651.3,23.81
9031,344,158,True,False,False,True,False,False,1,1,2162.6,15.69
9032,451,280,False,True,False,False,True,True,1,2,67564.0,11.72
9033,970,248,False,False,False,False,True,False,0,0,0.0,20.28
9034,647,266,False,False,True,True,False,True,1,1,10360.0,17.76
9035,1298,122,True,False,False,False,False,False,0,0,0.0,26.78
9036,448,109,True,False,False,True,False,True,1,2,52121.5,5.43
9037,926,95,False,True,False,False,True,True,1,3,6507.0,6.15
9038,1145,92,False,True,False,False,False,False,0,0,0.0,22.8
9039,1471,276,True,True,False,False,True,False,1,4,3955.2,5.9
9040,368,42,False,True,False,True,True,False,1,1,32323.2,6.61
9041,1101,256,False,True,False,False,False,False,0,0,0.0,23.89
9042,128,275,False,False,True,True,False,True,0,0,0.0,16.65
9043,816,254,False,False,True,False,False,False,1,4,31427.6,17.33
9044,621,189,True,True,True,True,True,False,1,1,37409.6,6.8
9045,1438,257,True,False,False,True,False,False,0,0,0.0,23.43
9046,1161,10,False,True,True,False,False,False,1,1,31178.3,12.85
9047,1391,246,True,True,False,False,False,True,1,2,9467.1,5.8
9048,1276,154,False,True,False,True,True,False,0,0,0.0,11.42
9049,617,288,False,False,False,False,True,False,1,2,67566.4,16.57
9050,1101,26,False,False,True,True,False,False,1,1,29190.6,20.36
9051,46,280,False,False,False,False,True,False,0,0,0.0,7.67
9052,837,173,False,False,True,False,True,True,1,1,44259.0,13.21
9053,71,32,False,False,False,False,False,False,0,0,0.0,18.59
9054,1087,153,True,True,False,False,True,True,1,1,8000.4,11.04
9055,1451,12,True,False,False,False,True,False,1,1,20736.8,15.23
9056,1023,25,False,False,True,False,False,True,0,0,0.0,9.89
9057,1260,160,True,True,False,False,False,False,1,4,73892.0,8.84
9058,352,245,False,False,False,False,True,False,0,0,0.0,19.99
9059,1491,33,True,True,False,False,True,True,1,1,12557.6,10.4
9060,827,79,False,False,False,False,False,False,0,0,0.0,11.31
9061,1012,118,False,True,True,True,True,True,1,1,693.6,10.24
9062,1156,163,False,False,True,False,False,False,1,2,94339.3,22.71
9063,960,1,False,False,False,False,False,False,1,1,11072.6,23.63
9064,476,192,True,True,False,False,False,False,1,1,15626.3,5.52
9065,918,150,False,True,False,False,True,False,1,1,23283.0,4.2
9066,981,289,True,False,False,False,False,False,0,0,0.0,23.45
9067,1287,91,False,False,True,True,True,True,1,1,6833.4,21.07
9068,723,149,True,False,False,True,False,False,0,0,0.0,23.05
9069,753,25,True,True,False,False,False,True,0,0,0.0,28.02
9070,755,276,False,True,False,False,False,False,0,0,0.0,26.4
9071,172,251,True,False,True,True,False,False,1,3,24924.6,5.43
9072,136,107,False,False,False,True,False,False,1,4,3559.2,18.97
9073,31,139,True,False,True,True,True,False,1,3,79327.8,5.76
9074,1000,258,True,False,False,True,True,True,1,1,6255.9,6.22
9075,629,89,False,False,False,False,True,True,0,0,0.0,13.05
9076,1299,71,False,True,False,False,False,False,0,0,0.0,20.72
9077,1054,73,False,False,True,False,False,True,1,1,1825.0,15.47
9078,213,213,False,True,True,False,False,True,1,4,70268.0,8.38
9079,151,64,False,False,False,False,False,False,0,0,0.0,9.43
9080,550,27,True,False,False,True,True,False,0,0,0.0,26.97
9081,1382,50,True,False,True,False,True,False,0,0,0.0,24.45
9082,74,296,True,False,True,False,True,True,1,1,18643.0,9.92
9083,282,262,True,True,False,True,False,False,1,2,48080.8,5.78
9084,45,287,True,True,False,True,True,True,1,3,97170.75,7.61
9085,621,84,False,True,False,False,True,True,1,1,23680.65,8.94
9086,1485,133,False,True,False,False,False,True,0,0,0.0,14.81
9087,1026,148,False,True,False,True,True,True,1,1,25943.4,9.65
9088,741,158,False,True,True,False,False,False,0,0,0.0,23.99
9089,217,9,True,True,False,False,False,False,1,1,26556.7,5.21
9090,534,180,False,True,False,False,False,False,1,2,27462.4,14.79
9091,787,12,True,False,True,True,False,True,1,2,41483.6,9.7
9092,413,83,False,False,False,False,False,True,1,3,2945.4,22.41
9093,1058,88,False,False,True,False,False,True,1,1,20062.4,21.01
9094,1471,203,True,False,True,False,True,True,0,0,0.0,23.61
9095,309,269,False,False,True,False,False,False,0,0,0.0,8.73
9096,379,210,True,False,True,False,True,False,1,1,40811.05,8.72
9097,190,131,True,False,True,False,False,True,1,3,18501.3,8.47
9098,1089,158,True,True,False,True,False,True,1,1,2162.6,11.79
9099,693,154,False,False,True,True,False,True,1,2,59462.4,15.77
9100,426,45,False,False,True,True,True,True,1,2,31305.6,20.0
9101,329,288,False,True,False,True,True,True,1,2,67566.4,9.05
9102,106,276,False,True,True,False,False,False,0,0,0.0,23.01
9103,715,73,False,False,True,True,False,False,0,0,0.0,19.21
9104,1025,35,False,False,False,False,False,True,0,0,0.0,12.3
9105,353,50,False,False,True,False,True,False,0,0,0.0,21.25
9106,3,189,False,True,True,False,True,True,1,2,74819.2,4.97
9107,710,9,True,False,True,False,False,False,1,1,26556.7,11.03
9108,1014,31,True,False,True,False,True,True,1,1,31719.75,10.22
9109,518,195,True,False,True,True,False,False,1,1,17836.25,4.39
9110,376,44,True,False,False,False,False,True,1,1,38711.45,12.63
9111,232,21,True,False,False,True,True,False,1,1,14954.4,11.92
9112,1120,7,False,True,False,False,True,False,1,1,561.6,13.44
9113,1293,212,True,False,True,False,False,False,1,1,27989.6,5.91
9114,1155,110,False,True,False,True,False,False,1,2,67418.2,10.52
9115,778,86,True,False,True,False,False,False,1,2,18863.2,8.81
9116,1087,192,False,False,True,False,False,False,0,0,0.0,14.35
9117,596,52,False,False,False,False,True,True,1,1,20885.2,18.7
9118,37,157,True,True,True,False,True,True,1,1,33451.0,13.29
9119,552,146,True,False,False,True,False,False,0,0,0.0,21.16
9120,1056,203,False,False,True,False,False,False,1,2,4874.0,22.27
9121,972,188,False,False,True,True,False,False,0,0,0.0,24.47
9122,1486,203,False,False,False,False,True,True,1,3,7296.0,22.94
9123,1497,64,False,False,True,True,True,True,1,1,2864.0,22.9
9124,364,43,False,True,False,False,True,False,0,0,0.0,28.57
9125,15,161,True,True,False,False,True,False,0,0,0.0,25.94
9126,412,18,False,True,True,False,True,False,1,2,70231.5,8.04
9127,1315,137,False,False,False,False,False,False,0,0,0.0,9.25
9128,1221,188,False,True,True,False,True,True,1,1,20848.0,8.34
9129,149,247,True,True,False,False,True,False,1,3,84823.2,2.7
9130,241,196,True,True,False,False,False,True,1,3,76626.6,6.28
9131,846,299,False,False,False,False,True,True,0,0,0.0,17.29
9132,991,168,True,False,False,False,False,True,1,3,60130.05,9.57
9133,1474,134,True,False,True,False,False,False,1,1,13344.05,16.93
9134,1133,74,False,False,False,False,True,True,1,1,4733.4,13.71
9135,318,202,True,False,True,False,True,False,1,1,8881.8,12.14
9136,56,244,False,False,True,False,False,False,0,0,0.0,15.42
9137,951,97,True,False,False,False,False,False,1,3,89982.6,11.76
9138,831,23,True,False,False,False,False,False,0,0,0.0,20.75
9139,1383,4,False,False,False,False,True,False,1,4,141360.0,20.9
9140,864,190,False,False,False,False,False,False,0,0,0.0,5.63
9141,752,199,True,False,False,True,True,False,1,3,55764.0,7.53
9142,456,37,False,True,False,False,True,True,1,1,39981.6,12.58
9143,130,7,False,False,True,False,True,True,1,1,561.6,17.36
9144,1315,197,True,False,True,False,True,False,1,2,4069.8,5.64
9145,1240,120,True,False,True,False,False,False,0,0,0.0,18.67
9146,245,126,True,True,True,False,False,False,1,4,116015.6,7.17
9147,1056,79,False,False,True,False,True,False,1,2,40286.4,23.88
9148,547,216,True,True,False,True,True,False,1,1,29912.25,10.08
9149,656,224,True,False,False,False,False,False,1,4,20576.8,8.05
9150,1274,16,False,False,False,False,True,False,0,0,0.0,17.11
9151,1264,27,False,False,True,False,True,True,1,4,110059.4,24.9
9152,286,167,False,True,True,True,False,True,1,4,10035.2,9.39
9153,462,181,True,False,True,True,True,False,0,0,0.0,19.75
9154,1233,44,False,True,True,False,True,False,0,0,0.0,15.11
9155,1376,48,False,True,False,False,False,False,1,3,47083.2,14.51
9156,119,205,False,False,False,False,False,False,0,0,0.0,18.84
9157,1251,137,True,True,False,False,False,True,1,3,61831.5,7.94
9158,734,36,True,False,False,True,True,True,1,3,17406.3,1.13
9159,886,183,False,False,False,False,False,False,0,0,0.0,11.62
9160,113,23,False,False,False,True,True,False,0,0,0.0,28.08
9161,1021,70,True,False,False,False,True,False,1,1,30410.8,8.64
9162,1017,214,False,True,False,False,True,True,0,0,0.0,23.76
9163,995,67,True,True,True,False,True,False,1,2,40512.0,6.53
9164,1186,20,False,True,False,True,False,False,0,0,0.0,16.15
9165,1420,288,True,False,False,True,False,True,1,2,67576.4,7.73
9166,1275,68,False,False,False,False,True,False,0,0,0.0,10.12
9167,1118,155,False,False,True,False,True,False,1,1,31132.8,17.22
9168,1472,248,False,True,True,False,True,False,1,1,11474.4,12.55
9169,1012,297,False,False,False,False,True,False,0,0,0.0,17.35
9170,1009,243,False,True,True,False,True,True,1,1,36342.0,9.06
9171,814,102,True,False,False,False,False,True,0,0,0.0,23.34
9172,1154,257,True,True,True,False,True,True,0,0,0.0,26.38
9173,108,4,True,True,True,False,True,False,1,3,106020.0,7.63
9174,759,98,False,True,False,False,True,True,1,1,17861.05,8.24
9175,638,60,False,False,False,False,False,True,0,0,0.0,8.91
9176,1370,159,True,False,False,False,True,False,1,1,26602.0,12.52
9177,109,268,True,False,True,False,False,True,0,0,0.0,19.35
9178,966,233,True,False,True,False,True,False,1,2,57209.4,4.68
9179,277,300,False,False,True,False,False,True,1,1,14810.6,24.94
9180,1326,42,False,True,False,False,False,False,1,2,64656.4,6.53
9181,1278,226,True,False,True,True,True,False,1,1,6801.0,1.64
9182,354,218,False,False,True,False,True,False,1,4,10638.6,15.0
9183,1308,137,True,False,True,False,False,True,1,1,20610.5,4.66
9184,746,30,False,False,True,True,False,False,0,0,0.0,7.45
9185,1457,32,False,True,False,True,False,False,0,0,0.0,18.78
9186,1095,274,False,False,True,True,False,False,1,2,3277.2,13.57
9187,52,89,False,False,True,False,False,False,0,0,0.0,24.7
9188,305,192,False,False,True,False,False,True,1,3,46878.9,24.65
9189,606,284,False,True,True,False,False,False,1,1,3009.85,9.6
9190,318,148,True,False,False,False,True,False,1,2,51886.8,6.74
9191,199,63,False,False,True,False,False,False,1,2,62464.6,26.1
9192,1468,146,False,False,False,False,True,True,1,1,17493.0,24.41
9193,1304,69,False,False,True,True,True,True,1,3,52311.75,25.08
9194,652,55,False,True,True,False,False,False,1,1,8973.0,4.99
9195,323,244,False,False,False,False,False,False,0,0,0.0,15.97
9196,273,104,True,False,True,True,False,False,1,2,4292.6,9.06
9197,1374,206,False,False,True,False,True,True,1,1,26212.9,16.0
9198,498,219,False,False,True,False,False,False,0,0,0.0,18.04
9199,19,165,False,True,True,True,True,True,1,1,42069.6,3.34
9200,597,163,False,False,True,False,True,False,0,0,0.0,20.81
9201,682,55,False,False,False,False,False,False,0,0,0.0,8.82
9202,935,159,False,False,False,False,True,False,0,0,0.0,16.48
9203,509,226,True,False,False,True,False,False,1,1,6806.0,5.47
9204,1385,59,True,False,True,False,True,True,1,1,30253.2,16.24
9205,966,70,True,True,True,False,False,True,0,0,0.0,25.73
9206,1480,208,False,False,False,False,True,False,0,0,0.0,15.37
9207,551,295,True,True,False,False,False,True,1,2,46626.0,9.07
9208,978,118,True,True,True,True,True,False,1,1,693.6,4.11
9209,549,249,True,False,False,True,True,True,1,3,14816.25,11.21
9210,1050,55,False,True,False,True,False,False,0,0,0.0,20.73
9211,1119,171,True,False,False,True,False,False,0,0,0.0,27.69
9212,483,284,False,True,True,True,False,True,1,2,6019.7,12.67
9213,1407,133,False,True,True,False,False,False,0,0,0.0,26.66
9214,1286,153,False,False,False,False,True,False,1,4,32001.6,25.0
9215,1342,47,False,True,False,False,False,False,0,0,0.0,23.83
9216,327,159,False,False,True,False,True,False,0,0,0.0,19.66
9217,1077,176,False,True,False,False,True,False,0,0,0.0,33.03
9218,160,295,False,False,True,False,True,False,1,4,93232.0,26.97
9219,159,61,True,True,False,False,False,False,1,3,52710.9,5.14
9220,1460,110,False,True,True,False,False,True,0,0,0.0,27.3
9221,230,195,True,True,False,True,False,True,1,1,17836.25,14.04
9222,1297,283,True,False,True,False,False,False,0,0,0.0,25.14
9223,647,72,False,True,True,False,False,True,1,2,10488.5,12.06
9224,456,209,False,False,True,False,True,False,1,3,71239.5,16.02
9225,111,264,True,True,True,False,True,True,1,2,14072.4,6.42
9226,1013,190,True,True,False,False,True,False,1,4,67615.2,9.73
9227,1082,129,True,False,False,False,True,True,1,1,41126.4,1.68
9228,701,71,True,False,True,True,True,False,1,1,39224.8,15.6
9229,1215,87,True,True,True,False,True,False,0,0,0.0,21.0
9230,485,16,False,True,False,False,True,True,1,1,19743.3,15.54
9231,828,46,True,True,True,False,False,False,1,2,54618.0,3.7
9232,431,132,False,False,False,False,False,False,1,1,30585.8,23.95
9233,874,43,False,True,True,True,False,False,1,2,38652.4,10.9
9234,205,4,True,True,False,False,True,True,1,4,141360.0,6.49
9235,715,208,False,True,True,False,False,False,1,1,920.3,1.0
9236,824,22,True,False,True,True,True,False,1,4,50765.4,7.14
9237,835,43,False,False,True,True,False,True,1,4,77304.8,13.53
9238,670,179,True,True,False,False,False,True,1,4,55343.0,5.25
9239,966,277,True,False,False,True,False,False,1,2,40026.0,7.74
9240,769,218,False,True,True,True,False,False,0,0,0.0,20.18
9241,425,10,True,True,True,False,False,True,1,1,31178.3,11.9
9242,324,51,False,False,True,False,True,True,1,1,22771.0,16.29
9243,972,223,False,False,False,False,False,True,1,1,6764.0,22.38
9244,1408,220,False,True,False,False,False,False,0,0,0.0,30.15
9245,1130,118,True,False,False,False,True,True,1,3,2080.8,4.65
9246,958,285,False,False,False,False,True,False,0,0,0.0,15.29
9247,1383,267,True,True,False,False,True,False,1,1,37496.0,1.0
9248,1350,223,False,True,False,False,False,True,1,3,20292.0,5.42
9249,760,225,False,False,False,False,True,True,1,1,13909.2,18.46
9250,164,236,True,True,False,False,False,True,1,4,124076.8,1.0
9251,952,45,False,False,False,False,True,False,0,0,0.0,2.93
9252,935,211,True,False,True,False,True,True,1,1,19169.6,12.71
9253,417,282,False,False,True,True,True,True,1,1,23001.6,20.52
9254,1275,68,True,False,False,False,True,False,0,0,0.0,31.56
9255,1305,5,False,False,False,False,False,False,1,2,11551.3,21.98
9256,497,109,False,False,True,True,True,False,1,2,52111.5,28.3
9257,716,81,True,False,False,False,False,False,0,0,0.0,17.1
9258,293,285,True,False,False,False,False,False,0,0,0.0,25.62
9259,268,134,False,True,True,False,True,False,0,0,0.0,27.77
9260,398,199,False,False,True,False,False,True,0,0,0.0,11.49
9261,549,295,True,True,True,False,False,False,1,3,69939.0,8.83
9262,410,237,True,True,True,True,False,False,1,2,79541.1,16.43
9263,228,225,True,True,False,True,True,False,1,4,55636.8,1.0
9264,671,291,False,False,False,False,False,True,1,2,54929.5,18.77
9265,936,207,True,False,False,False,False,True,1,3,61649.1,7.96
9266,489,70,True,True,True,False,False,True,1,3,91247.4,5.83
9267,801,219,True,True,True,False,False,False,1,1,19667.3,13.8
9268,407,97,True,True,False,True,True,True,1,2,59978.4,10.93
9269,1056,100,True,False,False,False,True,False,1,4,20675.2,7.68
9270,973,194,False,False,True,False,False,False,1,2,33900.3,16.55
9271,1441,95,False,False,True,True,True,True,1,1,2169.0,21.41
9272,80,8,False,False,True,False,False,True,0,0,0.0,16.56
9273,1280,300,True,False,True,True,False,False,1,2,29621.2,10.95
9274,511,172,True,False,True,False,False,False,1,2,61677.2,8.44
9275,100,202,True,True,True,True,True,True,1,4,35527.2,6.67
9276,1035,243,False,True,True,False,False,False,0,0,0.0,22.83
9277,258,191,True,False,True,True,False,False,1,1,23490.5,15.07
9278,264,184,False,False,False,False,True,False,1,1,21307.0,21.94
9279,1470,238,False,False,True,False,True,False,1,2,46620.0,27.55
9280,332,89,False,True,False,False,True,False,0,0,0.0,34.39
9281,821,249,True,False,False,False,False,False,1,1,4943.75,1.28
9282,301,218,False,False,True,False,True,False,1,1,2659.65,15.87
9283,186,55,False,False,True,False,True,False,1,2,17936.0,23.79
9284,2,44,True,False,True,False,False,False,0,0,0.0,26.44
9285,25,264,True,False,True,False,False,False,1,4,28164.8,11.45
9286,711,269,False,False,True,True,True,False,1,3,6625.8,20.41
9287,652,299,False,True,False,True,True,True,1,1,1208.2,13.1
9288,59,31,False,True,False,True,False,True,0,0,0.0,23.34
9289,525,269,False,True,True,True,True,False,1,1,2208.6,1.57
9290,410,260,False,False,True,False,True,False,1,3,84558.0,29.22
9291,857,231,True,False,True,True,False,False,1,1,40767.6,10.29
9292,1493,150,False,False,False,False,True,True,1,2,46566.0,18.37
9293,1038,153,False,False,True,False,True,True,1,1,8000.4,22.18
9294,1378,129,True,False,False,True,False,False,1,1,41131.4,5.02
9295,289,9,False,False,True,False,False,True,1,2,53113.4,25.0
9296,323,151,True,True,True,False,True,False,1,1,12333.5,12.53
9297,1127,72,True,False,True,False,False,False,1,4,20977.0,6.29
9298,466,61,False,False,True,False,False,False,0,0,0.0,10.6
9299,1274,17,True,False,False,False,True,False,0,0,0.0,22.94
9300,696,138,True,True,True,True,False,False,1,1,5690.6,15.82
9301,302,15,True,False,True,True,True,True,1,2,9657.7,9.22
9302,1267,255,True,False,False,False,False,False,0,0,0.0,22.13
9303,826,267,False,False,False,False,False,False,0,0,0.0,12.7
9304,1204,241,True,False,True,False,True,False,1,1,33727.85,10.72
9305,679,91,False,False,True,False,False,False,0,0,0.0,15.84
9306,190,49,True,False,False,False,True,False,0,0,0.0,17.06
9307,1022,152,True,False,False,True,True,False,1,1,22520.7,7.6
9308,187,203,False,False,True,False,False,False,1,2,4874.0,23.51
9309,995,7,False,False,False,False,False,False,0,0,0.0,21.41
9310,626,258,False,False,True,True,True,True,1,4,25023.6,20.88
9311,1188,132,False,True,False,False,False,True,1,2,61171.6,12.37
9312,1306,246,True,True,True,False,False,True,1,2,9467.1,5.81
9313,612,24,False,False,True,False,True,True,1,1,7657.2,23.48
9314,1324,128,False,False,True,False,True,False,1,1,35405.1,17.57
9315,167,138,False,False,True,True,True,False,0,0,0.0,7.71
9316,162,15,False,True,True,False,False,True,0,0,0.0,25.59
9317,1491,213,True,False,True,False,True,False,1,1,17562.0,3.95
9318,862,280,True,True,True,True,False,True,0,0,0.0,27.91
9319,677,163,False,False,False,False,True,False,1,1,47164.65,18.08
9320,234,119,True,True,False,True,False,False,1,1,12886.05,11.82
9321,434,191,True,False,True,False,True,False,0,0,0.0,19.0
9322,1030,109,True,True,False,True,True,False,1,3,78167.25,4.04
9323,1233,108,True,False,False,False,False,True,1,1,23236.2,10.33
9324,1375,228,False,True,False,True,False,True,1,2,18851.6,8.15
9325,612,178,False,True,False,False,False,False,1,2,84280.0,10.83
9326,683,80,False,True,False,True,True,True,1,1,5608.3,5.67
9327,245,123,True,False,False,False,True,False,1,3,69321.0,7.63
9328,125,251,False,True,True,True,True,False,1,1,8303.2,12.38
9329,657,159,True,False,False,False,True,True,1,2,53204.0,11.72
9330,869,23,False,True,True,False,True,True,0,0,0.0,20.02
9331,157,258,False,True,False,False,True,True,1,3,18767.7,7.89
9332,613,223,True,True,True,True,False,True,1,1,6764.0,13.4
9333,963,81,False,False,True,False,False,False,0,0,0.0,14.2
9334,1217,290,False,True,True,True,False,True,1,2,79114.0,11.12
9335,1408,286,False,False,True,False,True,True,1,1,38412.3,11.4
9336,511,299,False,False,True,False,True,False,0,0,0.0,10.34
9337,588,114,False,False,False,False,True,True,1,1,44495.1,16.46
9338,1313,278,False,True,True,False,True,True,1,1,23912.0,8.0
9339,1040,242,True,False,False,True,False,False,0,0,0.0,24.29
9340,411,262,False,True,True,True,True,False,1,1,24035.4,4.49
9341,1028,165,True,True,True,False,True,True,1,2,84139.2,7.4
9342,237,84,False,False,False,False,False,True,0,0,0.0,14.46
9343,674,69,False,True,False,False,True,True,1,2,34874.5,14.05
9344,460,290,False,True,False,False,False,False,1,4,158228.0,9.83
9345,1489,151,False,False,True,False,False,False,0,0,0.0,13.47
9346,53,279,False,True,False,True,True,False,1,2,30229.2,5.71
9347,1286,167,False,False,False,True,False,False,0,0,0.0,11.84
9348,422,161,False,False,True,False,True,True,1,1,28533.6,19.81
9349,55,22,True,True,False,True,True,False,1,4,50765.4,8.16
9350,991,121,True,True,False,True,False,True,1,1,24879.8,3.17
9351,1018,167,False,True,False,False,False,True,0,0,0.0,10.67
9352,214,33,False,True,False,True,True,True,1,3,37672.8,13.02
9353,58,49,True,True,True,False,False,False,0,0,0.0,27.89
9354,168,178,True,True,True,False,True,False,1,1,42135.0,8.22
9355,614,75,False,False,False,False,True,False,0,0,0.0,14.84
9356,199,211,False,False,True,True,False,True,1,2,38349.2,20.55
9357,1055,139,False,True,True,True,True,False,1,3,79327.8,9.88
9358,117,122,False,False,False,False,False,False,0,0,0.0,19.88
9359,1184,36,True,True,False,False,True,False,1,3,17406.3,6.47
9360,1312,122,True,False,False,True,False,False,1,3,10983.75,15.19
9361,1076,163,False,True,True,False,True,True,0,0,0.0,30.93
9362,1417,172,True,False,False,False,False,True,1,4,123354.4,7.53
9363,1409,82,True,True,True,False,True,False,1,1,16268.15,4.96
9364,70,9,False,False,True,False,True,False,1,1,26551.7,10.25
9365,513,281,True,True,True,True,True,True,1,1,43317.0,9.47
9366,1141,288,False,True,False,True,False,True,0,0,0.0,25.95
9367,510,272,False,True,False,True,True,False,1,4,119331.0,8.98
9368,1106,87,True,True,False,False,False,False,1,2,60329.3,3.94
9369,1162,181,True,False,True,False,False,True,1,1,22568.0,5.94
9370,1496,43,True,False,True,False,False,True,1,2,38652.4,12.62
9371,495,272,True,False,False,False,True,True,0,0,0.0,28.76
9372,522,2,True,True,False,True,True,False,0,0,0.0,24.15
9373,37,142,False,True,False,True,True,False,1,4,61838.4,5.39
9374,429,258,False,False,False,False,False,False,0,0,0.0,23.51
9375,421,218,True,False,False,False,True,False,1,1,2659.65,17.07
9376,680,259,False,True,False,True,True,True,1,1,755.4,2.09
9377,632,149,False,False,False,False,True,False,1,1,12166.0,16.33
9378,1285,29,False,False,False,False,False,True,1,1,2135.1,17.33
9379,1161,3,True,False,True,False,False,False,0,0,0.0,17.11
9380,1093,46,False,False,True,True,True,True,0,0,0.0,16.6
9381,8,18,False,True,False,True,False,False,1,2,70241.5,5.59
9382,708,135,False,False,True,False,False,True,1,3,110172.3,32.03
9383,1095,16,False,False,True,True,False,True,1,1,19748.3,18.97
9384,367,56,False,True,False,False,True,False,1,2,48165.0,4.99
9385,638,126,False,False,True,False,False,True,1,2,58007.8,13.37
9386,1091,221,False,False,True,True,False,False,1,1,10129.1,17.66
9387,1192,203,False,True,False,False,True,False,0,0,0.0,24.72
9388,1282,18,True,True,True,False,True,True,1,2,70231.5,7.44
9389,645,271,True,False,True,False,False,False,1,4,92006.0,4.83
9390,600,165,False,True,False,False,True,True,1,1,42069.6,7.14
9391,575,105,True,False,True,False,True,True,1,3,21038.4,7.91
9392,1003,115,True,False,True,True,False,False,1,3,62772.0,2.62
9393,630,255,False,False,True,False,False,True,0,0,0.0,16.5
9394,601,140,True,False,False,False,False,True,1,1,19316.6,10.5
9395,253,74,False,True,False,True,False,False,1,3,14215.2,6.74
9396,718,128,False,False,True,False,True,False,0,0,0.0,14.67
9397,356,21,False,False,False,False,True,False,0,0,0.0,20.85
9398,788,46,False,False,True,True,True,True,1,2,54608.0,18.23
9399,1333,95,False,False,True,False,False,False,1,1,2174.0,14.43
9400,1164,67,False,False,False,False,False,False,0,0,0.0,21.52
9401,718,105,True,True,True,False,False,True,1,1,7017.8,12.91
9402,1467,20,False,True,True,True,False,True,1,3,38946.0,3.9
9403,1471,184,False,False,True,False,False,False,0,0,0.0,8.1
9404,667,35,True,False,True,False,True,False,1,4,86671.2,8.86
9405,1146,66,False,False,False,False,True,False,0,0,0.0,5.35
9406,514,294,False,True,True,True,True,False,1,1,15015.0,9.46
9407,1318,2,False,True,False,False,False,False,0,0,0.0,20.17
9408,561,84,False,False,True,False,True,True,1,4,94722.6,22.5
9409,388,151,True,False,False,True,False,False,1,1,12338.5,11.96
9410,201,93,True,True,True,False,True,True,1,1,26268.8,9.9
9411,1264,97,True,False,True,True,False,False,1,1,29994.2,12.55
9412,446,39,False,True,True,False,False,False,1,1,30743.4,11.1
9413,1220,128,False,True,False,True,True,False,1,4,141620.4,12.11
9414,130,227,True,True,True,True,False,False,1,2,78601.6,12.34
9415,752,177,True,False,False,False,True,True,1,2,63889.0,4.12
9416,642,278,True,True,False,False,False,True,1,1,23917.0,5.94
9417,659,210,False,False,True,True,False,False,0,0,0.0,18.36
9418,252,237,False,True,True,False,False,True,1,1,39770.55,10.9
9419,111,130,True,True,True,True,False,False,0,0,0.0,23.23
9420,520,184,False,True,False,False,True,True,1,1,21307.0,10.89
9421,706,174,False,True,False,False,True,False,1,1,11829.6,10.09
9422,1191,244,False,True,False,False,True,True,1,4,74073.0,5.48
9423,694,151,False,False,True,False,True,False,0,0,0.0,20.66
9424,369,122,False,False,True,False,True,False,1,2,7312.5,27.21
9425,394,22,False,False,False,True,False,False,1,1,12696.35,17.09
9426,918,258,False,False,False,True,False,True,0,0,0.0,15.36
9427,654,131,True,True,True,True,True,True,1,1,6162.1,12.92
9428,1352,240,False,True,True,False,False,True,1,3,40038.9,1.0
9429,660,204,True,False,True,False,True,False,1,2,56957.4,9.49
9430,851,1,False,True,True,True,True,False,1,1,11067.6,6.08
9431,96,196,False,True,True,False,False,False,0,0,0.0,24.19
9432,291,147,True,True,True,False,True,True,1,2,73686.4,5.92
9433,1276,72,False,True,True,False,False,True,0,0,0.0,16.59
9434,518,80,False,True,True,False,True,True,1,1,5608.3,3.53
9435,632,192,True,True,False,False,True,True,0,0,0.0,10.53
9436,886,26,False,True,True,False,False,False,1,4,116762.4,5.31
9437,87,182,True,True,False,False,True,False,1,2,15426.1,5.7
9438,760,254,True,True,False,True,False,True,1,4,31427.6,12.35
9439,520,27,True,False,False,False,False,False,1,1,27519.85,10.81
9440,223,3,True,True,True,False,False,True,1,1,16630.95,7.05
9441,628,19,True,True,False,True,False,False,1,2,54921.9,10.26
9442,671,220,False,False,False,False,False,True,0,0,0.0,6.45
9443,280,255,False,True,True,False,False,False,1,4,117702.2,10.71
9444,815,297,False,True,True,True,False,True,1,4,39632.8,6.61
9445,1120,9,False,True,True,True,False,True,1,2,53113.4,10.98
9446,401,145,False,True,False,False,True,False,1,2,67254.4,12.2
9447,1450,15,False,False,False,False,True,True,1,2,9657.7,17.7
9448,919,112,True,False,True,False,False,False,1,1,27635.4,14.9
9449,1160,93,False,False,True,False,False,False,0,0,0.0,3.42
9450,106,182,True,True,True,False,False,False,1,4,30872.2,8.63
9451,1152,273,False,True,True,True,False,True,1,3,63910.5,11.17
9452,505,242,False,False,True,False,True,False,1,1,32501.0,22.24
9453,1066,20,False,False,False,True,False,False,0,0,0.0,17.85
9454,1207,73,True,False,False,False,False,False,0,0,0.0,17.14
9455,376,83,False,False,False,True,True,False,0,0,0.0,14.99
9456,389,76,False,True,True,False,False,False,0,0,0.0,24.92
9457,90,106,False,True,False,False,True,False,1,4,138840.8,8.26
9458,908,183,True,True,False,True,True,False,1,3,137686.35,4.75
9459,1162,222,True,False,True,False,True,False,1,1,33672.75,10.33
9460,616,282,False,False,True,True,False,True,0,0,0.0,7.17
9461,242,211,False,True,True,False,True,False,0,0,0.0,25.77
9462,475,90,True,False,False,False,True,True,1,4,110840.0,5.56
9463,605,56,False,True,True,False,True,False,1,2,48165.0,8.47
9464,1375,114,True,False,False,True,True,False,1,4,177980.4,5.9
9465,187,240,True,False,True,False,False,True,1,1,13346.3,5.41
9466,515,298,True,False,False,True,True,False,1,2,1163.4,10.9
9467,958,118,True,False,True,True,True,True,1,2,1387.2,8.86
9468,356,53,False,False,True,False,True,True,0,0,0.0,19.72
9469,1328,2,False,False,False,False,True,True,0,0,0.0,20.73
9470,1364,24,False,False,True,True,False,True,1,2,15324.4,17.19
9471,571,192,False,False,True,True,True,False,1,2,31242.6,21.4
9472,1119,177,False,False,False,True,False,True,1,2,63899.0,23.2
9473,1134,193,False,False,False,False,True,False,0,0,0.0,13.88
9474,1023,8,True,True,True,False,False,False,1,3,63045.9,12.96
9475,280,132,True,False,False,False,True,True,0,0,0.0,26.94
9476,75,55,False,True,True,False,True,False,1,1,8968.0,11.65
9477,521,101,False,True,False,True,True,False,0,0,0.0,21.88
9478,197,187,False,False,True,False,False,True,0,0,0.0,20.36
9479,439,83,False,False,False,False,True,True,1,4,3907.2,20.19
9480,958,198,False,False,False,False,True,False,0,0,0.0,17.53
9481,884,87,True,True,False,False,True,True,1,1,30159.65,6.78
9482,315,154,False,False,False,False,False,True,0,0,0.0,15.62
9483,27,138,False,True,False,False,False,False,1,1,5690.6,4.72
9484,339,116,False,False,True,True,True,True,1,2,29848.0,29.32
9485,683,38,True,False,True,True,True,False,1,4,89415.0,6.8
9486,1169,173,False,True,True,False,True,True,1,1,44259.0,14.73
9487,548,298,False,True,False,False,False,True,0,0,0.0,26.63
9488,429,194,False,False,False,False,False,True,0,0,0.0,15.57
9489,828,224,False,False,False,False,True,False,0,0,0.0,16.6
9490,108,242,True,True,True,False,True,False,1,1,32501.0,8.65
9491,339,12,True,False,True,True,True,False,1,2,41473.6,7.18
9492,55,238,False,False,True,False,False,False,0,0,0.0,16.43
9493,789,73,True,False,False,False,True,True,1,2,3640.0,8.13
9494,665,200,False,True,False,False,False,True,1,2,36690.0,6.54
9495,874,296,True,False,False,False,False,True,1,1,18648.0,7.05
9496,926,269,False,False,False,False,False,True,0,0,0.0,21.07
9497,593,125,False,False,True,True,False,True,1,1,31047.4,15.27
9498,1304,252,False,False,True,False,False,True,0,0,0.0,22.08
9499,1378,186,False,True,False,True,True,True,1,2,58271.1,11.17
9500,167,40,True,False,False,False,False,False,1,1,7233.2,12.59
9501,1381,72,False,False,False,False,True,False,0,0,0.0,11.62
9502,296,288,False,False,False,False,True,True,1,2,67566.4,15.85
9503,373,275,True,False,True,False,True,False,0,0,0.0,28.37
9504,795,268,False,True,True,False,False,False,1,2,41102.8,7.8
9505,45,116,False,True,True,False,True,False,0,0,0.0,26.1
9506,547,97,True,False,True,False,False,False,0,0,0.0,27.19
9507,292,242,True,False,True,True,True,False,1,2,65002.0,7.04
9508,724,7,True,True,True,False,True,False,1,3,1684.8,6.79
9509,1223,270,True,False,True,False,False,True,0,0,0.0,22.65
9510,1387,182,False,False,True,False,False,True,1,4,30872.2,26.19
9511,319,190,False,False,True,False,False,True,0,0,0.0,10.75
9512,818,132,True,False,True,False,True,False,0,0,0.0,15.4
9513,712,294,False,True,False,True,True,False,1,3,45045.0,7.29
9514,623,225,False,False,False,True,True,False,1,1,13909.2,15.74
9515,950,17,False,True,True,False,True,True,1,2,22314.0,15.16
9516,1485,158,False,False,False,True,False,False,0,0,0.0,19.88
9517,608,258,True,False,True,False,True,True,1,1,6255.9,14.14
9518,98,23,False,True,False,False,True,False,0,0,0.0,24.85
9519,1374,222,False,False,True,False,False,True,1,4,134711.0,17.24
9520,1399,74,False,True,True,False,False,True,1,1,4738.4,5.84
9521,484,152,False,True,False,False,True,True,1,4,90082.8,1.0
9522,753,265,True,False,True,False,False,False,1,4,98988.8,14.6
9523,1294,148,True,True,False,False,True,True,1,4,103773.6,17.78
9524,756,12,False,True,True,False,True,True,1,1,20736.8,11.85
9525,722,7,False,True,False,False,False,True,1,2,1133.2,5.41
9526,1383,222,True,True,True,False,False,True,1,1,33677.75,1.76
9527,1244,280,True,True,False,True,True,False,1,1,33782.0,5.21
9528,761,88,False,True,True,False,False,False,1,3,60187.2,7.4
9529,243,281,True,True,False,False,False,False,1,2,86644.0,3.69
9530,658,136,False,False,False,True,False,False,0,0,0.0,14.6
9531,1015,18,True,False,False,True,True,False,1,2,70231.5,14.21
9532,409,160,True,False,True,False,True,False,1,2,36936.0,17.28
9533,806,293,False,True,True,True,False,True,1,1,34720.7,9.53
9534,989,76,False,False,True,False,False,False,1,1,28367.0,15.01
9535,128,289,False,False,True,False,True,False,0,0,0.0,14.68
9536,855,196,True,True,True,False,True,False,1,1,25537.2,1.0
9537,1107,119,True,False,False,False,True,False,0,0,0.0,26.26
9538,322,209,False,True,False,True,False,True,0,0,0.0,27.15
9539,823,121,True,False,True,True,False,False,1,2,49759.6,2.35
9540,1065,26,False,False,False,False,True,False,0,0,0.0,16.97
9541,67,262,True,False,True,True,True,False,1,2,48070.8,7.27
9542,967,113,True,True,True,True,False,True,1,1,26214.75,10.62
9543,390,170,False,True,False,False,False,True,1,2,66818.5,10.74
9544,597,224,True,True,False,True,False,False,1,4,20576.8,1.09
9545,973,25,False,False,False,True,True,False,1,4,31065.8,15.54
9546,7,217,False,False,False,True,True,True,1,4,125913.2,19.24
9547,26,110,True,True,True,False,False,True,1,4,134836.4,6.73
9548,670,164,True,False,True,False,True,False,1,2,49434.0,9.74
9549,1425,138,True,True,True,True,True,True,1,4,22742.4,12.73
9550,10,234,False,False,True,True,False,False,0,0,0.0,17.74
9551,1184,57,False,True,True,False,False,True,0,0,0.0,14.15
9552,113,33,False,False,True,False,False,False,1,1,12562.6,19.92
9553,734,124,True,False,True,True,True,False,1,2,29590.4,10.95
9554,646,36,False,True,True,False,True,False,1,1,5802.1,5.6
9555,703,73,True,False,True,False,False,False,1,1,1825.0,6.15
9556,123,198,True,True,False,True,True,True,1,1,30391.75,12.04
9557,1131,246,False,True,True,False,False,False,1,2,9467.1,1.03
9558,414,209,True,False,False,False,False,True,1,1,23751.5,6.87
9559,1157,96,False,True,True,False,False,False,1,1,697.0,17.44
9560,984,245,False,True,False,True,False,False,1,2,66736.0,4.24
9561,827,122,True,True,False,False,False,False,0,0,0.0,17.65
9562,463,55,True,True,True,False,False,True,1,2,17946.0,5.86
9563,979,227,False,False,True,False,True,True,1,1,39295.8,13.51
9564,1497,156,True,True,True,True,False,False,1,1,5005.25,14.26
9565,1385,112,True,False,True,True,True,True,1,2,55260.8,1.85
9566,1375,199,True,False,True,False,True,False,0,0,0.0,15.83
9567,330,218,True,True,True,False,False,False,1,3,7993.95,7.46
9568,878,68,False,True,False,False,False,True,1,4,142442.6,17.73
9569,597,36,False,False,True,False,False,True,1,2,11614.2,18.98
9570,1451,156,True,True,True,False,True,False,1,1,5000.25,7.67
9571,1426,16,True,False,False,False,False,False,0,0,0.0,24.16
9572,1303,192,False,False,True,True,False,False,0,0,0.0,14.17
9573,245,132,True,False,True,True,False,True,1,4,122343.2,6.73
9574,479,65,True,False,True,False,True,True,1,3,70068.6,5.97
9575,1067,180,True,False,True,False,True,True,1,2,27452.4,12.08
9576,1125,113,False,True,True,False,True,False,0,0,0.0,28.9
9577,526,117,True,False,False,False,True,True,1,4,24847.2,12.52
9578,206,65,True,True,False,False,False,False,1,2,46722.4,4.83
9579,206,203,True,False,False,False,False,True,1,1,2437.0,1.86
9580,1027,271,False,False,False,True,False,False,1,1,23001.5,21.09
9581,682,186,False,True,True,False,True,False,1,4,116542.2,12.02
9582,737,72,False,True,True,False,True,True,1,2,10478.5,1.58
9583,1224,251,False,False,True,False,True,False,1,1,8303.2,17.51
9584,26,37,True,False,False,False,False,True,1,4,159946.4,10.74
9585,1132,87,True,False,True,True,True,True,1,1,30159.65,9.05
9586,412,11,True,False,False,True,True,True,1,1,18837.55,5.84
9587,1397,255,False,False,False,False,True,False,0,0,0.0,19.64
9588,1434,14,False,False,True,False,False,False,1,1,17815.6,20.97
9589,754,164,False,False,True,True,False,True,0,0,0.0,15.81
9590,474,58,True,False,False,True,True,False,1,1,29316.5,12.5
9591,350,64,True,True,True,True,True,False,1,2,5728.0,4.2
9592,273,183,True,False,False,False,True,True,1,4,183581.8,10.73
9593,1499,242,False,True,False,False,False,False,0,0,0.0,32.26
9594,282,6,False,False,True,True,False,True,1,1,2297.0,9.17
9595,670,48,True,True,False,True,False,False,0,0,0.0,21.9
9596,719,87,True,True,False,False,True,True,1,1,30159.65,7.97
9597,1019,284,True,False,False,False,True,False,1,1,3004.85,10.51
9598,1264,18,True,False,True,False,False,False,1,1,35120.75,15.76
9599,837,54,True,False,False,False,True,True,1,2,78808.2,10.23
9600,1138,122,False,True,True,False,False,True,1,1,3661.25,13.76
9601,851,98,False,False,True,False,False,False,0,0,0.0,20.89
9602,656,15,False,False,False,False,False,False,0,0,0.0,13.06
9603,237,163,True,False,False,True,True,True,1,4,188658.6,8.24
9604,314,183,False,False,False,True,True,True,1,1,45895.45,16.06
9605,649,54,True,False,False,False,False,False,1,1,39409.1,6.99
9606,70,207,False,False,True,False,True,False,1,2,41089.4,22.41
9607,475,18,False,True,True,False,True,True,1,1,35115.75,7.76
9608,694,220,False,True,False,False,False,False,0,0,0.0,24.11
9609,709,78,False,True,True,False,False,True,0,0,0.0,24.23
9610,1223,68,False,False,False,False,False,False,0,0,0.0,22.67
9611,1452,59,True,False,True,False,True,True,1,1,30253.2,9.65
9612,1095,261,True,True,False,False,True,False,1,1,22680.8,11.53
9613,120,151,False,False,True,True,True,True,1,1,12333.5,13.09
9614,613,208,False,False,False,False,True,False,1,1,915.3,19.27
9615,1095,62,False,False,True,True,False,True,1,1,15562.5,21.88
9616,893,17,True,True,True,False,False,True,1,4,44648.0,9.79
9617,687,12,False,False,False,True,True,False,1,4,82947.2,12.96
9618,655,133,True,False,False,True,False,False,1,1,12800.3,13.61
9619,609,98,True,False,False,True,True,False,0,0,0.0,16.41
9620,869,231,False,False,True,False,False,True,1,1,40767.6,13.06
9621,269,237,False,False,False,False,False,False,0,0,0.0,15.73
9622,777,94,False,False,False,True,True,False,1,3,47049.75,25.04
9623,309,131,True,False,True,True,True,True,1,1,6162.1,13.89
9624,1022,115,False,False,False,True,True,False,1,4,83676.0,18.58
9625,1298,203,False,True,True,False,False,True,1,2,4874.0,15.85
9626,762,189,False,False,False,False,False,True,1,1,37414.6,24.41
9627,582,196,False,False,False,False,True,False,1,1,25537.2,24.29
9628,1411,17,True,False,False,False,False,True,1,1,11162.0,5.39
9629,990,102,False,False,False,False,False,False,0,0,0.0,11.6
9630,643,291,False,False,True,False,False,True,0,0,0.0,20.19
9631,44,103,True,False,True,False,True,False,1,1,8060.4,7.62
9632,24,53,False,True,True,False,False,True,1,2,68444.2,6.83
9633,333,60,True,False,False,True,True,True,1,1,24924.9,9.23
9634,355,9,True,True,True,True,False,False,1,1,26556.7,6.53
9635,1083,235,True,False,True,True,False,True,1,1,39355.75,13.72
9636,751,2,False,False,False,False,True,False,1,1,13640.4,17.0
9637,1500,179,False,True,False,True,False,False,0,0,0.0,20.76
9638,811,120,False,True,False,False,False,False,1,1,21089.3,16.89
9639,1355,29,True,True,True,True,True,True,1,1,2130.1,7.09
9640,829,266,False,True,False,False,True,False,0,0,0.0,26.84
9641,538,223,False,True,True,True,False,False,1,3,20292.0,7.9
9642,1072,246,False,False,False,False,True,False,0,0,0.0,11.33
9643,675,281,False,True,False,True,True,True,1,1,43317.0,3.97
9644,412,274,False,True,True,True,False,False,1,4,6554.4,13.79
9645,710,211,False,False,True,True,False,False,1,4,76698.4,21.29
9646,998,161,False,True,True,False,True,False,1,1,28533.6,6.77
9647,564,210,False,True,False,False,True,False,1,1,40811.05,13.29
9648,1057,135,True,False,False,False,False,False,0,0,0.0,22.44
9649,1472,55,False,False,True,False,True,True,1,1,8968.0,22.38
9650,617,116,False,True,False,False,True,False,1,4,59696.0,9.95
9651,443,141,True,True,False,True,True,True,1,3,78138.9,7.85
9652,604,14,False,True,False,True,True,True,1,1,17810.6,4.0
9653,1258,255,False,True,False,True,False,False,1,1,29425.55,3.46
9654,269,273,True,True,True,False,True,False,1,1,21298.5,5.69
9655,1461,126,False,False,False,False,False,False,1,1,29003.9,21.22
9656,621,149,False,True,False,False,False,True,0,0,0.0,17.24
9657,1263,253,True,False,True,True,False,False,1,4,49316.8,7.0
9658,1181,137,True,False,True,False,True,False,1,1,20605.5,13.69
9659,1176,207,False,False,True,False,True,False,0,0,0.0,22.46
9660,1364,155,False,False,True,True,False,False,0,0,0.0,13.29
9661,278,82,False,False,True,False,False,True,0,0,0.0,11.73
9662,891,239,True,False,True,False,False,False,0,0,0.0,24.77
9663,149,58,False,False,False,False,True,False,0,0,0.0,13.8
9664,450,68,False,False,True,False,False,False,0,0,0.0,5.96
9665,61,208,True,True,False,False,True,False,1,3,2745.9,8.63
9666,1024,213,False,False,True,True,True,False,1,1,17562.0,20.19
9667,912,287,False,True,True,False,True,False,1,2,64780.5,6.43
9668,1111,214,True,True,True,True,True,False,1,1,33882.1,11.75
9669,265,8,False,False,True,False,False,False,1,2,42030.6,18.46
9670,499,255,False,False,False,False,True,True,0,0,0.0,21.88
9671,1015,125,True,False,False,True,True,False,0,0,0.0,14.22
9672,1240,3,True,True,True,True,False,True,1,3,49892.85,15.84
9673,1329,174,True,False,True,False,True,False,1,4,47318.4,12.38
9674,111,52,True,False,False,True,False,True,1,2,41780.4,11.13
9675,604,125,True,True,False,False,False,False,1,1,31047.4,6.46
9676,17,142,True,False,False,False,False,False,0,0,0.0,25.2
9677,1228,23,False,False,True,False,False,False,0,0,0.0,18.6
9678,185,256,True,True,True,True,True,False,1,2,86375.9,7.43
9679,1234,154,True,False,False,True,True,False,1,1,29726.2,13.84
9680,235,290,False,False,False,False,True,True,1,2,79104.0,19.41
9681,24,140,False,False,False,True,False,False,1,4,77266.4,19.21
9682,1319,179,False,True,True,False,True,False,1,3,41492.25,5.02
9683,659,244,False,True,True,False,False,False,0,0,0.0,18.82
9684,638,64,False,False,True,False,False,False,0,0,0.0,13.73
9685,971,273,False,True,False,True,True,True,1,2,42597.0,12.02
9686,413,56,False,False,True,False,False,True,1,1,24087.5,18.65
9687,1037,299,True,False,True,False,True,False,1,1,1208.2,6.36
9688,644,192,False,True,True,True,True,False,1,1,15621.3,12.23
9689,409,156,False,False,False,False,True,False,1,4,20001.0,23.88
9690,593,64,True,False,True,False,False,False,0,0,0.0,25.57
9691,10,171,False,False,False,False,True,False,0,0,0.0,9.1
9692,453,166,True,False,True,False,True,True,1,1,4148.9,11.6
9693,888,296,True,False,True,False,False,False,1,3,55944.0,6.91
9694,207,251,True,False,True,False,False,True,1,3,24924.6,11.03
9695,178,145,False,False,True,False,False,False,0,0,0.0,19.47
9696,984,117,False,False,False,False,True,True,1,1,6211.8,19.58
9697,643,117,False,False,False,False,False,False,1,4,24867.2,24.08
9698,205,114,False,False,True,False,False,False,0,0,0.0,23.53
9699,1122,5,False,False,False,False,True,True,0,0,0.0,15.12
9700,1164,11,True,False,True,False,True,False,0,0,0.0,29.14
9701,53,226,False,True,False,False,False,True,1,1,6806.0,5.83
9702,303,77,True,False,False,True,False,True,1,3,33243.0,12.26
9703,556,124,True,True,False,False,True,False,1,2,29590.4,4.77
9704,1098,210,False,False,True,False,True,False,0,0,0.0,18.87
9705,112,183,True,True,True,True,True,True,1,3,137686.35,9.02
9706,1209,109,False,True,False,False,True,True,1,2,52111.5,9.71
9707,480,226,True,False,True,False,False,True,1,2,13612.0,4.25
9708,188,48,False,False,False,True,True,False,0,0,0.0,13.78
9709,1296,142,False,False,False,True,False,False,1,3,46393.8,18.89
9710,131,32,True,False,False,False,False,False,1,2,63485.2,5.2
9711,195,160,True,False,False,True,True,False,1,1,18468.0,1.36
9712,1425,29,True,False,False,False,True,False,1,2,4260.2,1.0
9713,780,283,True,False,False,False,False,True,1,3,77833.35,9.17
9714,695,198,True,True,False,True,False,False,1,1,30396.75,3.53
9715,1032,74,False,True,True,False,True,True,1,1,4733.4,3.42
9716,946,184,True,False,False,False,True,False,0,0,0.0,24.55
9717,921,105,False,True,True,False,True,True,1,1,7012.8,6.99
9718,35,156,True,True,False,False,True,False,1,3,15000.75,9.34
9719,828,51,True,False,False,False,False,False,1,4,91104.0,12.52
9720,419,151,False,False,True,False,True,False,0,0,0.0,13.41
9721,1212,33,True,False,False,True,True,True,1,4,50230.4,2.95
9722,759,46,False,False,True,False,True,True,1,3,81912.0,24.54
9723,186,176,False,False,False,False,True,True,0,0,0.0,16.86
9724,1330,151,False,True,False,False,True,True,1,1,12333.5,10.02
9725,427,89,True,False,False,False,False,False,1,1,6080.9,4.59
9726,408,18,True,False,True,False,True,False,1,2,70231.5,13.65
9727,1405,128,True,False,False,False,True,False,0,0,0.0,23.99
9728,1163,278,False,True,False,False,True,False,1,1,23912.0,14.35
9729,1290,213,True,True,True,False,False,True,1,2,35134.0,6.13
9730,994,18,True,True,True,False,False,True,1,4,140483.0,12.67
9731,1366,282,False,False,True,True,True,True,1,1,23001.6,22.21
9732,173,128,False,True,True,False,False,False,1,1,35410.1,9.54
9733,900,173,False,False,True,False,False,False,0,0,0.0,22.98
9734,441,1,True,False,False,False,False,True,1,1,11072.6,4.55
9735,598,94,True,True,True,True,False,False,1,1,15688.25,9.35
9736,357,236,True,True,False,False,True,False,1,4,124056.8,9.28
9737,308,100,False,False,True,True,False,False,0,0,0.0,16.57
9738,664,50,True,True,False,False,False,True,1,2,21710.8,10.62
9739,1378,28,True,False,False,True,False,True,1,2,62996.7,10.29
9740,954,278,True,False,True,True,True,False,0,0,0.0,23.56
9741,525,244,True,True,False,False,True,True,1,3,55554.75,7.65
9742,651,14,True,False,False,True,True,False,0,0,0.0,23.82
9743,795,278,True,False,False,False,True,False,1,1,23912.0,7.38
9744,367,247,False,True,True,False,True,False,0,0,0.0,21.62
9745,782,108,False,False,True,True,False,False,1,2,46472.4,22.73
9746,1044,197,False,False,False,True,False,False,1,3,6119.7,28.13
9747,365,78,False,False,True,False,True,False,0,0,0.0,15.4
9748,877,75,False,True,False,False,False,False,1,1,32160.2,11.44
9749,1063,215,True,False,True,True,True,False,1,1,13170.4,9.1
9750,779,61,True,True,False,True,True,True,1,2,35130.6,11.41
9751,438,107,False,False,True,False,True,True,1,4,3539.2,25.51
9752,832,108,True,True,False,False,False,False,1,2,46472.4,6.21
9753,1190,46,True,True,True,False,False,False,0,0,0.0,12.44
9754,333,249,False,False,True,True,True,True,1,3,14816.25,18.26
9755,863,203,False,True,True,False,True,False,1,1,2432.0,4.57
9756,1021,259,True,False,True,False,False,False,0,0,0.0,21.24
9757,483,158,False,True,False,False,False,True,0,0,0.0,28.8
9758,582,53,True,False,False,True,True,False,1,1,34217.1,9.32
9759,1334,84,True,True,False,True,False,True,1,4,94742.6,6.56
9760,546,107,False,True,False,False,True,False,0,0,0.0,18.01
9761,898,283,False,False,True,True,False,True,1,1,25944.45,19.11
9762,225,72,False,False,False,False,True,False,1,1,5239.25,13.48
9763,1389,208,False,True,False,False,True,True,1,4,3661.2,3.86
9764,896,37,True,False,True,False,True,True,1,2,79963.2,3.84
9765,1141,287,False,False,True,True,True,False,1,2,64780.5,30.1
9766,904,194,True,False,True,True,True,False,1,2,33890.3,5.47
9767,534,130,False,False,True,True,False,False,1,1,9753.8,17.91
9768,511,104,False,False,True,False,False,True,1,2,4292.6,20.53
9769,1052,107,True,False,True,False,True,False,1,2,1769.6,3.72
9770,1290,68,False,False,True,True,False,False,0,0,0.0,8.75
9771,192,180,False,False,True,False,True,False,1,1,13726.2,14.66
9772,1269,260,False,False,False,False,True,True,0,0,0.0,12.09
9773,1246,73,True,False,False,False,True,False,0,0,0.0,25.16
9774,164,225,True,True,False,False,True,False,1,3,41727.6,1.72
9775,163,170,False,True,True,True,False,True,1,4,133637.0,3.75
9776,1043,233,True,False,False,False,True,True,1,1,28604.7,7.15
9777,1265,231,True,False,True,False,True,False,1,4,163050.4,3.89
9778,591,12,False,False,True,False,True,True,1,4,82947.2,17.85
9779,961,7,False,False,False,False,True,False,1,2,1123.2,25.71
9780,1500,275,True,False,True,True,False,True,1,1,14792.75,1.0
9781,485,47,True,True,False,False,True,False,1,2,26466.0,12.24
9782,338,173,False,True,True,True,False,False,1,3,132792.0,6.6
9783,1488,226,False,True,True,False,True,False,1,1,6801.0,4.18
9784,421,152,True,False,True,True,True,False,1,1,22520.7,10.48
9785,709,2,False,False,True,True,False,False,0,0,0.0,14.84
9786,664,4,False,False,False,True,False,True,1,1,35345.0,24.39
9787,785,201,False,False,True,False,False,False,1,3,87064.35,16.22
9788,404,270,True,False,True,True,False,True,1,3,8881.35,4.44
9789,1019,104,False,False,False,False,False,False,1,3,6438.9,28.03
9790,1038,164,True,False,False,False,False,True,1,4,98888.0,2.37
9791,301,281,True,False,False,False,False,False,1,1,43322.0,8.53
9792,722,248,False,True,False,True,True,False,1,1,11474.4,7.12
9793,87,163,True,False,False,True,True,True,1,1,47164.65,14.44
9794,332,197,True,False,True,True,True,False,0,0,0.0,24.19
9795,1481,289,False,False,False,True,False,False,0,0,0.0,18.66
9796,760,240,True,False,True,True,False,False,1,1,13346.3,1.21
9797,935,125,False,True,True,False,True,False,1,4,124169.6,2.11
9798,1334,208,True,False,True,False,True,False,1,3,2745.9,1.75
9799,1071,99,True,True,True,False,False,False,1,4,73786.4,13.3
9800,1189,277,False,True,False,False,True,False,0,0,0.0,11.87
9801,1069,29,True,True,False,False,True,False,1,1,2130.1,2.26
9802,749,68,False,False,False,False,False,True,0,0,0.0,6.78
9803,949,104,False,False,True,True,True,False,1,3,6423.9,18.24
9804,433,61,True,False,False,False,True,False,0,0,0.0,23.94
9805,1336,179,False,False,False,False,False,True,1,1,13835.75,25.33
9806,270,214,True,False,True,False,False,False,1,2,67774.2,14.28
9807,1327,268,True,True,True,False,True,False,1,2,41092.8,9.24
9808,1318,151,False,True,False,True,False,True,0,0,0.0,20.52
9809,214,187,True,False,False,False,False,True,1,2,35149.0,9.06
9810,1066,180,True,True,True,False,True,False,1,1,13726.2,10.51
9811,1485,2,True,False,False,True,False,False,1,2,27290.8,13.01
9812,859,213,False,True,True,True,False,True,1,2,35134.0,7.52
9813,511,7,False,False,True,True,True,True,0,0,0.0,10.42
9814,1320,165,True,False,False,False,True,False,1,4,168278.4,2.3
9815,769,300,True,False,False,False,False,False,1,2,29621.2,11.22
9816,183,237,True,True,False,False,True,True,1,2,79531.1,12.34
9817,374,152,False,False,False,True,False,False,1,4,90102.8,18.94
9818,1024,96,True,False,True,True,False,True,1,3,2091.0,11.56
9819,684,252,False,False,False,False,False,False,0,0,0.0,12.49
9820,326,258,False,False,True,False,False,False,0,0,0.0,13.58
9821,1199,111,False,True,True,False,True,False,1,2,33180.6,10.41
9822,181,33,True,False,False,False,True,False,0,0,0.0,20.77
9823,329,175,False,True,False,False,True,False,1,3,16205.4,10.59
9824,699,191,True,True,False,False,False,False,1,1,23490.5,8.23
9825,60,281,False,True,False,False,False,True,0,0,0.0,26.84
9826,582,268,True,False,True,False,False,False,0,0,0.0,22.18
9827,1365,69,False,True,False,False,False,True,0,0,0.0,19.15
9828,1412,76,True,True,True,False,False,True,1,3,85101.0,1.37
9829,1308,300,False,False,False,False,False,True,1,1,14810.6,22.09
9830,486,99,False,False,False,False,True,False,0,0,0.0,18.09
9831,98,138,False,True,True,True,False,False,1,3,17071.8,12.04
9832,1223,92,True,True,True,False,True,True,1,1,29580.85,9.16
9833,560,119,True,False,False,False,False,False,1,3,38658.15,13.21
9834,1124,170,False,True,False,False,True,True,1,1,33404.25,10.67
9835,179,88,True,False,True,False,False,False,1,1,20062.4,5.12
9836,1002,124,False,False,True,True,True,False,1,2,29590.4,22.34
9837,880,106,False,False,True,False,False,False,1,4,138860.8,23.61
9838,1381,33,False,True,True,False,False,False,1,2,25125.2,13.64
9839,153,237,True,True,True,True,False,True,1,3,119311.65,2.63
9840,612,268,True,True,False,True,True,True,0,0,0.0,24.09
9841,1485,148,True,False,True,False,True,False,1,1,25943.4,10.33
9842,585,62,True,False,True,True,False,True,0,0,0.0,26.29
9843,988,193,True,True,True,True,False,False,1,2,31734.8,10.42
9844,242,161,True,True,True,False,False,True,1,4,114154.4,11.65
9845,1093,166,False,True,True,True,False,False,1,1,4153.9,5.9
9846,414,179,False,False,False,False,False,False,0,0,0.0,16.49
9847,859,216,True,False,False,False,True,False,0,0,0.0,18.92
9848,1320,13,False,False,True,True,False,True,1,1,16857.05,18.01
9849,992,30,True,True,True,False,False,True,1,4,113974.4,10.96
9850,712,29,False,False,True,True,True,False,1,4,8520.4,22.16
9851,286,47,False,False,True,False,True,False,1,2,26466.0,21.57
9852,513,292,False,False,True,True,False,True,1,3,91008.6,14.1
9853,1274,220,False,False,False,True,False,False,0,0,0.0,13.92
9854,325,200,False,True,True,True,True,True,1,3,55020.0,6.1
9855,985,210,True,True,False,False,True,True,1,1,40811.05,11.64
9856,728,11,False,True,True,False,True,False,1,2,37675.1,7.73
9857,482,64,True,True,True,False,True,False,1,1,2864.0,5.35
9858,1075,239,True,True,True,True,True,True,1,1,6475.0,11.45
9859,544,139,False,True,True,False,True,False,0,0,0.0,21.73
9860,431,153,True,False,False,False,False,False,0,0,0.0,22.14
9861,794,226,True,True,True,False,True,False,1,2,13602.0,4.63
9862,1137,23,False,False,True,False,True,False,1,1,28178.1,16.74
9863,1297,240,False,False,True,True,False,True,1,4,53385.2,21.08
9864,945,205,False,False,False,False,True,True,1,1,29217.75,19.18
9865,993,122,False,False,False,False,True,False,0,0,0.0,14.56
9866,1182,150,True,False,False,False,False,False,1,1,23288.0,7.95
9867,404,23,False,True,True,False,True,True,1,1,28178.1,9.07
9868,377,62,False,False,False,True,True,False,0,0,0.0,19.87
9869,726,74,False,True,False,False,True,True,1,2,9466.8,1.0
9870,947,264,False,True,False,False,False,True,0,0,0.0,7.63
9871,969,34,False,False,False,True,True,True,0,0,0.0,21.33
9872,231,88,True,False,False,False,False,False,0,0,0.0,19.1
9873,1171,40,True,True,False,False,True,True,1,2,14456.4,11.54
9874,546,86,False,False,False,True,False,True,0,0,0.0,13.96
9875,1316,4,True,True,False,False,False,True,0,0,0.0,21.19
9876,1087,82,True,True,True,False,True,True,1,1,16268.15,2.96
9877,1475,218,True,True,False,False,True,True,1,3,7978.95,2.94
9878,948,231,False,True,True,True,True,True,1,2,81525.2,6.97
9879,792,114,True,True,True,True,False,True,1,2,89000.2,10.2
9880,282,212,True,False,True,True,False,False,1,2,55979.2,8.6
9881,598,186,True,False,True,False,False,False,1,1,29140.55,10.85
9882,1288,271,False,False,True,True,False,True,0,0,0.0,23.14
9883,574,242,True,False,False,False,True,False,1,1,32501.0,5.57
9884,81,69,False,True,False,True,True,True,1,1,17437.25,3.4
9885,368,177,False,False,False,True,True,False,1,2,63889.0,24.62
9886,893,236,True,False,False,True,False,True,0,0,0.0,20.35
9887,944,92,False,False,True,True,False,False,1,1,29585.85,21.12
9888,1476,172,True,False,False,False,False,True,1,1,30838.6,7.82
9889,1401,121,True,True,False,True,False,False,1,1,24879.8,9.26
9890,798,93,False,False,True,False,False,False,1,2,52547.6,18.47
9891,832,60,True,True,False,False,True,False,1,1,24924.9,5.08
9892,1202,11,True,False,True,False,False,True,1,4,75370.2,10.21
9893,73,225,False,False,False,True,False,True,0,0,0.0,18.45
9894,893,246,False,False,False,True,True,True,1,4,18914.2,29.4
9895,712,196,True,True,False,False,False,False,0,0,0.0,15.24
9896,1175,73,False,False,True,False,False,False,0,0,0.0,13.2
9897,1201,6,False,True,False,True,False,False,1,2,4594.0,5.63
9898,984,190,False,False,True,False,True,True,1,1,16903.8,17.38
9899,986,60,True,True,True,True,True,False,1,3,74774.7,13.02
9900,1037,165,False,False,True,True,False,True,0,0,0.0,10.91
9901,871,292,False,False,True,True,True,False,1,1,30331.2,19.53
9902,342,2,False,False,True,True,True,True,1,2,27280.8,22.94
9903,427,174,True,True,False,False,False,False,1,1,11834.6,7.62
9904,1113,299,False,True,True,False,False,False,0,0,0.0,24.53
9905,928,101,True,True,False,True,True,False,1,2,45216.0,10.04
9906,357,245,True,True,True,True,False,False,1,1,33368.0,12.06
9907,1317,249,True,False,False,False,False,True,1,1,4943.75,9.38
9908,1471,146,False,True,True,True,True,True,1,2,34986.0,2.44
9909,940,93,False,True,True,True,False,False,0,0,0.0,29.93
9910,342,205,False,True,True,False,False,True,1,2,58445.5,8.05
9911,1408,186,True,False,False,False,True,True,1,1,29135.55,8.64
9912,356,143,False,False,True,False,False,True,0,0,0.0,19.83
9913,649,58,False,True,False,False,False,False,0,0,0.0,24.75
9914,1289,224,True,False,False,False,True,False,0,0,0.0,24.03
9915,782,64,False,True,True,False,False,False,1,2,5738.0,3.85
9916,365,41,False,False,True,False,True,False,1,1,41603.35,12.1
9917,121,21,True,False,False,False,True,True,1,1,14954.4,9.63
9918,542,134,False,False,False,True,False,True,1,1,13344.05,11.76
9919,1009,37,True,True,True,False,False,False,1,1,39986.6,6.07
9920,1072,101,False,True,False,False,True,False,1,1,22608.0,9.7
9921,335,73,False,True,True,False,True,True,1,2,3640.0,13.26
9922,239,138,False,False,True,False,False,False,0,0,0.0,21.75
9923,1053,234,False,True,False,True,False,False,0,0,0.0,15.2
9924,239,136,True,True,True,False,True,False,1,1,6780.6,9.21
9925,97,168,True,True,True,False,True,False,0,0,0.0,18.29
9926,730,43,False,False,True,False,True,True,1,2,38642.4,18.47
9927,857,34,True,False,False,False,False,True,1,3,68531.7,9.35
9928,366,293,True,True,False,True,True,False,1,4,138862.8,9.65
9929,317,186,True,False,False,False,True,False,0,0,0.0,20.77
9930,354,5,True,False,True,False,False,False,1,1,5775.65,10.47
9931,515,170,False,False,True,False,True,False,1,1,33404.25,16.93
9932,14,4,False,False,False,False,False,False,0,0,0.0,18.43
9933,18,24,True,True,True,False,False,False,1,2,15324.4,3.03
9934,556,113,True,False,False,False,True,True,1,3,78629.25,10.76
9935,30,197,False,False,True,True,True,False,1,4,8139.6,21.3
9936,478,187,False,True,True,False,False,False,1,4,70298.0,13.71
9937,872,238,True,False,False,False,True,True,1,3,69930.0,13.91
9938,47,54,True,True,True,False,False,False,1,1,39409.1,1.61
9939,927,58,True,True,True,False,False,False,1,1,29321.5,3.07
9940,932,160,False,False,True,False,True,True,1,3,55404.0,11.13
9941,861,261,False,False,True,True,False,False,1,3,68057.4,15.76
9942,940,217,True,True,True,False,False,False,1,1,31483.3,9.82
9943,1214,201,False,True,True,False,False,False,0,0,0.0,7.11
9944,107,29,False,True,False,False,False,False,1,4,8540.4,2.27
9945,254,264,False,True,False,False,True,False,0,0,0.0,18.59
9946,476,296,False,True,False,True,True,False,0,0,0.0,26.37
9947,1033,175,False,False,False,False,True,False,0,0,0.0,20.95
9948,1310,102,False,True,False,True,True,True,1,3,31697.7,11.08
9949,1378,199,True,False,True,True,True,True,1,1,18588.0,3.57
9950,874,193,False,True,True,False,False,False,0,0,0.0,21.64
9951,616,279,False,False,False,False,True,False,1,2,30229.2,19.26
9952,618,34,True,True,True,False,False,True,1,2,45687.8,5.72
9953,90,155,True,True,True,False,True,False,1,1,31132.8,5.25
9954,698,213,True,True,False,False,True,False,1,1,17562.0,13.49
9955,770,105,True,True,False,False,False,False,0,0,0.0,16.99
9956,313,253,True,False,False,False,True,False,1,1,12324.2,11.37
9957,1152,20,True,False,False,False,True,True,1,1,12977.0,9.84
9958,1218,32,False,True,True,False,False,True,0,0,0.0,22.19
9959,454,238,False,False,True,True,True,False,1,1,23310.0,13.51
9960,1372,38,False,True,False,False,True,False,1,1,22353.75,1.0
9961,161,126,False,False,False,True,True,True,0,0,0.0,18.33
9962,1366,85,True,False,False,True,True,False,1,1,15184.0,8.6
9963,1153,207,False,False,True,False,True,False,0,0,0.0,8.58
9964,336,4,True,False,False,False,False,False,1,2,70690.0,5.98
9965,976,108,False,True,False,False,True,True,0,0,0.0,16.62
9966,467,296,True,False,False,True,True,False,1,2,37286.0,8.91
9967,1200,111,True,True,False,False,False,False,1,1,16595.3,8.5
9968,241,180,False,False,False,False,True,True,1,4,54904.8,22.2
9969,368,297,False,False,True,False,False,False,0,0,0.0,25.23
9970,461,183,False,False,False,False,False,False,0,0,0.0,17.93
9971,300,227,False,True,False,False,True,True,1,1,39295.8,5.83
9972,500,288,False,True,False,False,False,False,1,4,135152.8,17.22
9973,904,186,True,False,False,False,True,False,0,0,0.0,10.0
9974,950,250,False,False,True,False,True,False,1,1,39026.7,21.19
9975,831,153,True,True,False,True,True,True,1,1,8000.4,6.52
9976,285,245,True,True,False,True,True,False,1,1,33363.0,1.0
9977,304,193,True,True,False,False,True,False,1,1,15862.4,1.43
9978,1380,102,True,True,False,False,False,True,1,3,31712.7,9.31
9979,378,168,True,True,True,False,True,False,0,0,0.0,14.87
9980,155,101,False,True,False,False,False,False,0,0,0.0,20.92
9981,681,120,False,False,False,False,False,True,1,3,63267.9,24.79
9982,11,88,False,True,False,False,False,False,0,0,0.0,21.11
9983,514,148,True,False,False,True,True,False,1,1,25943.4,12.16
9984,1283,105,False,False,False,False,True,False,0,0,0.0,12.84
9985,402,188,True,False,True,False,False,True,0,0,0.0,21.92
9986,1056,111,True,True,False,False,True,False,1,2,33180.6,10.85
9987,735,148,False,False,False,True,False,False,0,0,0.0,20.56
9988,534,43,True,True,True,False,True,False,1,1,19321.2,9.49
9989,993,116,False,False,False,False,True,False,1,1,14924.0,15.81
9990,894,107,False,False,True,False,False,True,1,4,3559.2,25.12
9991,478,289,False,True,False,False,False,True,1,1,26767.0,4.15
9992,336,135,True,False,True,False,False,False,0,0,0.0,14.32
9993,1376,7,True,True,False,False,False,True,1,1,566.6,10.66
9994,253,93,False,True,True,True,True,True,1,2,52537.6,6.65
9995,1440,219,True,True,True,False,False,True,1,1,19667.3,18.89
9996,707,50,True,False,False,True,True,True,1,3,32551.2,2.13
9997,1496,49,False,False,False,False,False,True,1,3,63919.8,13.3
9998,530,113,False,True,False,False,False,False,1,2,52429.5,8.27
9999,849,108,False,False,True,False,False,False,1,1,23236.2,21.8
10000,923,145,False,False,False,True,False,True,0,0,0.0,24.95
